product_id,algorithm_name,implementation_name,software_name,implementation_type,implementation_url,verification_status,notes,implementation_url_quality,date_stamp,confidence_score
aigis-reference-implementation,Aigis-enc-L1,Aigis Reference (CACR 2020),Aigis Reference Implementation,Reference,https://github.com/pqcrypto-cn/Aigis,Verified,,url_authoritative,2026-05-06,30
pqmagic-shanghai-jiao-tong-university,Aigis-enc-L1,PQMagic (Shanghai Jiao Tong University),,Reference,https://github.com/pqcrypto-cn/PQMagic,Verified,,url_authoritative,2026-05-06,30
aigis-reference-implementation,Aigis-enc-L5,Aigis Reference (CACR 2020),Aigis Reference Implementation,Reference,https://github.com/pqcrypto-cn/Aigis,Verified,,url_authoritative,2026-05-06,30
pqmagic-shanghai-jiao-tong-university,Aigis-enc-L5,PQMagic (Shanghai Jiao Tong University),,Reference,https://github.com/pqcrypto-cn/PQMagic,Verified,,url_authoritative,2026-05-06,30
aigis-reference-implementation,Aigis-sig-L1,Aigis Reference (CACR 2020),Aigis Reference Implementation,Reference,https://github.com/pqcrypto-cn/Aigis,Verified,,url_authoritative,2026-05-06,30
pqmagic-shanghai-jiao-tong-university,Aigis-sig-L1,PQMagic (Shanghai Jiao Tong University),,Reference,https://github.com/pqcrypto-cn/PQMagic,Verified,,url_authoritative,2026-05-06,30
aigis-reference-implementation,Aigis-sig-L5,Aigis Reference (CACR 2020),Aigis Reference Implementation,Reference,https://github.com/pqcrypto-cn/Aigis,Verified,,url_authoritative,2026-05-06,30
pqmagic-shanghai-jiao-tong-university,Aigis-sig-L5,PQMagic (Shanghai Jiao Tong University),,Reference,https://github.com/pqcrypto-cn/PQMagic,Verified,,url_authoritative,2026-05-06,30
aimer-reference-implementation,AIMer-128f,AIMer Reference Implementation,AIMer Reference Implementation,Reference,https://github.com/aimergithub/aimer,Verified,,url_authoritative,2026-05-06,30
kpqclean-korean-reference,AIMer-128f,KpqClean (Korean reference),,Reference,https://github.com/kpqc-cryptocraft/KpqClean,Verified,,url_authoritative,2026-05-06,30
aimer-reference-implementation,AIMer-192f,AIMer Reference Implementation,AIMer Reference Implementation,Reference,https://github.com/aimergithub/aimer,Verified,,url_authoritative,2026-05-06,30
kpqclean-korean-reference,AIMer-192f,KpqClean (Korean reference),,Reference,https://github.com/kpqc-cryptocraft/KpqClean,Verified,,url_authoritative,2026-05-06,30
aimer-reference-implementation,AIMer-256f,AIMer Reference Implementation,AIMer Reference Implementation,Reference,https://github.com/aimergithub/aimer,Verified,,url_authoritative,2026-05-06,30
kpqclean-korean-reference,AIMer-256f,KpqClean (Korean reference),,Reference,https://github.com/kpqc-cryptocraft/KpqClean,Verified,,url_authoritative,2026-05-06,30
bouncy-castle,Classic-McEliece-348864,Bouncy Castle (Java/C#),Bouncy Castle,Library,https://www.bouncycastle.org/,Verified,,url_needs_review,2026-05-06,30
classic-mceliece-reference,Classic-McEliece-348864,Classic McEliece Reference,,Reference,https://classic.mceliece.org/,Verified,,url_needs_review,2026-05-06,30
liboqs,Classic-McEliece-348864,liboqs (Open Quantum Safe),liboqs,Library,https://github.com/open-quantum-safe/liboqs,Verified,,url_authoritative,2026-05-06,30
oqs-provider,Classic-McEliece-348864,oqs-provider (OpenSSL 3 plugin),oqs-provider,Library,https://github.com/open-quantum-safe/oqs-provider,Verified,,url_authoritative,2026-05-06,30
pqclean,Classic-McEliece-348864,PQClean,PQClean,Library,https://github.com/PQClean/PQClean,Verified,,url_authoritative,2026-05-06,30
bouncy-castle,Classic-McEliece-460896,Bouncy Castle (Java/C#),Bouncy Castle,Library,https://www.bouncycastle.org/,Verified,,url_needs_review,2026-05-06,30
classic-mceliece-reference,Classic-McEliece-460896,Classic McEliece Reference,,Reference,https://classic.mceliece.org/,Verified,,url_needs_review,2026-05-06,30
liboqs,Classic-McEliece-460896,liboqs (Open Quantum Safe),liboqs,Library,https://github.com/open-quantum-safe/liboqs,Verified,,url_authoritative,2026-05-06,30
oqs-provider,Classic-McEliece-460896,oqs-provider (OpenSSL 3 plugin),oqs-provider,Library,https://github.com/open-quantum-safe/oqs-provider,Verified,,url_authoritative,2026-05-06,30
pqclean,Classic-McEliece-460896,PQClean,PQClean,Library,https://github.com/PQClean/PQClean,Verified,,url_authoritative,2026-05-06,30
bouncy-castle,Classic-McEliece-8192128,Bouncy Castle (Java/C#),Bouncy Castle,Library,https://www.bouncycastle.org/,Verified,,url_needs_review,2026-05-06,30
classic-mceliece-reference,Classic-McEliece-8192128,Classic McEliece Reference,,Reference,https://classic.mceliece.org/,Verified,,url_needs_review,2026-05-06,30
liboqs,Classic-McEliece-8192128,liboqs (Open Quantum Safe),liboqs,Library,https://github.com/open-quantum-safe/liboqs,Verified,,url_authoritative,2026-05-06,30
oqs-provider,Classic-McEliece-8192128,oqs-provider (OpenSSL 3 plugin),oqs-provider,Library,https://github.com/open-quantum-safe/oqs-provider,Verified,,url_authoritative,2026-05-06,30
pqclean,Classic-McEliece-8192128,PQClean,PQClean,Library,https://github.com/PQClean/PQClean,Verified,,url_authoritative,2026-05-06,30
bouncy-castle,FN-DSA-1024,Bouncy Castle (Java/C#),Bouncy Castle,Library,https://www.bouncycastle.org/,Verified,,url_needs_review,2026-05-06,30
falcon-reference-implementation,FN-DSA-1024,Falcon Reference Implementation,,Reference,https://falcon-sign.info/,Verified,,url_needs_review,2026-05-06,30
liboqs,FN-DSA-1024,liboqs (Open Quantum Safe),liboqs,Library,https://github.com/open-quantum-safe/liboqs,Verified,,url_authoritative,2026-05-06,30
oqs-provider,FN-DSA-1024,oqs-provider (OpenSSL 3 plugin),oqs-provider,Library,https://github.com/open-quantum-safe/oqs-provider,Verified,,url_authoritative,2026-05-06,30
pqclean,FN-DSA-1024,PQClean,PQClean,Library,https://github.com/PQClean/PQClean,Verified,,url_authoritative,2026-05-06,30
wolfssl,FN-DSA-1024,wolfSSL / wolfCrypt,wolfSSL,Library,https://github.com/wolfSSL/wolfssl,Verified,,url_authoritative,2026-05-06,30
bouncy-castle,FN-DSA-512,Bouncy Castle (Java/C#),Bouncy Castle,Library,https://www.bouncycastle.org/,Verified,,url_needs_review,2026-05-06,30
falcon-reference-implementation,FN-DSA-512,Falcon Reference Implementation,,Reference,https://falcon-sign.info/,Verified,,url_needs_review,2026-05-06,30
liboqs,FN-DSA-512,liboqs (Open Quantum Safe),liboqs,Library,https://github.com/open-quantum-safe/liboqs,Verified,,url_authoritative,2026-05-06,30
oqs-provider,FN-DSA-512,oqs-provider (OpenSSL 3 plugin),oqs-provider,Library,https://github.com/open-quantum-safe/oqs-provider,Verified,,url_authoritative,2026-05-06,30
pqclean,FN-DSA-512,PQClean,PQClean,Library,https://github.com/PQClean/PQClean,Verified,,url_authoritative,2026-05-06,30
wolfssl,FN-DSA-512,wolfSSL / wolfCrypt,wolfSSL,Library,https://github.com/wolfSSL/wolfssl,Verified,,url_authoritative,2026-05-06,30
bouncy-castle,FrodoKEM-1344,Bouncy Castle (Java/C#),Bouncy Castle,Library,https://www.bouncycastle.org/,Verified,,url_needs_review,2026-05-06,30
liboqs,FrodoKEM-1344,liboqs (Open Quantum Safe),liboqs,Library,https://github.com/open-quantum-safe/liboqs,Verified,,url_authoritative,2026-05-06,30
microsoft-pqcrypto-lweke,FrodoKEM-1344,Microsoft PQCrypto-LWEKE,,Reference,https://github.com/microsoft/PQCrypto-LWEKE,Verified,,url_authoritative,2026-05-06,30
oqs-provider,FrodoKEM-1344,oqs-provider (OpenSSL 3 plugin),oqs-provider,Library,https://github.com/open-quantum-safe/oqs-provider,Verified,,url_authoritative,2026-05-06,30
pqclean,FrodoKEM-1344,PQClean,PQClean,Library,https://github.com/PQClean/PQClean,Verified,,url_authoritative,2026-05-06,30
bouncy-castle,FrodoKEM-640,Bouncy Castle (Java/C#),Bouncy Castle,Library,https://www.bouncycastle.org/,Verified,,url_needs_review,2026-05-06,30
liboqs,FrodoKEM-640,liboqs (Open Quantum Safe),liboqs,Library,https://github.com/open-quantum-safe/liboqs,Verified,,url_authoritative,2026-05-06,30
microsoft-pqcrypto-lweke,FrodoKEM-640,Microsoft PQCrypto-LWEKE,,Reference,https://github.com/microsoft/PQCrypto-LWEKE,Verified,,url_authoritative,2026-05-06,30
oqs-provider,FrodoKEM-640,oqs-provider (OpenSSL 3 plugin),oqs-provider,Library,https://github.com/open-quantum-safe/oqs-provider,Verified,,url_authoritative,2026-05-06,30
pqclean,FrodoKEM-640,PQClean,PQClean,Library,https://github.com/PQClean/PQClean,Verified,,url_authoritative,2026-05-06,30
bouncy-castle,FrodoKEM-976,Bouncy Castle (Java/C#),Bouncy Castle,Library,https://www.bouncycastle.org/,Verified,,url_needs_review,2026-05-06,30
liboqs,FrodoKEM-976,liboqs (Open Quantum Safe),liboqs,Library,https://github.com/open-quantum-safe/liboqs,Verified,,url_authoritative,2026-05-06,30
microsoft-pqcrypto-lweke,FrodoKEM-976,Microsoft PQCrypto-LWEKE,,Reference,https://github.com/microsoft/PQCrypto-LWEKE,Verified,,url_authoritative,2026-05-06,30
oqs-provider,FrodoKEM-976,oqs-provider (OpenSSL 3 plugin),oqs-provider,Library,https://github.com/open-quantum-safe/oqs-provider,Verified,,url_authoritative,2026-05-06,30
pqclean,FrodoKEM-976,PQClean,PQClean,Library,https://github.com/PQClean/PQClean,Verified,,url_authoritative,2026-05-06,30
haetae-reference-implementation,HAETAE-2,HAETAE Reference Implementation,HAETAE Reference Implementation,Reference,https://github.com/kpqc-cryptocraft/HAETAE,Verified,,url_authoritative,2026-05-06,30
kpqclean-korean-reference,HAETAE-2,KpqClean (Korean reference),,Reference,https://github.com/kpqc-cryptocraft/KpqClean,Verified,,url_authoritative,2026-05-06,30
haetae-reference-implementation,HAETAE-3,HAETAE Reference Implementation,HAETAE Reference Implementation,Reference,https://github.com/kpqc-cryptocraft/HAETAE,Verified,,url_authoritative,2026-05-06,30
kpqclean-korean-reference,HAETAE-3,KpqClean (Korean reference),,Reference,https://github.com/kpqc-cryptocraft/KpqClean,Verified,,url_authoritative,2026-05-06,30
haetae-reference-implementation,HAETAE-5,HAETAE Reference Implementation,HAETAE Reference Implementation,Reference,https://github.com/kpqc-cryptocraft/HAETAE,Verified,,url_authoritative,2026-05-06,30
kpqclean-korean-reference,HAETAE-5,KpqClean (Korean reference),,Reference,https://github.com/kpqc-cryptocraft/KpqClean,Verified,,url_authoritative,2026-05-06,30
hawk-reference-implementation,HAWK-1024,HAWK Reference Implementation,,Reference,https://hawk-sign.info/,Verified,,url_needs_review,2026-05-06,30
liboqs,HAWK-1024,liboqs (Open Quantum Safe),liboqs,Library,https://github.com/open-quantum-safe/liboqs,Verified,,url_authoritative,2026-05-06,30
hawk-reference-implementation,HAWK-512,HAWK Reference Implementation,,Reference,https://hawk-sign.info/,Verified,,url_needs_review,2026-05-06,30
liboqs,HAWK-512,liboqs (Open Quantum Safe),liboqs,Library,https://github.com/open-quantum-safe/liboqs,Verified,,url_authoritative,2026-05-06,30
bouncy-castle,HQC-128,Bouncy Castle (Java/C#),Bouncy Castle,Library,https://www.bouncycastle.org/,Verified,,url_needs_review,2026-05-06,30
hqc-reference-implementation,HQC-128,HQC Reference Implementation,,Reference,https://pqc-hqc.org/,Verified,,url_needs_review,2026-05-06,30
liboqs,HQC-128,liboqs (Open Quantum Safe),liboqs,Library,https://github.com/open-quantum-safe/liboqs,Verified,,url_authoritative,2026-05-06,30
oqs-provider,HQC-128,oqs-provider (OpenSSL 3 plugin),oqs-provider,Library,https://github.com/open-quantum-safe/oqs-provider,Verified,,url_authoritative,2026-05-06,30
pqclean,HQC-128,PQClean,PQClean,Library,https://github.com/PQClean/PQClean,Verified,,url_authoritative,2026-05-06,30
bouncy-castle,HQC-192,Bouncy Castle (Java/C#),Bouncy Castle,Library,https://www.bouncycastle.org/,Verified,,url_needs_review,2026-05-06,30
hqc-reference-implementation,HQC-192,HQC Reference Implementation,,Reference,https://pqc-hqc.org/,Verified,,url_needs_review,2026-05-06,30
liboqs,HQC-192,liboqs (Open Quantum Safe),liboqs,Library,https://github.com/open-quantum-safe/liboqs,Verified,,url_authoritative,2026-05-06,30
oqs-provider,HQC-192,oqs-provider (OpenSSL 3 plugin),oqs-provider,Library,https://github.com/open-quantum-safe/oqs-provider,Verified,,url_authoritative,2026-05-06,30
pqclean,HQC-192,PQClean,PQClean,Library,https://github.com/PQClean/PQClean,Verified,,url_authoritative,2026-05-06,30
bouncy-castle,HQC-256,Bouncy Castle (Java/C#),Bouncy Castle,Library,https://www.bouncycastle.org/,Verified,,url_needs_review,2026-05-06,30
hqc-reference-implementation,HQC-256,HQC Reference Implementation,,Reference,https://pqc-hqc.org/,Verified,,url_needs_review,2026-05-06,30
liboqs,HQC-256,liboqs (Open Quantum Safe),liboqs,Library,https://github.com/open-quantum-safe/liboqs,Verified,,url_authoritative,2026-05-06,30
oqs-provider,HQC-256,oqs-provider (OpenSSL 3 plugin),oqs-provider,Library,https://github.com/open-quantum-safe/oqs-provider,Verified,,url_authoritative,2026-05-06,30
pqclean,HQC-256,PQClean,PQClean,Library,https://github.com/PQClean/PQClean,Verified,,url_authoritative,2026-05-06,30
bouncy-castle,LMS-SHA256 (H20/W8),Bouncy Castle (Java/C#),Bouncy Castle,Library,https://www.bouncycastle.org/,Verified,,url_needs_review,2026-05-06,30
hash-sigs-cisco-reference,LMS-SHA256 (H20/W8),hash-sigs (Cisco reference),,Reference,https://github.com/cisco/hash-sigs,Verified,,url_authoritative,2026-05-06,30
hbs-lms,LMS-SHA256 (H20/W8),hbs-lms,hbs-lms,Library,https://github.com/world-of-crytek/hbs-lms,Verified,Used in app SBOM,url_authoritative,2026-05-06,30
liboqs,LMS-SHA256 (H20/W8),liboqs (Open Quantum Safe),liboqs,Library,https://github.com/open-quantum-safe/liboqs,Verified,,url_authoritative,2026-05-06,30
microsoft-symcrypt,LMS-SHA256 (H20/W8),Microsoft SymCrypt,Microsoft SymCrypt,Library,https://github.com/microsoft/SymCrypt,Verified,Ships in Windows 11 + Windows Server 2025,url_authoritative,2026-05-06,30
wolfssl,LMS-SHA256 (H20/W8),wolfSSL / wolfCrypt LMS,wolfSSL,Library,https://github.com/wolfSSL/wolfssl,Verified,,url_authoritative,2026-05-06,30
liboqs,MAYO-1,liboqs (Open Quantum Safe),liboqs,Library,https://github.com/open-quantum-safe/liboqs,Verified,,url_authoritative,2026-05-06,30
mayo-reference-implementation,MAYO-1,MAYO Reference Implementation,MAYO Reference Implementation,Reference,https://github.com/PQCMayo/MAYO-C,Verified,,url_authoritative,2026-05-06,30
pqclean,MAYO-1,PQClean,PQClean,Library,https://github.com/PQClean/PQClean,Verified,,url_authoritative,2026-05-06,30
liboqs,MAYO-2,liboqs (Open Quantum Safe),liboqs,Library,https://github.com/open-quantum-safe/liboqs,Verified,,url_authoritative,2026-05-06,30
mayo-reference-implementation,MAYO-2,MAYO Reference Implementation,MAYO Reference Implementation,Reference,https://github.com/PQCMayo/MAYO-C,Verified,,url_authoritative,2026-05-06,30
pqclean,MAYO-2,PQClean,PQClean,Library,https://github.com/PQClean/PQClean,Verified,,url_authoritative,2026-05-06,30
liboqs,MAYO-3,liboqs (Open Quantum Safe),liboqs,Library,https://github.com/open-quantum-safe/liboqs,Verified,,url_authoritative,2026-05-06,30
mayo-reference-implementation,MAYO-3,MAYO Reference Implementation,MAYO Reference Implementation,Reference,https://github.com/PQCMayo/MAYO-C,Verified,,url_authoritative,2026-05-06,30
pqclean,MAYO-3,PQClean,PQClean,Library,https://github.com/PQClean/PQClean,Verified,,url_authoritative,2026-05-06,30
liboqs,MAYO-5,liboqs (Open Quantum Safe),liboqs,Library,https://github.com/open-quantum-safe/liboqs,Verified,,url_authoritative,2026-05-06,30
mayo-reference-implementation,MAYO-5,MAYO Reference Implementation,MAYO Reference Implementation,Reference,https://github.com/PQCMayo/MAYO-C,Verified,,url_authoritative,2026-05-06,30
pqclean,MAYO-5,PQClean,PQClean,Library,https://github.com/PQClean/PQClean,Verified,,url_authoritative,2026-05-06,30
aws-lc,ML-DSA-44,AWS-LC (FIPS 140-3 validated),AWS-LC,Library,https://github.com/aws/aws-lc,Verified,,url_authoritative,2026-05-06,30
boringssl,ML-DSA-44,BoringSSL (Google),BoringSSL,Library,https://boringssl.googlesource.com/boringssl/,Verified,,url_needs_review,2026-05-06,30
bouncy-castle,ML-DSA-44,Bouncy Castle (Java/C#),Bouncy Castle,Library,https://www.bouncycastle.org/,Verified,,url_needs_review,2026-05-06,30
circl,ML-DSA-44,CIRCL (Cloudflare Go),CIRCL,Library,https://github.com/cloudflare/circl,Verified,,url_authoritative,2026-05-06,30
liboqs,ML-DSA-44,liboqs (Open Quantum Safe),liboqs,Library,https://github.com/open-quantum-safe/liboqs,Verified,,url_authoritative,2026-05-06,30
microsoft-symcrypt,ML-DSA-44,Microsoft SymCrypt,Microsoft SymCrypt,Library,https://github.com/microsoft/SymCrypt,Verified,Ships in Windows 11 + Windows Server 2025,url_authoritative,2026-05-06,30
openssl,ML-DSA-44,OpenSSL 3.5+,OpenSSL,Library,https://github.com/openssl/openssl,Verified,,url_authoritative,2026-05-06,30
oqs-provider,ML-DSA-44,oqs-provider (OpenSSL 3 plugin),oqs-provider,Library,https://github.com/open-quantum-safe/oqs-provider,Verified,,url_authoritative,2026-05-06,30
pqcl-nist-reference,ML-DSA-44,PQCL (NIST reference),,Reference,https://github.com/pq-crystals/dilithium,Verified,,url_authoritative,2026-05-06,30
pqclean,ML-DSA-44,PQClean,PQClean,Library,https://github.com/PQClean/PQClean,Verified,,url_authoritative,2026-05-06,30
pqcrypto,ML-DSA-44,pqcrypto (Rust crate),pqcrypto,Library,https://github.com/nicgrobler/pqcrypto,Verified,,url_authoritative,2026-05-06,30
rustcrypto-ml-dsa-2,ML-DSA-44,RustCrypto ML-DSA,RustCrypto ML-DSA,Library,https://github.com/RustCrypto/signatures,Verified,Used in app SBOM,url_authoritative,2026-05-06,30
wolfssl,ML-DSA-44,wolfSSL / wolfCrypt,wolfSSL,Library,https://github.com/wolfSSL/wolfssl,Verified,,url_authoritative,2026-05-06,30
aws-lc,ML-DSA-65,AWS-LC (FIPS 140-3 validated),AWS-LC,Library,https://github.com/aws/aws-lc,Verified,,url_authoritative,2026-05-06,30
boringssl,ML-DSA-65,BoringSSL (Google),BoringSSL,Library,https://boringssl.googlesource.com/boringssl/,Verified,,url_needs_review,2026-05-06,30
bouncy-castle,ML-DSA-65,Bouncy Castle (Java/C#),Bouncy Castle,Library,https://www.bouncycastle.org/,Verified,,url_needs_review,2026-05-06,30
circl,ML-DSA-65,CIRCL (Cloudflare Go),CIRCL,Library,https://github.com/cloudflare/circl,Verified,,url_authoritative,2026-05-06,30
liboqs,ML-DSA-65,liboqs (Open Quantum Safe),liboqs,Library,https://github.com/open-quantum-safe/liboqs,Verified,,url_authoritative,2026-05-06,30
microsoft-symcrypt,ML-DSA-65,Microsoft SymCrypt,Microsoft SymCrypt,Library,https://github.com/microsoft/SymCrypt,Verified,Ships in Windows 11 + Windows Server 2025,url_authoritative,2026-05-06,30
openssl,ML-DSA-65,OpenSSL 3.5+,OpenSSL,Library,https://github.com/openssl/openssl,Verified,,url_authoritative,2026-05-06,30
oqs-provider,ML-DSA-65,oqs-provider (OpenSSL 3 plugin),oqs-provider,Library,https://github.com/open-quantum-safe/oqs-provider,Verified,,url_authoritative,2026-05-06,30
pqcl-nist-reference,ML-DSA-65,PQCL (NIST reference),,Reference,https://github.com/pq-crystals/dilithium,Verified,,url_authoritative,2026-05-06,30
pqclean,ML-DSA-65,PQClean,PQClean,Library,https://github.com/PQClean/PQClean,Verified,,url_authoritative,2026-05-06,30
pqcrypto,ML-DSA-65,pqcrypto (Rust crate),pqcrypto,Library,https://github.com/nicgrobler/pqcrypto,Verified,,url_authoritative,2026-05-06,30
rustcrypto-ml-dsa-2,ML-DSA-65,RustCrypto ML-DSA,RustCrypto ML-DSA,Library,https://github.com/RustCrypto/signatures,Verified,Used in app SBOM,url_authoritative,2026-05-06,30
wolfssl,ML-DSA-65,wolfSSL / wolfCrypt,wolfSSL,Library,https://github.com/wolfSSL/wolfssl,Verified,,url_authoritative,2026-05-06,30
aws-lc,ML-DSA-87,AWS-LC (FIPS 140-3 validated),AWS-LC,Library,https://github.com/aws/aws-lc,Verified,,url_authoritative,2026-05-06,30
boringssl,ML-DSA-87,BoringSSL (Google),BoringSSL,Library,https://boringssl.googlesource.com/boringssl/,Verified,,url_needs_review,2026-05-06,30
bouncy-castle,ML-DSA-87,Bouncy Castle (Java/C#),Bouncy Castle,Library,https://www.bouncycastle.org/,Verified,,url_needs_review,2026-05-06,30
circl,ML-DSA-87,CIRCL (Cloudflare Go),CIRCL,Library,https://github.com/cloudflare/circl,Verified,,url_authoritative,2026-05-06,30
liboqs,ML-DSA-87,liboqs (Open Quantum Safe),liboqs,Library,https://github.com/open-quantum-safe/liboqs,Verified,,url_authoritative,2026-05-06,30
microsoft-symcrypt,ML-DSA-87,Microsoft SymCrypt,Microsoft SymCrypt,Library,https://github.com/microsoft/SymCrypt,Verified,Ships in Windows 11 + Windows Server 2025,url_authoritative,2026-05-06,30
openssl,ML-DSA-87,OpenSSL 3.5+,OpenSSL,Library,https://github.com/openssl/openssl,Verified,,url_authoritative,2026-05-06,30
oqs-provider,ML-DSA-87,oqs-provider (OpenSSL 3 plugin),oqs-provider,Library,https://github.com/open-quantum-safe/oqs-provider,Verified,,url_authoritative,2026-05-06,30
pqcl-nist-reference,ML-DSA-87,PQCL (NIST reference),,Reference,https://github.com/pq-crystals/dilithium,Verified,,url_authoritative,2026-05-06,30
pqclean,ML-DSA-87,PQClean,PQClean,Library,https://github.com/PQClean/PQClean,Verified,,url_authoritative,2026-05-06,30
pqcrypto,ML-DSA-87,pqcrypto (Rust crate),pqcrypto,Library,https://github.com/nicgrobler/pqcrypto,Verified,,url_authoritative,2026-05-06,30
rustcrypto-ml-dsa-2,ML-DSA-87,RustCrypto ML-DSA,RustCrypto ML-DSA,Library,https://github.com/RustCrypto/signatures,Verified,Used in app SBOM,url_authoritative,2026-05-06,30
wolfssl,ML-DSA-87,wolfSSL / wolfCrypt,wolfSSL,Library,https://github.com/wolfSSL/wolfssl,Verified,,url_authoritative,2026-05-06,30
aws-lc,ML-KEM-1024,AWS-LC (FIPS 140-3 validated),AWS-LC,Library,https://github.com/aws/aws-lc,Verified,,url_authoritative,2026-05-06,30
boringssl,ML-KEM-1024,BoringSSL (Google),BoringSSL,Library,https://boringssl.googlesource.com/boringssl/,Verified,,url_needs_review,2026-05-06,30
bouncy-castle,ML-KEM-1024,Bouncy Castle (Java/C#),Bouncy Castle,Library,https://www.bouncycastle.org/,Verified,,url_needs_review,2026-05-06,30
circl,ML-KEM-1024,CIRCL (Cloudflare Go),CIRCL,Library,https://github.com/cloudflare/circl,Verified,,url_authoritative,2026-05-06,30
liboqs,ML-KEM-1024,liboqs (Open Quantum Safe),liboqs,Library,https://github.com/open-quantum-safe/liboqs,Verified,,url_authoritative,2026-05-06,30
microsoft-symcrypt,ML-KEM-1024,Microsoft SymCrypt,Microsoft SymCrypt,Library,https://github.com/microsoft/SymCrypt,Verified,Ships in Windows 11 + Windows Server 2025,url_authoritative,2026-05-06,30
openssl,ML-KEM-1024,OpenSSL 3.5+,OpenSSL,Library,https://github.com/openssl/openssl,Verified,,url_authoritative,2026-05-06,30
oqs-provider,ML-KEM-1024,oqs-provider (OpenSSL 3 plugin),oqs-provider,Library,https://github.com/open-quantum-safe/oqs-provider,Verified,,url_authoritative,2026-05-06,30
pqcl-nist-reference,ML-KEM-1024,PQCL (NIST reference),,Reference,https://github.com/pq-crystals/kyber,Verified,,url_authoritative,2026-05-06,30
pqclean,ML-KEM-1024,PQClean,PQClean,Library,https://github.com/PQClean/PQClean,Verified,,url_authoritative,2026-05-06,30
pqcrypto,ML-KEM-1024,pqcrypto (Rust crate),pqcrypto,Library,https://github.com/nicgrobler/pqcrypto,Verified,,url_authoritative,2026-05-06,30
rustcrypto-ml-kem-2,ML-KEM-1024,RustCrypto ML-KEM,RustCrypto ML-KEM,Library,https://github.com/RustCrypto/KEMs,Verified,Used in app SBOM,url_authoritative,2026-05-06,30
wolfssl,ML-KEM-1024,wolfSSL / wolfCrypt,wolfSSL,Library,https://github.com/wolfSSL/wolfssl,Verified,,url_authoritative,2026-05-06,30
aws-lc,ML-KEM-512,AWS-LC (FIPS 140-3 validated),AWS-LC,Library,https://github.com/aws/aws-lc,Verified,,url_authoritative,2026-05-06,30
boringssl,ML-KEM-512,BoringSSL (Google),BoringSSL,Library,https://boringssl.googlesource.com/boringssl/,Verified,,url_needs_review,2026-05-06,30
bouncy-castle,ML-KEM-512,Bouncy Castle (Java/C#),Bouncy Castle,Library,https://www.bouncycastle.org/,Verified,,url_needs_review,2026-05-06,30
circl,ML-KEM-512,CIRCL (Cloudflare Go),CIRCL,Library,https://github.com/cloudflare/circl,Verified,,url_authoritative,2026-05-06,30
liboqs,ML-KEM-512,liboqs (Open Quantum Safe),liboqs,Library,https://github.com/open-quantum-safe/liboqs,Verified,,url_authoritative,2026-05-06,30
microsoft-symcrypt,ML-KEM-512,Microsoft SymCrypt,Microsoft SymCrypt,Library,https://github.com/microsoft/SymCrypt,Verified,Ships in Windows 11 + Windows Server 2025,url_authoritative,2026-05-06,30
openssl,ML-KEM-512,OpenSSL 3.5+,OpenSSL,Library,https://github.com/openssl/openssl,Verified,,url_authoritative,2026-05-06,30
oqs-provider,ML-KEM-512,oqs-provider (OpenSSL 3 plugin),oqs-provider,Library,https://github.com/open-quantum-safe/oqs-provider,Verified,,url_authoritative,2026-05-06,30
pqcl-nist-reference,ML-KEM-512,PQCL (NIST reference),,Reference,https://github.com/pq-crystals/kyber,Verified,,url_authoritative,2026-05-06,30
pqclean,ML-KEM-512,PQClean,PQClean,Library,https://github.com/PQClean/PQClean,Verified,,url_authoritative,2026-05-06,30
pqcrypto,ML-KEM-512,pqcrypto (Rust crate),pqcrypto,Library,https://github.com/nicgrobler/pqcrypto,Verified,,url_authoritative,2026-05-06,30
rustcrypto-ml-kem-2,ML-KEM-512,RustCrypto ML-KEM,RustCrypto ML-KEM,Library,https://github.com/RustCrypto/KEMs,Verified,Used in app SBOM,url_authoritative,2026-05-06,30
wolfssl,ML-KEM-512,wolfSSL / wolfCrypt,wolfSSL,Library,https://github.com/wolfSSL/wolfssl,Verified,,url_authoritative,2026-05-06,30
aws-lc,ML-KEM-768,AWS-LC (FIPS 140-3 validated),AWS-LC,Library,https://github.com/aws/aws-lc,Verified,,url_authoritative,2026-05-06,30
boringssl,ML-KEM-768,BoringSSL (Google),BoringSSL,Library,https://boringssl.googlesource.com/boringssl/,Verified,,url_needs_review,2026-05-06,30
bouncy-castle,ML-KEM-768,Bouncy Castle (Java/C#),Bouncy Castle,Library,https://www.bouncycastle.org/,Verified,,url_needs_review,2026-05-06,30
circl,ML-KEM-768,CIRCL (Cloudflare Go),CIRCL,Library,https://github.com/cloudflare/circl,Verified,,url_authoritative,2026-05-06,30
liboqs,ML-KEM-768,liboqs (Open Quantum Safe),liboqs,Library,https://github.com/open-quantum-safe/liboqs,Verified,,url_authoritative,2026-05-06,30
microsoft-symcrypt,ML-KEM-768,Microsoft SymCrypt,Microsoft SymCrypt,Library,https://github.com/microsoft/SymCrypt,Verified,Ships in Windows 11 + Windows Server 2025,url_authoritative,2026-05-06,30
openssl,ML-KEM-768,OpenSSL 3.5+,OpenSSL,Library,https://github.com/openssl/openssl,Verified,,url_authoritative,2026-05-06,30
oqs-provider,ML-KEM-768,oqs-provider (OpenSSL 3 plugin),oqs-provider,Library,https://github.com/open-quantum-safe/oqs-provider,Verified,,url_authoritative,2026-05-06,30
pqcl-nist-reference,ML-KEM-768,PQCL (NIST reference),,Reference,https://github.com/pq-crystals/kyber,Verified,,url_authoritative,2026-05-06,30
pqclean,ML-KEM-768,PQClean,PQClean,Library,https://github.com/PQClean/PQClean,Verified,,url_authoritative,2026-05-06,30
pqcrypto,ML-KEM-768,pqcrypto (Rust crate),pqcrypto,Library,https://github.com/nicgrobler/pqcrypto,Verified,,url_authoritative,2026-05-06,30
rustcrypto-ml-kem-2,ML-KEM-768,RustCrypto ML-KEM,RustCrypto ML-KEM,Library,https://github.com/RustCrypto/KEMs,Verified,Used in app SBOM,url_authoritative,2026-05-06,30
wolfssl,ML-KEM-768,wolfSSL / wolfCrypt,wolfSSL,Library,https://github.com/wolfSSL/wolfssl,Verified,,url_authoritative,2026-05-06,30
kpqclean-korean-reference,NTRU+-1152,KpqClean (Korean reference),,Reference,https://github.com/kpqc-cryptocraft/KpqClean,Verified,,url_authoritative,2026-05-06,30
ntru-reference-implementation,NTRU+-1152,NTRU+ Reference Implementation,NTRU+ Reference Implementation,Reference,https://github.com/crypto-ntruplus/ntruplus,Verified,,url_authoritative,2026-05-06,30
kpqclean-korean-reference,NTRU+-1277,KpqClean (Korean reference),,Reference,https://github.com/kpqc-cryptocraft/KpqClean,Verified,,url_authoritative,2026-05-06,30
ntru-reference-implementation,NTRU+-1277,NTRU+ Reference Implementation,NTRU+ Reference Implementation,Reference,https://github.com/crypto-ntruplus/ntruplus,Verified,,url_authoritative,2026-05-06,30
kpqclean-korean-reference,NTRU+-768,KpqClean (Korean reference),,Reference,https://github.com/kpqc-cryptocraft/KpqClean,Verified,,url_authoritative,2026-05-06,30
ntru-reference-implementation,NTRU+-768,NTRU+ Reference Implementation,NTRU+ Reference Implementation,Reference,https://github.com/crypto-ntruplus/ntruplus,Verified,,url_authoritative,2026-05-06,30
aws-lc,SecP256r1MLKEM768,AWS-LC (s2n-tls),AWS-LC,Library,https://github.com/aws/aws-lc,Verified,,url_authoritative,2026-05-06,30
boringssl,SecP256r1MLKEM768,BoringSSL (Google Chrome),BoringSSL,Library,https://boringssl.googlesource.com/boringssl/,Verified,,url_needs_review,2026-05-06,30
circl,SecP256r1MLKEM768,CIRCL (Cloudflare Go),CIRCL,Library,https://github.com/cloudflare/circl,Verified,,url_authoritative,2026-05-06,30
cloudflare-pq-tls,SecP256r1MLKEM768,Cloudflare PQ TLS,,Library,https://blog.cloudflare.com/post-quantum-for-all/,Verified,,url_needs_review,2026-05-06,30
mozilla-nss,SecP256r1MLKEM768,Mozilla NSS (Firefox),Mozilla NSS,Library,https://wiki.mozilla.org/Security/CryptoEngineering,Verified,,url_needs_review,2026-05-06,30
oqs-provider,SecP256r1MLKEM768,oqs-provider (OpenSSL 3 plugin),oqs-provider,Library,https://github.com/open-quantum-safe/oqs-provider,Verified,,url_authoritative,2026-05-06,30
aws-lc,SecP384r1MLKEM1024,AWS-LC (s2n-tls),AWS-LC,Library,https://github.com/aws/aws-lc,Verified,,url_authoritative,2026-05-06,30
boringssl,SecP384r1MLKEM1024,BoringSSL (Google Chrome),BoringSSL,Library,https://boringssl.googlesource.com/boringssl/,Verified,,url_needs_review,2026-05-06,30
circl,SecP384r1MLKEM1024,CIRCL (Cloudflare Go),CIRCL,Library,https://github.com/cloudflare/circl,Verified,,url_authoritative,2026-05-06,30
cloudflare-pq-tls,SecP384r1MLKEM1024,Cloudflare PQ TLS,,Library,https://blog.cloudflare.com/post-quantum-for-all/,Verified,,url_needs_review,2026-05-06,30
mozilla-nss,SecP384r1MLKEM1024,Mozilla NSS (Firefox),Mozilla NSS,Library,https://wiki.mozilla.org/Security/CryptoEngineering,Verified,,url_needs_review,2026-05-06,30
oqs-provider,SecP384r1MLKEM1024,oqs-provider (OpenSSL 3 plugin),oqs-provider,Library,https://github.com/open-quantum-safe/oqs-provider,Verified,,url_authoritative,2026-05-06,30
bouncy-castle,SLH-DSA-SHA2-128f,Bouncy Castle (Java/C#),Bouncy Castle,Library,https://www.bouncycastle.org/,Verified,,url_needs_review,2026-05-06,30
liboqs,SLH-DSA-SHA2-128f,liboqs (Open Quantum Safe),liboqs,Library,https://github.com/open-quantum-safe/liboqs,Verified,,url_authoritative,2026-05-06,30
oqs-provider,SLH-DSA-SHA2-128f,oqs-provider (OpenSSL 3 plugin),oqs-provider,Library,https://github.com/open-quantum-safe/oqs-provider,Verified,,url_authoritative,2026-05-06,30
pqclean,SLH-DSA-SHA2-128f,PQClean,PQClean,Library,https://github.com/PQClean/PQClean,Verified,,url_authoritative,2026-05-06,30
rustcrypto-slh-dsa-2,SLH-DSA-SHA2-128f,RustCrypto SLH-DSA,RustCrypto SLH-DSA,Library,https://github.com/RustCrypto/signatures,Verified,Used in app SBOM,url_authoritative,2026-05-06,30
sphincs-reference,SLH-DSA-SHA2-128f,SPHINCS+ Reference,,Reference,https://github.com/sphincs/sphincsplus,Verified,,url_authoritative,2026-05-06,30
wolfssl,SLH-DSA-SHA2-128f,wolfSSL / wolfCrypt,wolfSSL,Library,https://github.com/wolfSSL/wolfssl,Verified,,url_authoritative,2026-05-06,30
bouncy-castle,SLH-DSA-SHA2-128s,Bouncy Castle (Java/C#),Bouncy Castle,Library,https://www.bouncycastle.org/,Verified,,url_needs_review,2026-05-06,30
liboqs,SLH-DSA-SHA2-128s,liboqs (Open Quantum Safe),liboqs,Library,https://github.com/open-quantum-safe/liboqs,Verified,,url_authoritative,2026-05-06,30
oqs-provider,SLH-DSA-SHA2-128s,oqs-provider (OpenSSL 3 plugin),oqs-provider,Library,https://github.com/open-quantum-safe/oqs-provider,Verified,,url_authoritative,2026-05-06,30
pqclean,SLH-DSA-SHA2-128s,PQClean,PQClean,Library,https://github.com/PQClean/PQClean,Verified,,url_authoritative,2026-05-06,30
rustcrypto-slh-dsa-2,SLH-DSA-SHA2-128s,RustCrypto SLH-DSA,RustCrypto SLH-DSA,Library,https://github.com/RustCrypto/signatures,Verified,Used in app SBOM,url_authoritative,2026-05-06,30
sphincs-reference,SLH-DSA-SHA2-128s,SPHINCS+ Reference,,Reference,https://github.com/sphincs/sphincsplus,Verified,,url_authoritative,2026-05-06,30
wolfssl,SLH-DSA-SHA2-128s,wolfSSL / wolfCrypt,wolfSSL,Library,https://github.com/wolfSSL/wolfssl,Verified,,url_authoritative,2026-05-06,30
bouncy-castle,SLH-DSA-SHA2-192f,Bouncy Castle (Java/C#),Bouncy Castle,Library,https://www.bouncycastle.org/,Verified,,url_needs_review,2026-05-06,30
liboqs,SLH-DSA-SHA2-192f,liboqs (Open Quantum Safe),liboqs,Library,https://github.com/open-quantum-safe/liboqs,Verified,,url_authoritative,2026-05-06,30
oqs-provider,SLH-DSA-SHA2-192f,oqs-provider (OpenSSL 3 plugin),oqs-provider,Library,https://github.com/open-quantum-safe/oqs-provider,Verified,,url_authoritative,2026-05-06,30
pqclean,SLH-DSA-SHA2-192f,PQClean,PQClean,Library,https://github.com/PQClean/PQClean,Verified,,url_authoritative,2026-05-06,30
rustcrypto-slh-dsa-2,SLH-DSA-SHA2-192f,RustCrypto SLH-DSA,RustCrypto SLH-DSA,Library,https://github.com/RustCrypto/signatures,Verified,Used in app SBOM,url_authoritative,2026-05-06,30
sphincs-reference,SLH-DSA-SHA2-192f,SPHINCS+ Reference,,Reference,https://github.com/sphincs/sphincsplus,Verified,,url_authoritative,2026-05-06,30
wolfssl,SLH-DSA-SHA2-192f,wolfSSL / wolfCrypt,wolfSSL,Library,https://github.com/wolfSSL/wolfssl,Verified,,url_authoritative,2026-05-06,30
bouncy-castle,SLH-DSA-SHA2-192s,Bouncy Castle (Java/C#),Bouncy Castle,Library,https://www.bouncycastle.org/,Verified,,url_needs_review,2026-05-06,30
liboqs,SLH-DSA-SHA2-192s,liboqs (Open Quantum Safe),liboqs,Library,https://github.com/open-quantum-safe/liboqs,Verified,,url_authoritative,2026-05-06,30
oqs-provider,SLH-DSA-SHA2-192s,oqs-provider (OpenSSL 3 plugin),oqs-provider,Library,https://github.com/open-quantum-safe/oqs-provider,Verified,,url_authoritative,2026-05-06,30
pqclean,SLH-DSA-SHA2-192s,PQClean,PQClean,Library,https://github.com/PQClean/PQClean,Verified,,url_authoritative,2026-05-06,30
rustcrypto-slh-dsa-2,SLH-DSA-SHA2-192s,RustCrypto SLH-DSA,RustCrypto SLH-DSA,Library,https://github.com/RustCrypto/signatures,Verified,Used in app SBOM,url_authoritative,2026-05-06,30
sphincs-reference,SLH-DSA-SHA2-192s,SPHINCS+ Reference,,Reference,https://github.com/sphincs/sphincsplus,Verified,,url_authoritative,2026-05-06,30
wolfssl,SLH-DSA-SHA2-192s,wolfSSL / wolfCrypt,wolfSSL,Library,https://github.com/wolfSSL/wolfssl,Verified,,url_authoritative,2026-05-06,30
bouncy-castle,SLH-DSA-SHA2-256f,Bouncy Castle (Java/C#),Bouncy Castle,Library,https://www.bouncycastle.org/,Verified,,url_needs_review,2026-05-06,30
liboqs,SLH-DSA-SHA2-256f,liboqs (Open Quantum Safe),liboqs,Library,https://github.com/open-quantum-safe/liboqs,Verified,,url_authoritative,2026-05-06,30
oqs-provider,SLH-DSA-SHA2-256f,oqs-provider (OpenSSL 3 plugin),oqs-provider,Library,https://github.com/open-quantum-safe/oqs-provider,Verified,,url_authoritative,2026-05-06,30
pqclean,SLH-DSA-SHA2-256f,PQClean,PQClean,Library,https://github.com/PQClean/PQClean,Verified,,url_authoritative,2026-05-06,30
rustcrypto-slh-dsa-2,SLH-DSA-SHA2-256f,RustCrypto SLH-DSA,RustCrypto SLH-DSA,Library,https://github.com/RustCrypto/signatures,Verified,Used in app SBOM,url_authoritative,2026-05-06,30
sphincs-reference,SLH-DSA-SHA2-256f,SPHINCS+ Reference,,Reference,https://github.com/sphincs/sphincsplus,Verified,,url_authoritative,2026-05-06,30
wolfssl,SLH-DSA-SHA2-256f,wolfSSL / wolfCrypt,wolfSSL,Library,https://github.com/wolfSSL/wolfssl,Verified,,url_authoritative,2026-05-06,30
bouncy-castle,SLH-DSA-SHA2-256s,Bouncy Castle (Java/C#),Bouncy Castle,Library,https://www.bouncycastle.org/,Verified,,url_needs_review,2026-05-06,30
liboqs,SLH-DSA-SHA2-256s,liboqs (Open Quantum Safe),liboqs,Library,https://github.com/open-quantum-safe/liboqs,Verified,,url_authoritative,2026-05-06,30
oqs-provider,SLH-DSA-SHA2-256s,oqs-provider (OpenSSL 3 plugin),oqs-provider,Library,https://github.com/open-quantum-safe/oqs-provider,Verified,,url_authoritative,2026-05-06,30
pqclean,SLH-DSA-SHA2-256s,PQClean,PQClean,Library,https://github.com/PQClean/PQClean,Verified,,url_authoritative,2026-05-06,30
rustcrypto-slh-dsa-2,SLH-DSA-SHA2-256s,RustCrypto SLH-DSA,RustCrypto SLH-DSA,Library,https://github.com/RustCrypto/signatures,Verified,Used in app SBOM,url_authoritative,2026-05-06,30
sphincs-reference,SLH-DSA-SHA2-256s,SPHINCS+ Reference,,Reference,https://github.com/sphincs/sphincsplus,Verified,,url_authoritative,2026-05-06,30
wolfssl,SLH-DSA-SHA2-256s,wolfSSL / wolfCrypt,wolfSSL,Library,https://github.com/wolfSSL/wolfssl,Verified,,url_authoritative,2026-05-06,30
bouncy-castle,SLH-DSA-SHAKE-128f,Bouncy Castle (Java/C#),Bouncy Castle,Library,https://www.bouncycastle.org/,Verified,,url_needs_review,2026-05-06,30
liboqs,SLH-DSA-SHAKE-128f,liboqs (Open Quantum Safe),liboqs,Library,https://github.com/open-quantum-safe/liboqs,Verified,,url_authoritative,2026-05-06,30
oqs-provider,SLH-DSA-SHAKE-128f,oqs-provider (OpenSSL 3 plugin),oqs-provider,Library,https://github.com/open-quantum-safe/oqs-provider,Verified,,url_authoritative,2026-05-06,30
pqclean,SLH-DSA-SHAKE-128f,PQClean,PQClean,Library,https://github.com/PQClean/PQClean,Verified,,url_authoritative,2026-05-06,30
rustcrypto-slh-dsa-2,SLH-DSA-SHAKE-128f,RustCrypto SLH-DSA,RustCrypto SLH-DSA,Library,https://github.com/RustCrypto/signatures,Verified,Used in app SBOM,url_authoritative,2026-05-06,30
sphincs-reference,SLH-DSA-SHAKE-128f,SPHINCS+ Reference,,Reference,https://github.com/sphincs/sphincsplus,Verified,,url_authoritative,2026-05-06,30
wolfssl,SLH-DSA-SHAKE-128f,wolfSSL / wolfCrypt,wolfSSL,Library,https://github.com/wolfSSL/wolfssl,Verified,,url_authoritative,2026-05-06,30
bouncy-castle,SLH-DSA-SHAKE-128s,Bouncy Castle (Java/C#),Bouncy Castle,Library,https://www.bouncycastle.org/,Verified,,url_needs_review,2026-05-06,30
liboqs,SLH-DSA-SHAKE-128s,liboqs (Open Quantum Safe),liboqs,Library,https://github.com/open-quantum-safe/liboqs,Verified,,url_authoritative,2026-05-06,30
oqs-provider,SLH-DSA-SHAKE-128s,oqs-provider (OpenSSL 3 plugin),oqs-provider,Library,https://github.com/open-quantum-safe/oqs-provider,Verified,,url_authoritative,2026-05-06,30
pqclean,SLH-DSA-SHAKE-128s,PQClean,PQClean,Library,https://github.com/PQClean/PQClean,Verified,,url_authoritative,2026-05-06,30
rustcrypto-slh-dsa-2,SLH-DSA-SHAKE-128s,RustCrypto SLH-DSA,RustCrypto SLH-DSA,Library,https://github.com/RustCrypto/signatures,Verified,Used in app SBOM,url_authoritative,2026-05-06,30
sphincs-reference,SLH-DSA-SHAKE-128s,SPHINCS+ Reference,,Reference,https://github.com/sphincs/sphincsplus,Verified,,url_authoritative,2026-05-06,30
wolfssl,SLH-DSA-SHAKE-128s,wolfSSL / wolfCrypt,wolfSSL,Library,https://github.com/wolfSSL/wolfssl,Verified,,url_authoritative,2026-05-06,30
bouncy-castle,SLH-DSA-SHAKE-192f,Bouncy Castle (Java/C#),Bouncy Castle,Library,https://www.bouncycastle.org/,Verified,,url_needs_review,2026-05-06,30
liboqs,SLH-DSA-SHAKE-192f,liboqs (Open Quantum Safe),liboqs,Library,https://github.com/open-quantum-safe/liboqs,Verified,,url_authoritative,2026-05-06,30
oqs-provider,SLH-DSA-SHAKE-192f,oqs-provider (OpenSSL 3 plugin),oqs-provider,Library,https://github.com/open-quantum-safe/oqs-provider,Verified,,url_authoritative,2026-05-06,30
pqclean,SLH-DSA-SHAKE-192f,PQClean,PQClean,Library,https://github.com/PQClean/PQClean,Verified,,url_authoritative,2026-05-06,30
rustcrypto-slh-dsa-2,SLH-DSA-SHAKE-192f,RustCrypto SLH-DSA,RustCrypto SLH-DSA,Library,https://github.com/RustCrypto/signatures,Verified,Used in app SBOM,url_authoritative,2026-05-06,30
sphincs-reference,SLH-DSA-SHAKE-192f,SPHINCS+ Reference,,Reference,https://github.com/sphincs/sphincsplus,Verified,,url_authoritative,2026-05-06,30
wolfssl,SLH-DSA-SHAKE-192f,wolfSSL / wolfCrypt,wolfSSL,Library,https://github.com/wolfSSL/wolfssl,Verified,,url_authoritative,2026-05-06,30
bouncy-castle,SLH-DSA-SHAKE-192s,Bouncy Castle (Java/C#),Bouncy Castle,Library,https://www.bouncycastle.org/,Verified,,url_needs_review,2026-05-06,30
liboqs,SLH-DSA-SHAKE-192s,liboqs (Open Quantum Safe),liboqs,Library,https://github.com/open-quantum-safe/liboqs,Verified,,url_authoritative,2026-05-06,30
oqs-provider,SLH-DSA-SHAKE-192s,oqs-provider (OpenSSL 3 plugin),oqs-provider,Library,https://github.com/open-quantum-safe/oqs-provider,Verified,,url_authoritative,2026-05-06,30
pqclean,SLH-DSA-SHAKE-192s,PQClean,PQClean,Library,https://github.com/PQClean/PQClean,Verified,,url_authoritative,2026-05-06,30
rustcrypto-slh-dsa-2,SLH-DSA-SHAKE-192s,RustCrypto SLH-DSA,RustCrypto SLH-DSA,Library,https://github.com/RustCrypto/signatures,Verified,Used in app SBOM,url_authoritative,2026-05-06,30
sphincs-reference,SLH-DSA-SHAKE-192s,SPHINCS+ Reference,,Reference,https://github.com/sphincs/sphincsplus,Verified,,url_authoritative,2026-05-06,30
wolfssl,SLH-DSA-SHAKE-192s,wolfSSL / wolfCrypt,wolfSSL,Library,https://github.com/wolfSSL/wolfssl,Verified,,url_authoritative,2026-05-06,30
bouncy-castle,SLH-DSA-SHAKE-256f,Bouncy Castle (Java/C#),Bouncy Castle,Library,https://www.bouncycastle.org/,Verified,,url_needs_review,2026-05-06,30
liboqs,SLH-DSA-SHAKE-256f,liboqs (Open Quantum Safe),liboqs,Library,https://github.com/open-quantum-safe/liboqs,Verified,,url_authoritative,2026-05-06,30
oqs-provider,SLH-DSA-SHAKE-256f,oqs-provider (OpenSSL 3 plugin),oqs-provider,Library,https://github.com/open-quantum-safe/oqs-provider,Verified,,url_authoritative,2026-05-06,30
pqclean,SLH-DSA-SHAKE-256f,PQClean,PQClean,Library,https://github.com/PQClean/PQClean,Verified,,url_authoritative,2026-05-06,30
rustcrypto-slh-dsa-2,SLH-DSA-SHAKE-256f,RustCrypto SLH-DSA,RustCrypto SLH-DSA,Library,https://github.com/RustCrypto/signatures,Verified,Used in app SBOM,url_authoritative,2026-05-06,30
sphincs-reference,SLH-DSA-SHAKE-256f,SPHINCS+ Reference,,Reference,https://github.com/sphincs/sphincsplus,Verified,,url_authoritative,2026-05-06,30
wolfssl,SLH-DSA-SHAKE-256f,wolfSSL / wolfCrypt,wolfSSL,Library,https://github.com/wolfSSL/wolfssl,Verified,,url_authoritative,2026-05-06,30
bouncy-castle,SLH-DSA-SHAKE-256s,Bouncy Castle (Java/C#),Bouncy Castle,Library,https://www.bouncycastle.org/,Verified,,url_needs_review,2026-05-06,30
liboqs,SLH-DSA-SHAKE-256s,liboqs (Open Quantum Safe),liboqs,Library,https://github.com/open-quantum-safe/liboqs,Verified,,url_authoritative,2026-05-06,30
oqs-provider,SLH-DSA-SHAKE-256s,oqs-provider (OpenSSL 3 plugin),oqs-provider,Library,https://github.com/open-quantum-safe/oqs-provider,Verified,,url_authoritative,2026-05-06,30
pqclean,SLH-DSA-SHAKE-256s,PQClean,PQClean,Library,https://github.com/PQClean/PQClean,Verified,,url_authoritative,2026-05-06,30
rustcrypto-slh-dsa-2,SLH-DSA-SHAKE-256s,RustCrypto SLH-DSA,RustCrypto SLH-DSA,Library,https://github.com/RustCrypto/signatures,Verified,Used in app SBOM,url_authoritative,2026-05-06,30
sphincs-reference,SLH-DSA-SHAKE-256s,SPHINCS+ Reference,,Reference,https://github.com/sphincs/sphincsplus,Verified,,url_authoritative,2026-05-06,30
wolfssl,SLH-DSA-SHAKE-256s,wolfSSL / wolfCrypt,wolfSSL,Library,https://github.com/wolfSSL/wolfssl,Verified,,url_authoritative,2026-05-06,30
kpqclean-korean-reference,SMAUG-T-128,KpqClean (Korean reference),,Reference,https://github.com/kpqc-cryptocraft/KpqClean,Verified,,url_authoritative,2026-05-06,30
liboqs,SMAUG-T-128,liboqs (partial/experimental),liboqs,Library,https://github.com/open-quantum-safe/liboqs,Verified,,url_authoritative,2026-05-06,30
smaug-t-reference-implementation,SMAUG-T-128,SMAUG-T Reference Implementation,SMAUG-T Reference Implementation,Reference,https://github.com/hmchoe0528/SMAUG-T_public,Verified,,url_authoritative,2026-05-06,30
kpqclean-korean-reference,SMAUG-T-192,KpqClean (Korean reference),,Reference,https://github.com/kpqc-cryptocraft/KpqClean,Verified,,url_authoritative,2026-05-06,30
liboqs,SMAUG-T-192,liboqs (partial/experimental),liboqs,Library,https://github.com/open-quantum-safe/liboqs,Verified,,url_authoritative,2026-05-06,30
smaug-t-reference-implementation,SMAUG-T-192,SMAUG-T Reference Implementation,SMAUG-T Reference Implementation,Reference,https://github.com/hmchoe0528/SMAUG-T_public,Verified,,url_authoritative,2026-05-06,30
kpqclean-korean-reference,SMAUG-T-256,KpqClean (Korean reference),,Reference,https://github.com/kpqc-cryptocraft/KpqClean,Verified,,url_authoritative,2026-05-06,30
liboqs,SMAUG-T-256,liboqs (partial/experimental),liboqs,Library,https://github.com/open-quantum-safe/liboqs,Verified,,url_authoritative,2026-05-06,30
smaug-t-reference-implementation,SMAUG-T-256,SMAUG-T Reference Implementation,SMAUG-T Reference Implementation,Reference,https://github.com/hmchoe0528/SMAUG-T_public,Verified,,url_authoritative,2026-05-06,30
aws-lc,X25519MLKEM768,AWS-LC (s2n-tls),AWS-LC,Library,https://github.com/aws/aws-lc,Verified,,url_authoritative,2026-05-06,30
boringssl,X25519MLKEM768,BoringSSL (Google Chrome),BoringSSL,Library,https://boringssl.googlesource.com/boringssl/,Verified,,url_needs_review,2026-05-06,30
circl,X25519MLKEM768,CIRCL (Cloudflare Go),CIRCL,Library,https://github.com/cloudflare/circl,Verified,,url_authoritative,2026-05-06,30
cloudflare-pq-tls,X25519MLKEM768,Cloudflare PQ TLS,,Library,https://blog.cloudflare.com/post-quantum-for-all/,Verified,,url_needs_review,2026-05-06,30
mozilla-nss,X25519MLKEM768,Mozilla NSS (Firefox),Mozilla NSS,Library,https://wiki.mozilla.org/Security/CryptoEngineering,Verified,,url_needs_review,2026-05-06,30
oqs-provider,X25519MLKEM768,oqs-provider (OpenSSL 3 plugin),oqs-provider,Library,https://github.com/open-quantum-safe/oqs-provider,Verified,,url_authoritative,2026-05-06,30
bouncy-castle,XMSS-SHA2_20,Bouncy Castle (Java/C#),Bouncy Castle,Library,https://www.bouncycastle.org/,Verified,,url_needs_review,2026-05-06,30
liboqs,XMSS-SHA2_20,liboqs (Open Quantum Safe),liboqs,Library,https://github.com/open-quantum-safe/liboqs,Verified,,url_authoritative,2026-05-06,30
wolfssl,XMSS-SHA2_20,wolfSSL / wolfCrypt XMSS,wolfSSL,Library,https://github.com/wolfSSL/wolfssl,Verified,,url_authoritative,2026-05-06,30
xmss-reference-implementation,XMSS-SHA2_20,XMSS Reference Implementation,,Reference,https://github.com/XMSS/xmss-reference,Verified,,url_authoritative,2026-05-06,30