classical_algorithm,key_size,pqc_replacement,Function,Deprecation_Date_Label,Standardization_Date_Label,Region,Status,status_url,Deprecation_Date_ISO,Standardization_Date_ISO,data_quality_notes
RSA,2048-bit,ML-KEM-512 (NIST Level 1),Encryption/KEM,2030 (Deprecated) / 2035 (Disallowed),2024 (FIPS 203),NIST,FIPS 203,https://csrc.nist.gov/pubs/fips/203/final,2030-01-01,2024-01-01,Proposed 2026-05-06: Deprecation Date renamed to Deprecation_Date_Label; Standardization Date renamed to Standardization_Date_Label; ISO 8601 machine-readable columns Deprecation_Date_ISO and Standardization_Date_ISO added.
RSA,3072-bit,ML-KEM-768 (NIST Level 3),Encryption/KEM,2035 (Disallowed),2024 (FIPS 203),NIST,FIPS 203,https://csrc.nist.gov/pubs/fips/203/final,2035-01-01,2024-01-01,Proposed 2026-05-06: Deprecation Date renamed to Deprecation_Date_Label; Standardization Date renamed to Standardization_Date_Label; ISO 8601 machine-readable columns Deprecation_Date_ISO and Standardization_Date_ISO added.
RSA,4096-bit,ML-KEM-1024 (NIST Level 5),Encryption/KEM,2035 (Disallowed),2024 (FIPS 203),NIST,FIPS 203,https://csrc.nist.gov/pubs/fips/203/final,2035-01-01,2024-01-01,Proposed 2026-05-06: Deprecation Date renamed to Deprecation_Date_Label; Standardization Date renamed to Standardization_Date_Label; ISO 8601 machine-readable columns Deprecation_Date_ISO and Standardization_Date_ISO added.
ECDH (P-256),256-bit,ML-KEM-512 (NIST Level 1),Encryption/KEM,2035 (Disallowed),2024 (FIPS 203),NIST,FIPS 203,https://csrc.nist.gov/pubs/fips/203/final,2035-01-01,2024-01-01,Proposed 2026-05-06: Deprecation Date renamed to Deprecation_Date_Label; Standardization Date renamed to Standardization_Date_Label; ISO 8601 machine-readable columns Deprecation_Date_ISO and Standardization_Date_ISO added.
ECDH (P-384),384-bit,ML-KEM-768 (NIST Level 3),Encryption/KEM,2035 (Disallowed),2024 (FIPS 203),NIST,FIPS 203,https://csrc.nist.gov/pubs/fips/203/final,2035-01-01,2024-01-01,Proposed 2026-05-06: Deprecation Date renamed to Deprecation_Date_Label; Standardization Date renamed to Standardization_Date_Label; ISO 8601 machine-readable columns Deprecation_Date_ISO and Standardization_Date_ISO added.
ECDH (P-521),521-bit,ML-KEM-1024 (NIST Level 5),Encryption/KEM,2035 (Disallowed),2024 (FIPS 203),NIST,FIPS 203,https://csrc.nist.gov/pubs/fips/203/final,2035-01-01,2024-01-01,Proposed 2026-05-06: Deprecation Date renamed to Deprecation_Date_Label; Standardization Date renamed to Standardization_Date_Label; ISO 8601 machine-readable columns Deprecation_Date_ISO and Standardization_Date_ISO added.
X25519,256-bit,ML-KEM-768 (NIST Level 3),Encryption/KEM,2035 (Disallowed),2024 (FIPS 203),NIST,FIPS 203,https://csrc.nist.gov/pubs/fips/203/final,2035-01-01,2024-01-01,Proposed 2026-05-06: Deprecation Date renamed to Deprecation_Date_Label; Standardization Date renamed to Standardization_Date_Label; ISO 8601 machine-readable columns Deprecation_Date_ISO and Standardization_Date_ISO added.
X448,448-bit,ML-KEM-1024 (NIST Level 5),Encryption/KEM,2035 (Disallowed),2024 (FIPS 203),NIST,FIPS 203,https://csrc.nist.gov/pubs/fips/203/final,2035-01-01,2024-01-01,Proposed 2026-05-06: Deprecation Date renamed to Deprecation_Date_Label; Standardization Date renamed to Standardization_Date_Label; ISO 8601 machine-readable columns Deprecation_Date_ISO and Standardization_Date_ISO added.
DH (Diffie-Hellman),2048-bit,ML-KEM-768 (NIST Level 3),Encryption/KEM,2035 (Disallowed),2024 (FIPS 203),NIST,FIPS 203,https://csrc.nist.gov/pubs/fips/203/final,2035-01-01,2024-01-01,Proposed 2026-05-06: Deprecation Date renamed to Deprecation_Date_Label; Standardization Date renamed to Standardization_Date_Label; ISO 8601 machine-readable columns Deprecation_Date_ISO and Standardization_Date_ISO added.
RSA,2048-bit,HQC-128 (NIST Level 1),Encryption/KEM,2030 (Deprecated) / 2035 (Disallowed),Selected 2025 (Draft ~2027),NIST,Candidate,https://csrc.nist.gov/projects/post-quantum-cryptography,2030-01-01,2025-01-01,Proposed 2026-05-06: Deprecation Date renamed to Deprecation_Date_Label; Standardization Date renamed to Standardization_Date_Label; ISO 8601 machine-readable columns Deprecation_Date_ISO and Standardization_Date_ISO added.
RSA,3072-bit,HQC-192 (NIST Level 3),Encryption/KEM,2035 (Disallowed),Selected 2025 (Draft ~2027),NIST,Candidate,https://csrc.nist.gov/projects/post-quantum-cryptography,2035-01-01,2025-01-01,Proposed 2026-05-06: Deprecation Date renamed to Deprecation_Date_Label; Standardization Date renamed to Standardization_Date_Label; ISO 8601 machine-readable columns Deprecation_Date_ISO and Standardization_Date_ISO added.
RSA,4096-bit,HQC-256 (NIST Level 5),Encryption/KEM,2035 (Disallowed),Selected 2025 (Draft ~2027),NIST,Candidate,https://csrc.nist.gov/projects/post-quantum-cryptography,2035-01-01,2025-01-01,Proposed 2026-05-06: Deprecation Date renamed to Deprecation_Date_Label; Standardization Date renamed to Standardization_Date_Label; ISO 8601 machine-readable columns Deprecation_Date_ISO and Standardization_Date_ISO added.
ECDH (P-256),256-bit,HQC-128 (NIST Level 1),Encryption/KEM,2035 (Disallowed),Selected 2025 (Draft ~2027),NIST,Candidate,https://csrc.nist.gov/projects/post-quantum-cryptography,2035-01-01,2025-01-01,Proposed 2026-05-06: Deprecation Date renamed to Deprecation_Date_Label; Standardization Date renamed to Standardization_Date_Label; ISO 8601 machine-readable columns Deprecation_Date_ISO and Standardization_Date_ISO added.
ECDH (P-384),384-bit,HQC-192 (NIST Level 3),Encryption/KEM,2035 (Disallowed),Selected 2025 (Draft ~2027),NIST,Candidate,https://csrc.nist.gov/projects/post-quantum-cryptography,2035-01-01,2025-01-01,Proposed 2026-05-06: Deprecation Date renamed to Deprecation_Date_Label; Standardization Date renamed to Standardization_Date_Label; ISO 8601 machine-readable columns Deprecation_Date_ISO and Standardization_Date_ISO added.
ECDH (P-521),521-bit,HQC-256 (NIST Level 5),Encryption/KEM,2035 (Disallowed),Selected 2025 (Draft ~2027),NIST,Candidate,https://csrc.nist.gov/projects/post-quantum-cryptography,2035-01-01,2025-01-01,Proposed 2026-05-06: Deprecation Date renamed to Deprecation_Date_Label; Standardization Date renamed to Standardization_Date_Label; ISO 8601 machine-readable columns Deprecation_Date_ISO and Standardization_Date_ISO added.
X25519,256-bit,HQC-192 (NIST Level 3),Encryption/KEM,2035 (Disallowed),Selected 2025 (Draft ~2027),NIST,Candidate,https://csrc.nist.gov/projects/post-quantum-cryptography,2035-01-01,2025-01-01,Proposed 2026-05-06: Deprecation Date renamed to Deprecation_Date_Label; Standardization Date renamed to Standardization_Date_Label; ISO 8601 machine-readable columns Deprecation_Date_ISO and Standardization_Date_ISO added.
X448,448-bit,HQC-256 (NIST Level 5),Encryption/KEM,2035 (Disallowed),Selected 2025 (Draft ~2027),NIST,Candidate,https://csrc.nist.gov/projects/post-quantum-cryptography,2035-01-01,2025-01-01,Proposed 2026-05-06: Deprecation Date renamed to Deprecation_Date_Label; Standardization Date renamed to Standardization_Date_Label; ISO 8601 machine-readable columns Deprecation_Date_ISO and Standardization_Date_ISO added.
X25519,256-bit,X25519MLKEM768 (Hybrid Level 3),Hybrid KEM,2035 (Disallowed),~2026 (IETF RFC Pending),IETF,Candidate,,2035-01-01,2026-01-01,Proposed 2026-05-06: Deprecation Date renamed to Deprecation_Date_Label; Standardization Date renamed to Standardization_Date_Label; ISO 8601 machine-readable columns Deprecation_Date_ISO and Standardization_Date_ISO added.
ECDH (P-256),256-bit,SecP256r1MLKEM768 (Hybrid Level 3),Hybrid KEM,2035 (Disallowed),~2026 (IETF RFC Pending),IETF,Candidate,,2035-01-01,2026-01-01,Proposed 2026-05-06: Deprecation Date renamed to Deprecation_Date_Label; Standardization Date renamed to Standardization_Date_Label; ISO 8601 machine-readable columns Deprecation_Date_ISO and Standardization_Date_ISO added.
ECDH (P-384),384-bit,SecP384r1MLKEM1024 (Hybrid Level 5),Hybrid KEM,2035 (Disallowed),~2026 (IETF RFC Pending),IETF,Candidate,,2035-01-01,2026-01-01,Proposed 2026-05-06: Deprecation Date renamed to Deprecation_Date_Label; Standardization Date renamed to Standardization_Date_Label; ISO 8601 machine-readable columns Deprecation_Date_ISO and Standardization_Date_ISO added.
RSA-PSS,2048-bit,ML-DSA-44 (NIST Level 2),Signature,2030 (Deprecated) / 2035 (Disallowed),2024 (FIPS 204),NIST,FIPS 204,https://csrc.nist.gov/pubs/fips/204/final,2030-01-01,2024-01-01,Proposed 2026-05-06: Deprecation Date renamed to Deprecation_Date_Label; Standardization Date renamed to Standardization_Date_Label; ISO 8601 machine-readable columns Deprecation_Date_ISO and Standardization_Date_ISO added.
RSA-PSS,3072-bit,ML-DSA-65 (NIST Level 3),Signature,2035 (Disallowed),2024 (FIPS 204),NIST,FIPS 204,https://csrc.nist.gov/pubs/fips/204/final,2035-01-01,2024-01-01,Proposed 2026-05-06: Deprecation Date renamed to Deprecation_Date_Label; Standardization Date renamed to Standardization_Date_Label; ISO 8601 machine-readable columns Deprecation_Date_ISO and Standardization_Date_ISO added.
ECDSA (P-256),256-bit,ML-DSA-44 (NIST Level 2),Signature,2035 (Disallowed),2024 (FIPS 204),NIST,FIPS 204,https://csrc.nist.gov/pubs/fips/204/final,2035-01-01,2024-01-01,Proposed 2026-05-06: Deprecation Date renamed to Deprecation_Date_Label; Standardization Date renamed to Standardization_Date_Label; ISO 8601 machine-readable columns Deprecation_Date_ISO and Standardization_Date_ISO added.
ECDSA (P-384),384-bit,ML-DSA-65 (NIST Level 3),Signature,2035 (Disallowed),2024 (FIPS 204),NIST,FIPS 204,https://csrc.nist.gov/pubs/fips/204/final,2035-01-01,2024-01-01,Proposed 2026-05-06: Deprecation Date renamed to Deprecation_Date_Label; Standardization Date renamed to Standardization_Date_Label; ISO 8601 machine-readable columns Deprecation_Date_ISO and Standardization_Date_ISO added.
ECDSA (P-521),521-bit,ML-DSA-87 (NIST Level 5),Signature,2035 (Disallowed),2024 (FIPS 204),NIST,FIPS 204,https://csrc.nist.gov/pubs/fips/204/final,2035-01-01,2024-01-01,Proposed 2026-05-06: Deprecation Date renamed to Deprecation_Date_Label; Standardization Date renamed to Standardization_Date_Label; ISO 8601 machine-readable columns Deprecation_Date_ISO and Standardization_Date_ISO added.
RSA-PSS,4096-bit,ML-DSA-87 (NIST Level 5),Signature,2035 (Disallowed),2024 (FIPS 204),NIST,FIPS 204,https://csrc.nist.gov/pubs/fips/204/final,2035-01-01,2024-01-01,Proposed 2026-05-06: Deprecation Date renamed to Deprecation_Date_Label; Standardization Date renamed to Standardization_Date_Label; ISO 8601 machine-readable columns Deprecation_Date_ISO and Standardization_Date_ISO added.
RSA-PSS,2048-bit,FN-DSA-512 (NIST Level 1),Signature,2030 (Deprecated) / 2035 (Disallowed),Draft submitted 2025 (Final ~2027),NIST,Candidate,https://csrc.nist.gov/projects/pqc-dig-sig,2030-01-01,2025-01-01,Proposed 2026-05-06: Deprecation Date renamed to Deprecation_Date_Label; Standardization Date renamed to Standardization_Date_Label; ISO 8601 machine-readable columns Deprecation_Date_ISO and Standardization_Date_ISO added.
RSA-PSS,3072-bit,FN-DSA-1024 (NIST Level 5),Signature,2035 (Disallowed),Draft submitted 2025 (Final ~2027),NIST,Candidate,https://csrc.nist.gov/projects/pqc-dig-sig,2035-01-01,2025-01-01,Proposed 2026-05-06: Deprecation Date renamed to Deprecation_Date_Label; Standardization Date renamed to Standardization_Date_Label; ISO 8601 machine-readable columns Deprecation_Date_ISO and Standardization_Date_ISO added.
ECDSA (P-256),256-bit,FN-DSA-512 (NIST Level 1),Signature,2035 (Disallowed),Draft submitted 2025 (Final ~2027),NIST,Candidate,https://csrc.nist.gov/projects/pqc-dig-sig,2035-01-01,2025-01-01,Proposed 2026-05-06: Deprecation Date renamed to Deprecation_Date_Label; Standardization Date renamed to Standardization_Date_Label; ISO 8601 machine-readable columns Deprecation_Date_ISO and Standardization_Date_ISO added.
ECDSA (P-384),384-bit,FN-DSA-1024 (NIST Level 5),Signature,2035 (Disallowed),Draft submitted 2025 (Final ~2027),NIST,Candidate,https://csrc.nist.gov/projects/pqc-dig-sig,2035-01-01,2025-01-01,Proposed 2026-05-06: Deprecation Date renamed to Deprecation_Date_Label; Standardization Date renamed to Standardization_Date_Label; ISO 8601 machine-readable columns Deprecation_Date_ISO and Standardization_Date_ISO added.
ECDSA (P-521),521-bit,FN-DSA-1024 (NIST Level 5),Signature,2035 (Disallowed),Draft submitted 2025 (Final ~2027),NIST,Candidate,https://csrc.nist.gov/projects/pqc-dig-sig,2035-01-01,2025-01-01,Proposed 2026-05-06: Deprecation Date renamed to Deprecation_Date_Label; Standardization Date renamed to Standardization_Date_Label; ISO 8601 machine-readable columns Deprecation_Date_ISO and Standardization_Date_ISO added.
Ed25519,256-bit,FN-DSA-512 (NIST Level 1),Signature,2035 (Disallowed),Draft submitted 2025 (Final ~2027),NIST,Candidate,https://csrc.nist.gov/projects/pqc-dig-sig,2035-01-01,2025-01-01,Proposed 2026-05-06: Deprecation Date renamed to Deprecation_Date_Label; Standardization Date renamed to Standardization_Date_Label; ISO 8601 machine-readable columns Deprecation_Date_ISO and Standardization_Date_ISO added.
Ed448,456-bit,FN-DSA-1024 (NIST Level 5),Signature,2035 (Disallowed),Draft submitted 2025 (Final ~2027),NIST,Candidate,https://csrc.nist.gov/projects/pqc-dig-sig,2035-01-01,2025-01-01,Proposed 2026-05-06: Deprecation Date renamed to Deprecation_Date_Label; Standardization Date renamed to Standardization_Date_Label; ISO 8601 machine-readable columns Deprecation_Date_ISO and Standardization_Date_ISO added.
Ed25519,256-bit,ML-DSA-44 (NIST Level 2),Signature,2035 (Disallowed),2024 (FIPS 204),NIST,FIPS 204,https://csrc.nist.gov/pubs/fips/204/final,2035-01-01,2024-01-01,Proposed 2026-05-06: Deprecation Date renamed to Deprecation_Date_Label; Standardization Date renamed to Standardization_Date_Label; ISO 8601 machine-readable columns Deprecation_Date_ISO and Standardization_Date_ISO added.
Ed25519,256-bit,SLH-DSA-SHA2-128s (Level 1),Signature,2035 (Disallowed),2024 (FIPS 205),NIST,FIPS 205,https://csrc.nist.gov/pubs/fips/205/final,2035-01-01,2024-01-01,Proposed 2026-05-06: Deprecation Date renamed to Deprecation_Date_Label; Standardization Date renamed to Standardization_Date_Label; ISO 8601 machine-readable columns Deprecation_Date_ISO and Standardization_Date_ISO added.
Ed448,456-bit,SLH-DSA-SHA2-192s (Level 3),Signature,2035 (Disallowed),2024 (FIPS 205),NIST,FIPS 205,https://csrc.nist.gov/pubs/fips/205/final,2035-01-01,2024-01-01,Proposed 2026-05-06: Deprecation Date renamed to Deprecation_Date_Label; Standardization Date renamed to Standardization_Date_Label; ISO 8601 machine-readable columns Deprecation_Date_ISO and Standardization_Date_ISO added.
Ed448,456-bit,ML-DSA-65 (NIST Level 3),Signature,2035 (Disallowed),2024 (FIPS 204),NIST,FIPS 204,https://csrc.nist.gov/pubs/fips/204/final,2035-01-01,2024-01-01,Proposed 2026-05-06: Deprecation Date renamed to Deprecation_Date_Label; Standardization Date renamed to Standardization_Date_Label; ISO 8601 machine-readable columns Deprecation_Date_ISO and Standardization_Date_ISO added.
RSA-PSS,2048-bit,SLH-DSA-SHA2-128s (Level 1),Signature,2030 (Deprecated) / 2035 (Disallowed),2024 (FIPS 205),NIST,FIPS 205,https://csrc.nist.gov/pubs/fips/205/final,2030-01-01,2024-01-01,Proposed 2026-05-06: Deprecation Date renamed to Deprecation_Date_Label; Standardization Date renamed to Standardization_Date_Label; ISO 8601 machine-readable columns Deprecation_Date_ISO and Standardization_Date_ISO added.
ECDSA (P-256),256-bit,SLH-DSA-SHA2-128s (Level 1),Signature,2035 (Disallowed),2024 (FIPS 205),NIST,FIPS 205,https://csrc.nist.gov/pubs/fips/205/final,2035-01-01,2024-01-01,Proposed 2026-05-06: Deprecation Date renamed to Deprecation_Date_Label; Standardization Date renamed to Standardization_Date_Label; ISO 8601 machine-readable columns Deprecation_Date_ISO and Standardization_Date_ISO added.
secp256k1,256-bit,ML-DSA-44 (NIST Level 2),Signature,2035 (Disallowed),2024 (FIPS 204),NIST,FIPS 204,https://csrc.nist.gov/pubs/fips/204/final,2035-01-01,2024-01-01,Proposed 2026-05-06: Deprecation Date renamed to Deprecation_Date_Label; Standardization Date renamed to Standardization_Date_Label; ISO 8601 machine-readable columns Deprecation_Date_ISO and Standardization_Date_ISO added.
secp256k1,256-bit,FN-DSA-512 (NIST Level 1),Signature,2035 (Disallowed),Draft submitted 2025 (Final ~2027),NIST,Candidate,https://csrc.nist.gov/projects/pqc-dig-sig,2035-01-01,2025-01-01,Proposed 2026-05-06: Deprecation Date renamed to Deprecation_Date_Label; Standardization Date renamed to Standardization_Date_Label; ISO 8601 machine-readable columns Deprecation_Date_ISO and Standardization_Date_ISO added.
Any (Stateless),,SLH-DSA (All Variants),Signature,,2024 (FIPS 205),NIST,FIPS 205,https://csrc.nist.gov/pubs/fips/205/final,,2024-01-01,Proposed 2026-05-06: Deprecation Date renamed to Deprecation_Date_Label; Standardization Date renamed to Standardization_Date_Label; ISO 8601 machine-readable columns Deprecation_Date_ISO and Standardization_Date_ISO added.
Any (Firmware Signing),,LMS-SHA256 (Stateful),Signature,,2020 (SP 800-208),NIST,SP 800-208,https://csrc.nist.gov/pubs/sp/800/208/final,,2020-01-01,Proposed 2026-05-06: Deprecation Date renamed to Deprecation_Date_Label; Standardization Date renamed to Standardization_Date_Label; ISO 8601 machine-readable columns Deprecation_Date_ISO and Standardization_Date_ISO added.
Any (Firmware Signing),,XMSS-SHA2_20 (Stateful),Signature,,2020 (SP 800-208),NIST,SP 800-208,https://csrc.nist.gov/pubs/sp/800/208/final,,2020-01-01,Proposed 2026-05-06: Deprecation Date renamed to Deprecation_Date_Label; Standardization Date renamed to Standardization_Date_Label; ISO 8601 machine-readable columns Deprecation_Date_ISO and Standardization_Date_ISO added.
SHA-1,160-bit,SHA3-256 (FIPS 202),Hash,Deprecated 2011 / Disallowed 2030 — Grover: no additional risk (classically broken),2015 (FIPS 202),NIST,FIPS 202,https://csrc.nist.gov/pubs/fips/202/final,2011-01-01,2015-01-01,Proposed 2026-05-06: Deprecation Date renamed to Deprecation_Date_Label; Standardization Date renamed to Standardization_Date_Label; ISO 8601 machine-readable columns Deprecation_Date_ISO and Standardization_Date_ISO added.
MD5,128-bit,SHA3-256 (FIPS 202),Hash,Disallowed — classically broken; Grover not primary concern,2015 (FIPS 202),NIST,FIPS 202,https://csrc.nist.gov/pubs/fips/202/final,,2015-01-01,Proposed 2026-05-06: Deprecation Date renamed to Deprecation_Date_Label; Standardization Date renamed to Standardization_Date_Label; ISO 8601 machine-readable columns Deprecation_Date_ISO and Standardization_Date_ISO added.
SHA-256,256-bit,SHA3-256 (FIPS 202),Hash,Grover reduces to ~128-bit — still quantum-safe; upgrade recommended for new PQC systems,2015 (FIPS 202),NIST,FIPS 202,https://csrc.nist.gov/pubs/fips/202/final,,2015-01-01,Proposed 2026-05-06: Deprecation Date renamed to Deprecation_Date_Label; Standardization Date renamed to Standardization_Date_Label; ISO 8601 machine-readable columns Deprecation_Date_ISO and Standardization_Date_ISO added.
HMAC-MD5,128-bit,HMAC-SHA256 (FIPS 198-1),Hash,Disallowed — classically broken; migrate immediately,2002 (FIPS 198-1),NIST,FIPS 198-1,https://csrc.nist.gov/pubs/fips/198-1/final,,2002-01-01,Proposed 2026-05-06: Deprecation Date renamed to Deprecation_Date_Label; Standardization Date renamed to Standardization_Date_Label; ISO 8601 machine-readable columns Deprecation_Date_ISO and Standardization_Date_ISO added.
SHA-1 (HMAC),160-bit,HMAC-SHA256 (FIPS 198-1),Hash,Deprecated 2011 / Disallowed 2030,2002 (FIPS 198-1),NIST,FIPS 198-1,https://csrc.nist.gov/pubs/fips/198-1/final,2011-01-01,2002-01-01,Proposed 2026-05-06: Deprecation Date renamed to Deprecation_Date_Label; Standardization Date renamed to Standardization_Date_Label; ISO 8601 machine-readable columns Deprecation_Date_ISO and Standardization_Date_ISO added.
AES-256,256-bit,AES-256 (FIPS 197),Symmetric,Safe beyond 2030 — Grover reduces to ~128-bit; remains quantum-resistant for symmetric encryption,2001 (FIPS 197),NIST,FIPS 197,https://csrc.nist.gov/pubs/fips/197/final,2030-01-01,2001-01-01,Proposed 2026-05-06: Deprecation Date renamed to Deprecation_Date_Label; Standardization Date renamed to Standardization_Date_Label; ISO 8601 machine-readable columns Deprecation_Date_ISO and Standardization_Date_ISO added.
AES-128,128-bit,AES-256 (FIPS 197),Symmetric,Not deprecated by NIST — Grover's theoretically halves security but deemed impractical (NIST 2024); CNSA 2.0 recommends AES-256 for national security systems,2001 (FIPS 197),NIST,FIPS 197,https://csrc.nist.gov/pubs/fips/197/final,2024-01-01,2001-01-01,Proposed 2026-05-06: Deprecation Date renamed to Deprecation_Date_Label; Standardization Date renamed to Standardization_Date_Label; ISO 8601 machine-readable columns Deprecation_Date_ISO and Standardization_Date_ISO added.
AES-192,192-bit,AES-256 (FIPS 197),Symmetric,Grover reduces to ~96-bit quantum security — upgrade recommended,2001 (FIPS 197),NIST,FIPS 197,https://csrc.nist.gov/pubs/fips/197/final,,2001-01-01,Proposed 2026-05-06: Deprecation Date renamed to Deprecation_Date_Label; Standardization Date renamed to Standardization_Date_Label; ISO 8601 machine-readable columns Deprecation_Date_ISO and Standardization_Date_ISO added.
3DES,112-bit effective,AES-256 (FIPS 197),Symmetric,Disallowed Jan 2024 — Grover reduces to ~56-bit; migrate immediately,2001 (FIPS 197),NIST,FIPS 197,https://csrc.nist.gov/pubs/fips/197/final,2024-01-01,2001-01-01,Proposed 2026-05-06: Deprecation Date renamed to Deprecation_Date_Label; Standardization Date renamed to Standardization_Date_Label; ISO 8601 machine-readable columns Deprecation_Date_ISO and Standardization_Date_ISO added.
DES,56-bit,AES-256 (FIPS 197),Symmetric,Disallowed — broken classically and by Grover,2001 (FIPS 197),NIST,FIPS 197,https://csrc.nist.gov/pubs/fips/197/final,,2001-01-01,Proposed 2026-05-06: Deprecation Date renamed to Deprecation_Date_Label; Standardization Date renamed to Standardization_Date_Label; ISO 8601 machine-readable columns Deprecation_Date_ISO and Standardization_Date_ISO added.
SM2 (OSCCA),256-bit,Aigis-sig (CACR Level 1),Signature,TBD — NGCC program targeting ~2028,2020 (CACR 1st Prize); NGCC standardization ~2028,CACR,To Be Checked,,2028-01-01,2020-01-01,Proposed 2026-05-06: Deprecation Date renamed to Deprecation_Date_Label; Standardization Date renamed to Standardization_Date_Label; ISO 8601 machine-readable columns Deprecation_Date_ISO and Standardization_Date_ISO added.
SM2 (OSCCA),256-bit,Aigis-sig (CACR Level 5),Signature,TBD — NGCC program targeting ~2028,2020 (CACR 1st Prize); NGCC standardization ~2028,CACR,To Be Checked,,2028-01-01,2020-01-01,Proposed 2026-05-06: Deprecation Date renamed to Deprecation_Date_Label; Standardization Date renamed to Standardization_Date_Label; ISO 8601 machine-readable columns Deprecation_Date_ISO and Standardization_Date_ISO added.
SM2 (OSCCA),256-bit,Aigis-enc (CACR Level 1),Encryption/KEM,TBD — NGCC program targeting ~2028,2020 (CACR 1st Prize); NGCC standardization ~2028,CACR,To Be Checked,,2028-01-01,2020-01-01,Proposed 2026-05-06: Deprecation Date renamed to Deprecation_Date_Label; Standardization Date renamed to Standardization_Date_Label; ISO 8601 machine-readable columns Deprecation_Date_ISO and Standardization_Date_ISO added.
SM2 (OSCCA),256-bit,Aigis-enc (CACR Level 5),Encryption/KEM,TBD — NGCC program targeting ~2028,2020 (CACR 1st Prize); NGCC standardization ~2028,CACR,To Be Checked,,2028-01-01,2020-01-01,Proposed 2026-05-06: Deprecation Date renamed to Deprecation_Date_Label; Standardization Date renamed to Standardization_Date_Label; ISO 8601 machine-readable columns Deprecation_Date_ISO and Standardization_Date_ISO added.
SM2 (OSCCA),256-bit,LAC (CACR LWE-based KEM),Encryption/KEM,TBD — NGCC program targeting ~2028,2020 (CACR 1st Prize); NGCC standardization ~2028,CACR,To Be Checked,,2028-01-01,2020-01-01,Proposed 2026-05-06: Deprecation Date renamed to Deprecation_Date_Label; Standardization Date renamed to Standardization_Date_Label; ISO 8601 machine-readable columns Deprecation_Date_ISO and Standardization_Date_ISO added.
SM4 (OSCCA),128-bit,NGCC-BC (TBD — Chinese PQ block cipher),Symmetric,Not deprecated — Grover reduces to ~64-bit; NGCC-BC track initiated,NGCC call open; submissions due June 2026; standard ~2028,CACR,To Be Checked,,,2026-01-01,Proposed 2026-05-06: Deprecation Date renamed to Deprecation_Date_Label; Standardization Date renamed to Standardization_Date_Label; ISO 8601 machine-readable columns Deprecation_Date_ISO and Standardization_Date_ISO added.
SM3 (OSCCA),256-bit,NGCC-CH (TBD — Chinese PQ hash),Hash,Not deprecated — Grover reduces to ~128-bit; NGCC-CH track initiated,NGCC call open; submissions due June 2026; standard ~2028,CACR,To Be Checked,,,2026-01-01,Proposed 2026-05-06: Deprecation Date renamed to Deprecation_Date_Label; Standardization Date renamed to Standardization_Date_Label; ISO 8601 machine-readable columns Deprecation_Date_ISO and Standardization_Date_ISO added.
ECDH (P-256),256-bit,SMAUG-T (KpqC Level 1),Encryption/KEM,2035 (Disallowed),2025 (KpqC Final Winner); Korean national standard TBD,KpqC,Candidate,https://www.kpqc.or.kr,2035-01-01,2025-01-01,Proposed 2026-05-06: Deprecation Date renamed to Deprecation_Date_Label; Standardization Date renamed to Standardization_Date_Label; ISO 8601 machine-readable columns Deprecation_Date_ISO and Standardization_Date_ISO added.
ECDH (P-384),384-bit,NTRU+ (KpqC Level 3),Encryption/KEM,2035 (Disallowed),2025 (KpqC Final Winner); Korean national standard TBD,KpqC,Candidate,https://www.kpqc.or.kr,2035-01-01,2025-01-01,Proposed 2026-05-06: Deprecation Date renamed to Deprecation_Date_Label; Standardization Date renamed to Standardization_Date_Label; ISO 8601 machine-readable columns Deprecation_Date_ISO and Standardization_Date_ISO added.
ECDSA (P-256),256-bit,HAETAE (KpqC Lattice Signature),Signature,2035 (Disallowed),2025 (KpqC Final Winner); Korean national standard TBD,KpqC,Candidate,https://www.kpqc.or.kr,2035-01-01,2025-01-01,Proposed 2026-05-06: Deprecation Date renamed to Deprecation_Date_Label; Standardization Date renamed to Standardization_Date_Label; ISO 8601 machine-readable columns Deprecation_Date_ISO and Standardization_Date_ISO added.
ECDSA (P-256),256-bit,AIMer (KpqC Symmetric Signature),Signature,2035 (Disallowed),2025 (KpqC Final Winner); Korean national standard TBD,KpqC,Candidate,https://www.kpqc.or.kr,2035-01-01,2025-01-01,Proposed 2026-05-06: Deprecation Date renamed to Deprecation_Date_Label; Standardization Date renamed to Standardization_Date_Label; ISO 8601 machine-readable columns Deprecation_Date_ISO and Standardization_Date_ISO added.
RSA,3072-bit,FrodoKEM-976 (BSI/ANSSI/ISO Level 3),Encryption/KEM,2035 (Disallowed),ISO/IEC 18033-2 Amd2 approved; BSI TR-02102-1 recommended,BSI/ANSSI,ISO 18033-2 Amd2,https://www.iso.org/standard/85646.html,2035-01-01,,Proposed 2026-05-06: Deprecation Date renamed to Deprecation_Date_Label; Standardization Date renamed to Standardization_Date_Label; ISO 8601 machine-readable columns Deprecation_Date_ISO and Standardization_Date_ISO added.
RSA,4096-bit,FrodoKEM-1344 (BSI/ANSSI/ISO Level 5),Encryption/KEM,2035 (Disallowed),ISO/IEC 18033-2 Amd2 approved; BSI TR-02102-1 recommended,BSI/ANSSI,ISO 18033-2 Amd2,https://www.iso.org/standard/85646.html,2035-01-01,,Proposed 2026-05-06: Deprecation Date renamed to Deprecation_Date_Label; Standardization Date renamed to Standardization_Date_Label; ISO 8601 machine-readable columns Deprecation_Date_ISO and Standardization_Date_ISO added.
ECDH (P-256),256-bit,FrodoKEM-640 (BSI/ISO Level 1),Encryption/KEM,2035 (Disallowed),ISO/IEC 18033-2 Amd2 approved; BSI TR-02102-1 recommended,BSI/ANSSI,ISO 18033-2 Amd2,https://www.iso.org/standard/85646.html,2035-01-01,,Proposed 2026-05-06: Deprecation Date renamed to Deprecation_Date_Label; Standardization Date renamed to Standardization_Date_Label; ISO 8601 machine-readable columns Deprecation_Date_ISO and Standardization_Date_ISO added.
RSA,3072-bit,Classic McEliece 460896 (BSI Level 1),Encryption/KEM,2035 (Disallowed),BSI TR-02102-1 recommended; NIST delayed for ISO alignment,BSI/ANSSI,BSI TR-02102-1,https://www.bsi.bund.de/dok/TR-02102-1-en,2035-01-01,,Proposed 2026-05-06: Deprecation Date renamed to Deprecation_Date_Label; Standardization Date renamed to Standardization_Date_Label; ISO 8601 machine-readable columns Deprecation_Date_ISO and Standardization_Date_ISO added.
RSA,4096-bit,Classic McEliece 6688128 (BSI Level 5),Encryption/KEM,2035 (Disallowed),BSI TR-02102-1 recommended; NIST delayed for ISO alignment,BSI/ANSSI,BSI TR-02102-1,https://www.bsi.bund.de/dok/TR-02102-1-en,2035-01-01,,Proposed 2026-05-06: Deprecation Date renamed to Deprecation_Date_Label; Standardization Date renamed to Standardization_Date_Label; ISO 8601 machine-readable columns Deprecation_Date_ISO and Standardization_Date_ISO added.
Any (Attribute-Based Encryption),,Covercrypt (ETSI TS 104 015),Hybrid KEM with Access Control,,Feb 2025 (ETSI TS 104 015 published),ETSI,ETSI TS 104 015,https://www.etsi.org/deliver/etsi_ts/104000_104099/104015/01.01.01_60/ts_104015v010101p.pdf,,2025-01-01,Proposed 2026-05-06: Deprecation Date renamed to Deprecation_Date_Label; Standardization Date renamed to Standardization_Date_Label; ISO 8601 machine-readable columns Deprecation_Date_ISO and Standardization_Date_ISO added.
ECDSA (P-256),256-bit,UOV (NIST Sig Round 2 — Multivariate),Signature,2035 (Disallowed),NIST Additional Sig Round 2 (Oct 2024); final ~2027,NIST,Candidate,https://csrc.nist.gov/projects/pqc-dig-sig/round-2-additional-signatures,2035-01-01,2024-01-01,Proposed 2026-05-06: Deprecation Date renamed to Deprecation_Date_Label; Standardization Date renamed to Standardization_Date_Label; ISO 8601 machine-readable columns Deprecation_Date_ISO and Standardization_Date_ISO added.
ECDSA (P-256),256-bit,MAYO (NIST Sig Round 2 — Multivariate),Signature,2035 (Disallowed),NIST Additional Sig Round 2 (Oct 2024); final ~2027,NIST,Candidate,https://csrc.nist.gov/projects/pqc-dig-sig/round-2-additional-signatures,2035-01-01,2024-01-01,Proposed 2026-05-06: Deprecation Date renamed to Deprecation_Date_Label; Standardization Date renamed to Standardization_Date_Label; ISO 8601 machine-readable columns Deprecation_Date_ISO and Standardization_Date_ISO added.
ECDSA (P-256),256-bit,SQIsign (NIST Sig Round 2 — Isogeny),Signature,2035 (Disallowed),NIST Additional Sig Round 2 (Oct 2024); final ~2027,NIST,Candidate,https://csrc.nist.gov/projects/pqc-dig-sig/round-2-additional-signatures,2035-01-01,2024-01-01,Proposed 2026-05-06: Deprecation Date renamed to Deprecation_Date_Label; Standardization Date renamed to Standardization_Date_Label; ISO 8601 machine-readable columns Deprecation_Date_ISO and Standardization_Date_ISO added.
ECDSA (P-256),256-bit,CROSS (NIST Sig Round 2 — Code-based),Signature,2035 (Disallowed),NIST Additional Sig Round 2 (Oct 2024); final ~2027,NIST,Candidate,https://csrc.nist.gov/projects/pqc-dig-sig/round-2-additional-signatures,2035-01-01,2024-01-01,Proposed 2026-05-06: Deprecation Date renamed to Deprecation_Date_Label; Standardization Date renamed to Standardization_Date_Label; ISO 8601 machine-readable columns Deprecation_Date_ISO and Standardization_Date_ISO added.
ECDSA (P-256),256-bit,LESS (NIST Sig Round 2 — Code-based),Signature,2035 (Disallowed),NIST Additional Sig Round 2 (Oct 2024); final ~2027,NIST,Candidate,https://csrc.nist.gov/projects/pqc-dig-sig/round-2-additional-signatures,2035-01-01,2024-01-01,Proposed 2026-05-06: Deprecation Date renamed to Deprecation_Date_Label; Standardization Date renamed to Standardization_Date_Label; ISO 8601 machine-readable columns Deprecation_Date_ISO and Standardization_Date_ISO added.
ECDSA (P-256),256-bit,FAEST (NIST Sig Round 2 — Hash-based),Signature,2035 (Disallowed),NIST Additional Sig Round 2 (Oct 2024); final ~2027,NIST,Candidate,https://csrc.nist.gov/projects/pqc-dig-sig/round-2-additional-signatures,2035-01-01,2024-01-01,Proposed 2026-05-06: Deprecation Date renamed to Deprecation_Date_Label; Standardization Date renamed to Standardization_Date_Label; ISO 8601 machine-readable columns Deprecation_Date_ISO and Standardization_Date_ISO added.
ECDSA (P-256),256-bit,HAWK (NIST Sig Round 2 — Lattice),Signature,2035 (Disallowed),NIST Additional Sig Round 2 (Oct 2024); final ~2027,NIST,Candidate,https://csrc.nist.gov/projects/pqc-dig-sig/round-2-additional-signatures,2035-01-01,2024-01-01,Proposed 2026-05-06: Deprecation Date renamed to Deprecation_Date_Label; Standardization Date renamed to Standardization_Date_Label; ISO 8601 machine-readable columns Deprecation_Date_ISO and Standardization_Date_ISO added.
ECDSA (P-256),256-bit,SNOVA (NIST Sig Round 2 — Multivariate),Signature,2035 (Disallowed),NIST Additional Sig Round 2 (Oct 2024); final ~2027,NIST,Candidate,https://csrc.nist.gov/projects/pqc-dig-sig/round-2-additional-signatures,2035-01-01,2024-01-01,Proposed 2026-05-06: Deprecation Date renamed to Deprecation_Date_Label; Standardization Date renamed to Standardization_Date_Label; ISO 8601 machine-readable columns Deprecation_Date_ISO and Standardization_Date_ISO added.
RSA-PSS + ML-DSA,Composite,ML-DSA-44-RSA2048-PSS (IETF Composite Sig),Composite Signature,2035 (Disallowed),IETF draft-ietf-lamps-pq-composite-sigs-15 (2025),IETF,Candidate,,2035-01-01,2025-01-01,Proposed 2026-05-06: Deprecation Date renamed to Deprecation_Date_Label; Standardization Date renamed to Standardization_Date_Label; ISO 8601 machine-readable columns Deprecation_Date_ISO and Standardization_Date_ISO added.
ECDSA + ML-DSA,Composite,ML-DSA-44-ECDSA-P256 (IETF Composite Sig),Composite Signature,2035 (Disallowed),IETF draft-ietf-lamps-pq-composite-sigs-15 (2025),IETF,Candidate,,2035-01-01,2025-01-01,Proposed 2026-05-06: Deprecation Date renamed to Deprecation_Date_Label; Standardization Date renamed to Standardization_Date_Label; ISO 8601 machine-readable columns Deprecation_Date_ISO and Standardization_Date_ISO added.
Ed25519 + ML-DSA,Composite,ML-DSA-44-Ed25519 (IETF Composite Sig),Composite Signature,2035 (Disallowed),IETF draft-ietf-lamps-pq-composite-sigs-15 (2025),IETF,Candidate,,2035-01-01,2025-01-01,Proposed 2026-05-06: Deprecation Date renamed to Deprecation_Date_Label; Standardization Date renamed to Standardization_Date_Label; ISO 8601 machine-readable columns Deprecation_Date_ISO and Standardization_Date_ISO added.
ECDH + ML-KEM,Composite,ML-KEM-768-ECDH-P256 (IETF Composite KEM),Composite KEM,2035 (Disallowed),IETF draft-ietf-lamps-pq-composite-kem-12 (2025),IETF,Candidate,,2035-01-01,2025-01-01,Proposed 2026-05-06: Deprecation Date renamed to Deprecation_Date_Label; Standardization Date renamed to Standardization_Date_Label; ISO 8601 machine-readable columns Deprecation_Date_ISO and Standardization_Date_ISO added.
RSA-OAEP + ML-KEM,Composite,ML-KEM-768-RSA-OAEP-2048 (IETF Composite KEM),Composite KEM,2035 (Disallowed),IETF draft-ietf-lamps-pq-composite-kem-12 (2025),IETF,Candidate,,2035-01-01,2025-01-01,Proposed 2026-05-06: Deprecation Date renamed to Deprecation_Date_Label; Standardization Date renamed to Standardization_Date_Label; ISO 8601 machine-readable columns Deprecation_Date_ISO and Standardization_Date_ISO added.
DH (Diffie-Hellman),3072-bit,ML-KEM-768 (NIST Level 3),Encryption/KEM,2035 (Disallowed),2024 (FIPS 203),NIST,FIPS 203,https://csrc.nist.gov/pubs/fips/203/final,2035-01-01,2024-01-01,Proposed 2026-05-06: Deprecation Date renamed to Deprecation_Date_Label; Standardization Date renamed to Standardization_Date_Label; ISO 8601 machine-readable columns Deprecation_Date_ISO and Standardization_Date_ISO added.
DH (Diffie-Hellman),4096-bit,ML-KEM-1024 (NIST Level 5),Encryption/KEM,2035 (Disallowed),2024 (FIPS 203),NIST,FIPS 203,https://csrc.nist.gov/pubs/fips/203/final,2035-01-01,2024-01-01,Proposed 2026-05-06: Deprecation Date renamed to Deprecation_Date_Label; Standardization Date renamed to Standardization_Date_Label; ISO 8601 machine-readable columns Deprecation_Date_ISO and Standardization_Date_ISO added.
RSA PKCS#1 v1.5,2048-bit,ML-DSA-44 (NIST Level 2),Signature,2030 (Deprecated) / 2035 (Disallowed),2024 (FIPS 204),NIST,FIPS 204,https://csrc.nist.gov/pubs/fips/204/final,2030-01-01,2024-01-01,Proposed 2026-05-06: Deprecation Date renamed to Deprecation_Date_Label; Standardization Date renamed to Standardization_Date_Label; ISO 8601 machine-readable columns Deprecation_Date_ISO and Standardization_Date_ISO added.
RSA PKCS#1 v1.5,3072-bit,ML-DSA-65 (NIST Level 3),Signature,2035 (Disallowed),2024 (FIPS 204),NIST,FIPS 204,https://csrc.nist.gov/pubs/fips/204/final,2035-01-01,2024-01-01,Proposed 2026-05-06: Deprecation Date renamed to Deprecation_Date_Label; Standardization Date renamed to Standardization_Date_Label; ISO 8601 machine-readable columns Deprecation_Date_ISO and Standardization_Date_ISO added.
RSA-PSS,4096-bit,SLH-DSA-SHA2-256s (Level 5),Signature,2035 (Disallowed),2024 (FIPS 205),NIST,FIPS 205,https://csrc.nist.gov/pubs/fips/205/final,2035-01-01,2024-01-01,Proposed 2026-05-06: Deprecation Date renamed to Deprecation_Date_Label; Standardization Date renamed to Standardization_Date_Label; ISO 8601 machine-readable columns Deprecation_Date_ISO and Standardization_Date_ISO added.
ECDSA (P-521),521-bit,SLH-DSA-SHA2-256s (Level 5),Signature,2035 (Disallowed),2024 (FIPS 205),NIST,FIPS 205,https://csrc.nist.gov/pubs/fips/205/final,2035-01-01,2024-01-01,Proposed 2026-05-06: Deprecation Date renamed to Deprecation_Date_Label; Standardization Date renamed to Standardization_Date_Label; ISO 8601 machine-readable columns Deprecation_Date_ISO and Standardization_Date_ISO added.
Ed25519,256-bit,SLH-DSA-SHAKE-128s (Level 1),Signature,2035 (Disallowed),2024 (FIPS 205),NIST,FIPS 205,https://csrc.nist.gov/pubs/fips/205/final,2035-01-01,2024-01-01,Proposed 2026-05-06: Deprecation Date renamed to Deprecation_Date_Label; Standardization Date renamed to Standardization_Date_Label; ISO 8601 machine-readable columns Deprecation_Date_ISO and Standardization_Date_ISO added.
ECDSA (P-384),384-bit,SLH-DSA-SHAKE-192s (Level 3),Signature,2035 (Disallowed),2024 (FIPS 205),NIST,FIPS 205,https://csrc.nist.gov/pubs/fips/205/final,2035-01-01,2024-01-01,Proposed 2026-05-06: Deprecation Date renamed to Deprecation_Date_Label; Standardization Date renamed to Standardization_Date_Label; ISO 8601 machine-readable columns Deprecation_Date_ISO and Standardization_Date_ISO added.
DH (Diffie-Hellman),2048-bit,HQC-128 (NIST Level 1),Encryption/KEM,2035 (Disallowed),Selected 2025 (Draft ~2027),NIST,Candidate,https://csrc.nist.gov/projects/post-quantum-cryptography,2035-01-01,2025-01-01,Proposed 2026-05-06: Deprecation Date renamed to Deprecation_Date_Label; Standardization Date renamed to Standardization_Date_Label; ISO 8601 machine-readable columns Deprecation_Date_ISO and Standardization_Date_ISO added.
DH (Diffie-Hellman),3072-bit,HQC-192 (NIST Level 3),Encryption/KEM,2035 (Disallowed),Selected 2025 (Draft ~2027),NIST,Candidate,https://csrc.nist.gov/projects/post-quantum-cryptography,2035-01-01,2025-01-01,Proposed 2026-05-06: Deprecation Date renamed to Deprecation_Date_Label; Standardization Date renamed to Standardization_Date_Label; ISO 8601 machine-readable columns Deprecation_Date_ISO and Standardization_Date_ISO added.
SHA-1,160-bit,SHA-256 (FIPS 180-4),Hash,Deprecated 2011 / Disallowed 2030 — Grover: no additional risk (classically broken),2012 (FIPS 180-4 Rev),NIST,FIPS 180-4,https://csrc.nist.gov/pubs/fips/180-4/final,2011-01-01,2012-01-01,Proposed 2026-05-06: Deprecation Date renamed to Deprecation_Date_Label; Standardization Date renamed to Standardization_Date_Label; ISO 8601 machine-readable columns Deprecation_Date_ISO and Standardization_Date_ISO added.
MD5,128-bit,SHA-256 (FIPS 180-4),Hash,Disallowed — classically broken; Grover not primary concern,2012 (FIPS 180-4 Rev),NIST,FIPS 180-4,https://csrc.nist.gov/pubs/fips/180-4/final,,2012-01-01,Proposed 2026-05-06: Deprecation Date renamed to Deprecation_Date_Label; Standardization Date renamed to Standardization_Date_Label; ISO 8601 machine-readable columns Deprecation_Date_ISO and Standardization_Date_ISO added.
HPKE (X25519+HKDF),256-bit,"HPKE-PQ (ML-KEM-768 + X25519, IETF)",Hybrid KEM (HPKE),2035 (Disallowed),IETF draft-ietf-hpke-pq-03 (2025),IETF,Candidate,,2035-01-01,2025-01-01,Proposed 2026-05-06: Deprecation Date renamed to Deprecation_Date_Label; Standardization Date renamed to Standardization_Date_Label; ISO 8601 machine-readable columns Deprecation_Date_ISO and Standardization_Date_ISO added.
