id,label,description,industries,countries,requires_pqc,deadline,notes,enforcement_body,library_refs,timeline_refs,body_type,website,trusted_source_id,peer_reviewed,vetting_body,website_url_quality,confidence_score,cswp39_tags,naics_codes,status,deprecated_at,deprecated_reason,related_standards
NIST,NIST,National Institute of Standards and Technology — US federal agency that standardized the first PQC algorithms,92;52;54;62;22,US,yes,Ongoing,"NIST's PQC Standardization Project (launched 2016) selected ML-KEM (FIPS 203), ML-DSA (FIPS 204), and SLH-DSA (FIPS 205) as the first post-quantum standards, published August 2024. FN-DSA (FIPS 206) published March 2025. NIST IR 8547 defines the transition timeline: deprecate 112-bit classical asymmetric by 2030, disallow by 2035. NIST also runs CMVP (module validation) and CAVP (algorithm validation) programs that enforce these standards globally.",NIST,FIPS 203;FIPS 204;FIPS 205;NIST SP 800-227;FIPS 206,United States:NIST,standardization_body,https://csrc.nist.gov/projects/post-quantum-cryptography,nist-csrc,yes,NIST,url_authoritative,85,,92;52;54;62;22,active,,,
ENISA,ENISA,European Union Agency for Cybersecurity — EU's PQC guidance authority and EUCC scheme co-manager,92;54;52,PQC-REGION-EU,yes,Ongoing,ENISA published the landmark 2022 Post-Quantum Cryptography report and subsequent PQC guidelines adopted across EU member states. Co-manages the EUCC certification scheme with ECCG. Provides technical support for NIS2 implementation and coordinates EU-wide PQC migration readiness. ENISA's guidelines are the primary reference for EU organizations planning PQC transitions.,ENISA,ENISA PQC Guidelines;ENISA-Crypto-Market-Analysis-2024;ENISA-State-of-Cybersecurity-2024;ENISA-Threat-Landscape-2025,European Union:EC,standardization_body,https://www.enisa.europa.eu/,enisa,yes,ENISA,url_authoritative,85,,92;54;52,active,,,
ISO-IEC,ISO/IEC JTC 1/SC 27,"ISO/IEC Joint Technical Committee 1, Subcommittee 27 — international body standardizing PQC algorithms for global adoption",92;54;52;62,PQC-REGION-GLOBAL,yes,Ongoing,"ISO/IEC JTC 1/SC 27 Working Group 2 standardizes cryptographic mechanisms for global use. Key PQC work items: ISO/IEC 14888-4 (ML-DSA/Dilithium digital signatures, under development), ISO/IEC 18033 series (encryption, ML-KEM alignment). ISO standards often harmonize with NIST outputs to enable global adoption outside US jurisdiction. Relevant for organizations requiring internationally recognized standards beyond NIST FIPS.",ISO/IEC,ISO/IEC 14888-4:2024;ISO/IEC 18033-2:2006/AMD1:2017,,standardization_body,https://www.iso.org/committee/45306.html,iso-iec-sc27,yes,ISO/IEC,url_authoritative,85,,92;54;52;62,active,,,
IETF,IETF,"Internet Engineering Task Force — open standards body integrating PQC algorithms into internet protocols (TLS, SSH, CMS, S/MIME)",54;51;52,PQC-REGION-GLOBAL,yes,Ongoing,"IETF's PQUIP (Post-Quantum Use In Protocols) working group coordinates PQC integration across the internet protocol stack. 30+ active RFCs and drafts for PQC in 2025-2026 including: RFC 9881/9882 (ML-DSA in X.509/CMS), RFC 9794 (hybrid terminology), RFC 9814 (SLH-DSA in CMS), draft-ietf-tls-ecdhe-mlkem (TLS 1.3 hybrid), draft-ietf-lamps-pq-composite-kem (composite KEM). 6+ drafts in RFC Editor Queue as of early 2026.",IETF,RFC 9794;RFC 9881;RFC 9882;draft-ietf-tls-ecdhe-mlkem-04;draft-ietf-pquip-pqc-engineers-14,,standardization_body,https://datatracker.ietf.org/wg/pquip/about/,ietf,yes,IETF,url_authoritative,85,,54;51;52,active,,,
FIPS-140-3,FIPS 140-3,NIST cryptographic module validation program,92;52;54,US;CA;AU,yes,2030 (NIST IR 8547 deprecation target),CMVP validation will require PQC algorithm support. FIPS 203/204/205 already published. The 2030 date reflects NIST IR 8547's timeline for deprecating 112-bit classical asymmetric algorithms. Important milestone: all FIPS 140-2 certificates move to the Historical list on September 21 2026 — after that date only FIPS 140-3 validated modules may be procured for new federal systems.,NIST,FIPS 203;FIPS 204;FIPS 205;NIST SP 800-227,United States:NIST,certification_body,https://csrc.nist.gov/projects/cryptographic-module-validation-program,nist-csrc,yes,NIST,url_authoritative,85,,92;52;54,active,,,
COMMON-CRITERIA,Common Criteria,International security evaluation framework,92;54,PQC-REGION-GLOBAL,yes,Ongoing — PQC protection profiles emerging,New protection profiles for PQC are being developed. Certification timelines vary by scheme.,CC Recognition Arrangement,EUCC v2.0 ACM,,certification_body,https://www.commoncriteriaportal.org,iso-iec-sc27,yes,CC Recognition Arrangement,url_needs_review,85,,92;54,active,,,
ANSSI,ANSSI,French national cybersecurity agency regulation,92;52,FR,yes,2025-2030 (phased; mandatory PQC qualification by 2027),"French regulation requires hybrid PQC for new systems. Full migration by 2030. ANSSI issued first PQC security certifications Sept-Oct 2025 (Thales Smartcard MultiApp 5.2 Premium PQC, Samsung S3SSE2A). Updated PQC FAQ published Oct 2025 with comprehensive algorithm guidance. Mandatory PQC qualification requirement effective 2027.",ANSSI,ANSSI PQC Position Paper;ANSSI PQC Follow-up Paper;ANSSI-PQC-FAQ-2025;ANSSI-PG-083-v3-2026,France:ANSSI,compliance_framework,https://www.ssi.gouv.fr,anssi,yes,ANSSI,url_needs_review,85,,92;52,active,,,
CNSA-2,CNSA 2.0,NSA mandate for national security systems,92,US,yes,2025-2033 (phased by category),"NSA mandate for U.S. national security systems. Phased deadlines by category: software/firmware signing prefer 2025 exclusively 2030; web/cloud prefer 2025 exclusively 2033; networking prefer 2026 exclusively 2030; OS prefer 2027 exclusively 2033; niche/legacy 2030-2033. Revised May 2025 algorithm document specifies ML-KEM-1024, ML-DSA-87, AES-256, SHA-384/512, LMS/XMSS. Executive Order 14306 (June 2025) ties CNSA 2.0 to federal procurement mandates via CISA product category list.",NSA,NSA CNSA 2.0;NSA CNSA 2.0 FAQ;NSA CSfC PQC Guidance Addendum;EO-14306;DoD-CIO-PQC-Memo-2025,United States:NSA,compliance_framework,https://www.nsa.gov/Cybersecurity/CNSA-2-0/,nsa-advisory,yes,NSA,url_authoritative,85,,92,active,,,
EIDAS,eIDAS 2.0,EU Digital Identity and Trust Services regulation,54;52,PQC-REGION-EU,yes,2026 (wallet deployments); 2030 (PQC high-risk); 2035 (PQC full),"The 2026/2030/2035 PQC milestones are from the NIS Cooperation Group Coordinated Implementation Roadmap for the Transition to Post-Quantum Cryptography (Jun 2025), mandated by EC Recommendation 2024/1101 (Apr 2024) — not from eIDAS itself. eIDAS 2.0 digital wallets fall under NIS2 essential-entity scope, which is how eIDAS-governed systems become subject to those timelines. Roadmap: digital-strategy.ec.europa.eu/en/library/coordinated-implementation-roadmap-transition-post-quantum-cryptography",European Commission,ENISA PQC Guidelines;EUDI-Wallet-ARF;ENISA-EUDI-Wallet-Security,European Union:EC,compliance_framework,https://digital-strategy.ec.europa.eu/en/policies/eidas-regulation,ec,yes,European Commission,url_needs_review,85,,54;52,active,,,
PCI-DSS,PCI DSS,Payment Card Industry Data Security Standard,52;44,PQC-REGION-GLOBAL,no,No explicit PQC timeline yet,PCI DSS 4.0 Requirement 12.3.3 (mandatory since March 2025) requires documented cryptographic cipher suite inventory and a plan for anticipated crypto changes — effectively a crypto-agility mandate. Payment card industry will follow NIST guidance for PQC algorithm specifics.,PCI SSC,FIPS 203;FIPS 204;FIPS 205,,compliance_framework,https://www.pcisecuritystandards.org,pci-ssc,yes,PCI SSC,url_authoritative,85,,52;44,active,,,
HIPAA,HIPAA,US health data privacy and security rule,62,US,no,No explicit PQC timeline yet,Healthcare data has long sensitivity periods — HNDL risk is significant.,HHS OCR,FIPS 203;FIPS 204;FIPS 205;NIST SP 800-227,,compliance_framework,https://www.hhs.gov/hipaa,hhs,yes,HHS OCR,url_authoritative,85,,62,active,,,
GSMA-NG116,GSMA NG.116 / FS.40,GSMA PQC guidelines for mobile network operators,51,PQC-REGION-GLOBAL,yes,2026-2028,Mobile network operator PQC guidance from GSMA. Covers 5G and beyond.,GSMA,GSMA PQ.03 PQC Guidelines,International:GSMA,compliance_framework,https://www.gsma.com/solutions-and-impact/technologies/networks/ng116/,gsma,yes,GSMA,url_authoritative,85,,51,active,,,
ETSI-TS103744,ETSI TS 103 744,ETSI quantum-safe cryptography for telecommunications,51,PQC-REGION-EU,yes,Ongoing,ETSI specification for quantum-safe algorithms in telecom protocols.,ETSI,ETSI TR 103 619;ETSI TS 103 744,International:ETSI/IQC,technical_standard,https://www.etsi.org/committee/cyber,etsi-cyber,yes,ETSI,url_authoritative,85,,51,active,,,
DORA,DORA (EU Digital Operational Resilience),EU financial sector ICT risk and resilience regulation,52,PQC-REGION-EU,yes,2025 (effective),Operational resilience requirements for EU financial entities. Crypto risk in scope.,EBA/ESMA/EIOPA,ENISA PQC Guidelines,European Union:EC,compliance_framework,https://www.eiopa.europa.eu/digital-operational-resilience-act-dora_en,bis,yes,EBA/ESMA/EIOPA,url_needs_review,85,,52,active,,,
SWIFT-CSP,SWIFT CSP,SWIFT Customer Security Programme mandatory controls,52,PQC-REGION-GLOBAL,no,Annual,Annual security attestation required for SWIFT network participants.,SWIFT,FIPS 203;FIPS 204;FIPS 205,,compliance_framework,https://www.swift.com/myswift/customer-security-programme,swift,yes,SWIFT,url_authoritative,85,,52,active,,,
ISO-27001,ISO 27001,International information security management standard,52;54;62;51;22;92,PQC-REGION-GLOBAL,no,Ongoing,Widely adopted ISMS standard. No explicit PQC deadline but requires crypto risk management.,ISO/IEC,FIPS 203;FIPS 204;FIPS 205,,technical_standard,https://www.iso.org/standard/27001,iso-iec-sc27,yes,ISO/IEC,url_authoritative,85,,52;54;62;51;22;92,active,,,
SOC-2,SOC 2,Service Organization Control 2 trust services criteria,54;52;62,US;CA,no,Ongoing,Trust Services Criteria. Cryptographic controls reviewed in SOC 2 Type II audits.,AICPA,FIPS 203;FIPS 204;FIPS 205,,compliance_framework,https://www.aicpa-cima.com/resources/landing/system-and-organization-controls-soc-suite-of-services,aicpa,yes,AICPA,url_needs_review,85,,54;52;62,active,,,
GDPR,GDPR,EU General Data Protection Regulation,62;54;52;44;61,PQC-REGION-EU,no,Ongoing,Art. 32 requires appropriate encryption. PQC becoming expected standard for long-lived personal data.,EU DPAs,ENISA PQC Guidelines,European Union:EC,compliance_framework,https://gdpr.eu,enisa,yes,EU DPAs,url_needs_review,85,,62;54;52;44;61,active,,,
HITECH,HITECH Act,Health Information Technology for Economic and Clinical Health Act,62,US,no,Ongoing,Extends HIPAA enforcement. Mandates breach notification and strong encryption for ePHI.,HHS OCR,FIPS 203;FIPS 204;FIPS 205;NIST SP 800-227,,compliance_framework,https://www.hhs.gov/hipaa/for-professionals/special-topics/hitech-act-enforcement-interim-final-rule/index.html,hhs,yes,HHS OCR,url_authoritative,85,,62,active,,,
FDA-21CFR11,FDA 21 CFR Part 11,Electronic records and signatures in FDA-regulated industries,62,US,no,Ongoing,Signature integrity requirements applicable to PQC migration for regulated medical software.,FDA,FIPS 203;FIPS 204;FIPS 205;NIST SP 800-227,,compliance_framework,https://www.fda.gov/regulatory-information/search-fda-guidance-documents/part-11-electronic-records-electronic-signatures-scope-and-application,fda,yes,FDA,url_authoritative,85,,62,active,,,
FEDRAMP,FedRAMP,Federal Risk and Authorization Management Program,92,US,yes,Ongoing (Rev 5 — PQC guidance expected),No direct FedRAMP PQC mandate today. Dependency chain: FIPS 203/204/205 (Aug 2024) → CMVP must validate PQC modules under FIPS 140-3 (no earlier than 2026-2027) → SP 800-53 updated with PQC controls → FedRAMP baselines incorporate. OMB post-FIPS guidance (statutorily due Aug 2025) not yet published. Realistic enforcement: 2027+. Mandate mechanism: indirect via NIST FIPS 140-3 / SP 800-53 chain.,GSA/FedRAMP PMO,CISA-PQC-CATEGORY-LIST-2026;EO-14306;GSA-PQC-Buyers-Guide-2025,United States:NIST,certification_body,https://www.fedramp.gov,cisa,yes,GSA/FedRAMP PMO,url_authoritative,85,,92,active,,,
DISA-STIG,DISA STIGs,Defense Information Systems Agency Security Technical Implementation Guides,92,US,yes,Ongoing,Mandatory hardening guides for U.S. DoD systems. Crypto requirements updated regularly.,DISA,NSA CNSA 2.0;DoD-CIO-PQC-Memo-2025,United States:NSA,compliance_framework,https://public.cyber.mil/stigs/,disa,yes,DISA,url_authoritative,85,,92,active,,,
NATO-4774,NATO STANAG 4774,NATO confidentiality metadata labeling standard,92,US;PQC-REGION-EU;CA;CZ;AU,yes,Ongoing,Coalition partner interoperability requirements. PQC transition affects classified data exchange.,NATO,FIPS 203;FIPS 204;FIPS 205,NATO:NATO,compliance_framework,https://www.nato.int/cps/en/natohq/topics_78170.htm,nato,yes,NATO,url_authoritative,85,,92,active,,,
ISO-SAE-21434,ISO/SAE 21434,Road vehicle cybersecurity engineering standard,48,PQC-REGION-GLOBAL,yes,Ongoing,Full vehicle lifecycle security including post-quantum readiness. Required for new type approvals.,ISO/SAE,IEEE 1609.2 Amendment,,technical_standard,https://www.iso.org/standard/70918.html,iso-iec-sc27,yes,ISO/SAE,url_authoritative,85,,48,active,,,
UN-ECE-WP29,UN ECE WP.29 R155/R156,UN regulations for vehicle cybersecurity and software updates,48,PQC-REGION-EU,yes,Ongoing,Type approval requires cybersecurity management systems and secure OTA update processes.,UNECE,FIPS 203;FIPS 204;FIPS 205,,compliance_framework,https://unece.org/transport/vehicle-regulations,unece,yes,UNECE,url_authoritative,85,,48,active,,,
NERC-CIP,NERC CIP,North American Electric Reliability Corporation Critical Infrastructure Protection,22,US;CA,yes,Ongoing,Mandatory cybersecurity standards for bulk power systems. Crypto controls in CIP-005/007/011.,NERC,FIPS 203;FIPS 204;FIPS 205;NIST SP 800-227,,compliance_framework,https://www.nerc.com/pa/Stand/Pages/ReliabilityStandards.aspx,nerc,yes,NERC,url_authoritative,85,,22,active,,,
IEC-62443,IEC 62443,Industrial cybersecurity standard for OT/ICS environments,22;48;48,PQC-REGION-GLOBAL,yes,Ongoing,Defense-in-depth for industrial control systems. PQC relevant for long-lived OT deployments.,IEC,IEC 62443;FIPS 203;FIPS 204,,technical_standard,https://www.iec.ch/iecnorex/,iec,yes,IEC,url_needs_review,85,,22;48;48,active,,,
DO-326A,DO-326A / ED-202A,Airworthiness security process specification for aircraft systems,48,PQC-REGION-GLOBAL,yes,Ongoing,Aviation cybersecurity certification basis. PQC critical given 30-40 year aircraft lifespans.,RTCA/EUROCAE,FIPS 203;FIPS 204;FIPS 205,,technical_standard,https://www.rtca.org,rtca,yes,RTCA/EUROCAE,url_authoritative,85,,48,active,,,
RTCA-DO-355A,RTCA DO-355A,Information security guidance for continuing airworthiness,48,PQC-REGION-GLOBAL,yes,Ongoing,Supplement to DO-326A for operational phase. Covers cryptographic controls in service.,RTCA,FIPS 203;FIPS 204;FIPS 205,,technical_standard,https://www.rtca.org,rtca,yes,RTCA,url_authoritative,85,,48,active,,,
FERPA,FERPA,Family Educational Rights and Privacy Act,61,US,no,Ongoing,Student record confidentiality. Long retention periods imply HNDL exposure for sensitive records.,US Dept of Education,FIPS 203;FIPS 204;FIPS 205,,compliance_framework,https://studentprivacy.ed.gov/ferpa,omb,yes,US Dept of Education,url_authoritative,85,,61,active,,,
NIS2,NIS2 Directive,EU network and information security directive for essential and important entities,54;52;62;22;51;48,PQC-REGION-EU,yes,October 2024 (transposition passed — enforcement underway),EU-wide cybersecurity baseline for essential and important entities. Member states were required to transpose NIS2 by October 2024; enforcement is now active across the EU.,ENISA/EU Member States,ENISA PQC Guidelines,European Union:EC,compliance_framework,https://www.enisa.europa.eu/topics/cybersecurity-policy/nis2-directive,enisa,yes,ENISA/EU Member States,url_authoritative,85,,54;52;62;22;51;48,active,,,
COPPA,COPPA,US Children's Online Privacy Protection Act,61;54,US,no,Ongoing,Protects children under 13 online. PQC relevant for long-lived minor data and parental consent records.,FTC,FIPS 203;FIPS 204;FIPS 205,,compliance_framework,https://www.ftc.gov/legal-library/browse/rules/childrens-online-privacy-protection-rule-coppa,ftc,yes,FTC,url_authoritative,85,,61;54,active,,,
TISAX,TISAX,Trusted Information Security Assessment Exchange for automotive supply chain,48,PQC-REGION-EU,no,Ongoing,VDA-managed assessment for automotive suppliers. Covers information security including cryptographic controls.,VDA/ENX,FIPS 203;FIPS 204;FIPS 205,,compliance_framework,https://portal.enx.com/en-US/TISAX/,iso-iec-sc27,yes,VDA/ENX,url_needs_review,85,,48,active,,,
MICA,MiCA,EU Markets in Crypto-Assets Regulation,52,PQC-REGION-EU,no,2024 (phased; fully effective Dec 30 2024),"EU regulation for crypto-asset service providers (cryptocurrencies and digital tokens). MiCA itself is not a cryptography standard, but security requirements for digital wallets and custody systems are indirectly affected by PQC migration. Stablecoin titles applied from June 30 2024; full regulation from December 30 2024.",ESMA/EBA,FIPS 203;FIPS 204;FIPS 205,European Union:EC;European Union:ECCG,compliance_framework,https://www.esma.europa.eu/esmas-activities/digital-finance-and-innovation/markets-crypto-assets-regulation-mica,bis,yes,ESMA/EBA,url_needs_review,85,,52,active,,,
TSA-PIPELINE,TSA Pipeline Security Directive,US TSA cybersecurity requirements for pipeline operators,22,US,yes,Ongoing,Mandatory cybersecurity measures for critical pipeline infrastructure. Covers encryption for SCADA/OT. As of May 2025 the in-force directive is SD Pipeline-2021-02F (supersedes SD02C); see TSA SD index for the current version.,TSA,FIPS 203;FIPS 204;FIPS 205,,compliance_framework,https://www.tsa.gov/sd-and-ea,cisa,yes,TSA,url_authoritative,85,,22,active,,,
NIST-IR-8547,NIST IR 8547,NIST transition to post-quantum cryptography standards guidance,92;52;54;62;22;51;48,US;CA;AU,yes,"2030 (deprecate), 2035 (disallow)",Transition guidance recommending deprecation of 112-bit classical asymmetric algorithms by 2030 and disallowance by 2035.,NIST,NIST IR 8547,United States:NIST,technical_standard,https://csrc.nist.gov/pubs/ir/8547/ipd,nist-csrc,yes,NIST,url_authoritative,85,,92;52;54;62;22;51;48,active,,,
ASD-ISM,ASD ISM,Australian Signals Directorate Information Security Manual,92;52;54,AU,yes,2030 (ISM-1917 effective — traditional crypto prohibited),"ISM control ISM-1917 requiring ML-DSA-87, ML-KEM-1024, SHA-384/512, AES-256. Full PQC transition by 2030.",ASD,Australia ASD PQC Guidance,Australia:ASD,compliance_framework,https://www.cyber.gov.au/business-government/asds-cyber-security-frameworks/ism,acsc,yes,ASD,url_authoritative,85,,92;52;54,active,,,
CCCS-ITSM,CCCS ITSM.40.001,Canadian Centre for Cyber Security roadmap for PQC migration,92;52;54;22,CA,yes,2025 (effective June 23 2025),Roadmap for migration to PQC for Canadian government systems. CCCS guidance applies to all Canadian organizations including financial sector and critical infrastructure operators.,CCCS,Canada CSE PQC Guidance,Canada:CCCS,compliance_framework,https://www.cyber.gc.ca/en/guidance/preparing-your-organization-quantum-threat-cryptography-itsap00017,cccs,yes,CCCS,url_authoritative,85,,92;52;54;22,active,,,
EU-REC-2024-1101,EU Recommendation 2024/1101,European Commission coordinated PQC implementation roadmap,92;54;52,PQC-REGION-EU,yes,2030 (critical systems),Coordinated implementation roadmap for PQC transition across EU member states. NIS Cooperation Group Roadmap v1.1 (June 2025) provides harmonized timelines and cross-border coordination.,European Commission,EU PQC Recommendation;ENISA PQC Guidelines;EU-NIS-CG-Roadmap-v1.1;EC-Recommendation-2024-1101,European Union:EC,compliance_framework,https://eur-lex.europa.eu/legal-content/EN/TXT/?uri=CELEX%3A32024H1101,ec,yes,European Commission,url_needs_review,85,,92;54;52,active,,,
BSI-TR-02102,BSI TR-02102,"German BSI technical guideline for cryptographic mechanisms, TLS, IPsec, SSH",92;54,DE,yes,Ongoing (v2026-01 update),BSI technical guideline series covering PQC recommendations including ML-KEM and ML-DSA. v2026-01 recommends hybrid PQC now; classical-only Diffie-Hellman key agreement recommended only until end of 2031.,BSI,BSI TR-02102-1;BSI TR-02102-2;BSI TR-02102-3;BSI TR-02102-4,Germany:BSI,technical_standard,https://www.bsi.bund.de/EN/Themen/Unternehmen-und-Organisationen/Standards-und-Zertifizierung/Technische-Richtlinien/TR-nach-Thema-sortiert/tr02102/tr02102_node.html,bsi,yes,BSI,url_authoritative,85,,92;54,active,,,
UK-NCSC,UK NCSC PQC Guidance,UK National Cyber Security Centre quantum-safe cryptography guidance,92;54;52,GB,yes,2028 (Phase 1: migration plans due); 2031 (Phase 2: high-priority systems); 2035 (Phase 3: full migration),Three-phase roadmap: Phase 1 (now-2028): identify cryptographic services and have migration plans approved — NOT a migration cutover deadline; Phase 2 (2028-2031) execute high-priority upgrades; Phase 3 (2031-2035) complete full migration to PQC across all systems.,NCSC,UK NCSC PQC Guidance;UK-NCSC-PQC-Whitepaper-2024;UK-NCSC-Migration-Timelines-2025,United Kingdom:NCSC,compliance_framework,https://www.ncsc.gov.uk/guidance/pqc-migration-timelines,ncsc-uk,yes,NCSC,url_authoritative,85,,92;54;52,active,,,
CRYPTREC,CRYPTREC,Japan Cryptography Research and Evaluation Committees PQC guidelines,92;54,JP,yes,Ongoing (GL-2007-2024),"Current PQC guideline: CRYPTREC GL-2007-2024 (FY2024 edition, supersedes GL-2004-2022 from FY2022). PDF: cryptrec.go.jp/report/cryptrec-gl-2007-2024.pdf. ML-KEM added to Recommended Ciphers List on 2026-03-30.",CRYPTREC,Japan CRYPTREC Report 2024,Japan:CRYPTREC,compliance_framework,https://www.cryptrec.go.jp/en/,cryptrec,yes,CRYPTREC,url_needs_review,85,,92;54,active,,,
MAS-CIRCULAR,MAS Circular,Monetary Authority of Singapore financial services PQC advisory,52,SG,yes,Ongoing (February 2024),"MAS Circular No. MAS/TCRS/2024/01 (Feb 2024) — Advisory on Addressing the Cybersecurity Risks Associated with Quantum. Recommends inventory, vendor coordination, considering both PQC and QKD. Called an advisory by MAS; no hard migration dates set.",MAS,Singapore-CSA-Quantum-Safe-Handbook,Singapore:MAS,compliance_framework,https://www.mas.gov.sg/regulation/circulars,csa-singapore,yes,MAS,url_needs_review,85,,52,active,,,
KPQC-STD,KpqC Standardization,Korea Post-Quantum Cryptography standardization program with national PQC transition roadmap,92;51;52;54,KR,guidance,No regulatory migration deadline issued,"KpqC is a Korean PQC competition (winners HAETAE / AIMer / SMAUG-T / NTRU+ announced Jan 2025), not a migration mandate. MSIT 2030 target is PQC algorithm self-reliance (development capacity); MSIT 2035 target is broader quantum-industry leadership; neither sets enterprise migration deadlines.",KISA/NIS/MSIT,FIPS 203;FIPS 204;FIPS 205,South Korea:NIS/KISA;South Korea:MSIT,standardization_body,https://kpqc.or.kr,kisa,yes,KISA/NIS/MSIT,url_needs_review,85,,92;51;52;54,active,,,
KCMVP,KCMVP,Korean Cryptographic Module Validation Program for government systems,92;52;54,KR,no,Ongoing,Mandatory module validation for Korean government. PQC algorithm integration expected after KpqC standardization completes (~2027-2028).,NIS,FIPS 203;FIPS 204;FIPS 205,South Korea:NIS/KISA,certification_body,https://www.nis.go.kr,nist-csrc,yes,NIS,url_needs_review,85,,92;52;54,active,,,
NZISM,NZISM,New Zealand Information Security Manual with PQC preparation requirements,92;54,NZ,yes,2026-2030 (phased transition),NZISM v3.9 (Nov 2025) Section 2.4 on PQC preparation. 19 agencies implementing. Aligned with Five Eyes.,GCSB/NCSC,FIPS 203;FIPS 204;FIPS 205,New Zealand:GCSB/NCSC,compliance_framework,https://www.gcsb.govt.nz/our-work/ncsc/nzism/,ncsc-uk,yes,GCSB/NCSC,url_needs_review,85,,92;54,active,,,
INCD-PQC,INCD PQC Guidance,Israel National Cyber Directorate post-quantum readiness guidance,92;54,IL,yes,2025 (government assessments),PQC readiness guide published Jan 2022. Government ministries must complete quantum threat assessment and require PQC in new contracts by end 2025.,INCD,FIPS 203;FIPS 204;FIPS 205,Israel:INCD;Israel:INCD/BOI,compliance_framework,https://www.gov.il/en/departments/incd,incd-israel,yes,INCD,url_needs_review,85,,92;54,active,,,
BOI-PQC,BOI Quantum Risk Directive,Bank of Israel directive requiring financial institutions to manage quantum risk,52,IL,yes,2025 (effective January 7),Directive Letter 202501EN requiring quantum risk management including HNDL exposure assessment and PQC transition planning.,Bank of Israel,FIPS 203;FIPS 204;FIPS 205,Israel:BOI,compliance_framework,,incd-israel,yes,Bank of Israel,missing,85,,52,active,,,
OSCCA-NGCC,OSCCA NGCC Program,China Next-Generation Commercial Cryptographic algorithms standardization program,92;52;54;51,CN,yes,2027-2030 (estimated),NGCC call for proposals launched Feb 2025 by ICCS. China developing independent PQC algorithms to supplement SM-series. Financial sector migration estimated 2027-2030.,SCA/OSCCA,FIPS 203;FIPS 204;FIPS 205,China:ICCS,standardization_body,https://www.sca.gov.cn,iccs-china,yes,SCA/OSCCA,url_needs_review,85,,92;52;54;51,active,,,
NCSC-CH,Swiss NCSC PQC Guidance,Swiss National Cyber Security Centre post-quantum cryptography migration recommendations,92;52;54,CH,yes,Ongoing (2023 guidance),NCSC Switzerland published PQC migration recommendations for the federal government and critical infrastructure operators. Aligned with NIST FIPS 203/204/205 and European guidance from BSI/ANSSI. No mandatory hard deadline; migration is recommended to begin now.,Swiss NCSC,FIPS 203;FIPS 204;FIPS 205,,compliance_framework,https://www.ncsc.admin.ch,ncsc-uk,yes,Swiss NCSC,url_needs_review,85,,92;52;54,active,,,
NCSC-NL,NCSC-NL PQC Guidance,Dutch National Cyber Security Centre post-quantum cryptography migration guide,92;54,NL,yes,Ongoing (2023 guide),NCSC-NL published a comprehensive PQC factsheet and migration guide for Dutch government and organisations. Covers algorithm selection aligned with NIST PQC standards and transition planning. Guidance rather than mandatory regulation.,NCSC-NL,FIPS 203;FIPS 204;FIPS 205,,compliance_framework,https://www.ncsc.nl/en,ncsc-nl,yes,NCSC-NL,url_authoritative,85,,92;54,active,,,
EUCC,EUCC,EU Cybersecurity Certification Scheme for ICT products based on Common Criteria,92;54,PQC-REGION-EU,yes,Ongoing (applicable from February 27 2025),"Commission Implementing Regulation (EU) 2024/482 establishes EUCC as the EU-wide ICT product security certification scheme, replacing fragmented national Common Criteria schemes. Three assurance levels: basic (AVA_VAN.1/2), substantial (AVA_VAN.3), high (AVA_VAN.4/5). Cryptographic requirements are defined in the Agreed Cryptographic Mechanisms (ACM) — v2.0 (April 2025) added PQC algorithms including ML-KEM and ML-DSA. National certification authorities (NCAs) in each EU member state issue EUCC certificates.",ECCG/ENISA,EUCC v2.0 ACM;ECCG-ACM-v2,European Union:ECCG,certification_body,https://certification.enisa.europa.eu,enisa,yes,ECCG/ENISA,url_authoritative,85,,92;54,active,,,
ANSSI-BODY,ANSSI,Agence nationale de la sécurité des systèmes d'information — France's national cybersecurity authority,92;54,FR,yes,Ongoing,"ANSSI is France's primary cybersecurity authority, publishing PQC guidance since 2022. Key publications include the 2022 PQC Position Paper and 2024 Follow-Up Paper recommending hybrid PQC for new systems. ANSSI coordinates with ENISA and BSI on European PQC harmonization.",ANSSI,ANSSI PQC Position Paper;ANSSI PQC Follow-up Paper;ANSSI-PG-083-v3-2026,France:ANSSI,standardization_body,https://www.ssi.gouv.fr,anssi,yes,ANSSI,url_needs_review,85,,92;54,active,,,
CRYPTREC-BODY,CRYPTREC,Cryptography Research and Evaluation Committees — Japan's government body evaluating cryptographic techniques for public and government use,92;54,JP,yes,Ongoing,CRYPTREC is a joint committee of Japan's Ministry of Internal Affairs (MIC) and METI. Publishes the CRYPTREC Ciphers List (approved algorithms for e-Government systems). Active PQC evaluation programme aligned with NIST outcomes. Annual technical reports cover PQC migration readiness.,CRYPTREC,Japan CRYPTREC Report 2024,Japan:CRYPTREC,standardization_body,https://www.cryptrec.go.jp/en/,cryptrec,yes,CRYPTREC,url_needs_review,85,,92;54,active,,,
KISA-BODY,KISA / NIS,Korea Internet & Security Agency and National Intelligence Service — South Korea's cybersecurity and cryptography standardization authorities,92;54;51,KR,yes,Ongoing,KISA (under MSIT) leads Korean internet security and runs the KpqC competition for domestic PQC algorithms. NIS oversees KCMVP (Korean Cryptographic Module Validation Program). Together they define cryptographic requirements for government systems and are driving Korea's PQC transition roadmap targeting 2035.,KISA/NIS,FIPS 203;FIPS 204;FIPS 205,South Korea:NIS/KISA,standardization_body,https://www.kisa.or.kr/EN,kisa,yes,KISA/NIS,url_needs_review,85,,92;54;51,active,,,
OSCCA-BODY,OSCCA / SCA,Office of State Commercial Cryptography Administration (国家密码管理局) — China's regulatory authority for commercial cryptography,92;52;54,CN,yes,Ongoing,OSCCA (now operating as SCA — State Cryptography Administration) regulates all commercial cryptography in China. Administers the SM-series algorithms (SM2/SM3/SM4) as national standards. Launched the NGCC (Next-Generation Commercial Cryptographic) call for proposals in Feb 2025 to develop China-indigenous PQC algorithms alongside NIST-aligned ones.,SCA/OSCCA,FIPS 203;FIPS 204;FIPS 205,China:ICCS,standardization_body,https://www.sca.gov.cn,iccs-china,yes,SCA/OSCCA,url_needs_review,85,,92;52;54,active,,,
ETSI,ETSI,European Telecommunications Standards Institute — global standards body for telecoms PQC including quantum-safe algorithm suites for 5G/6G,51;54;92,PQC-REGION-GLOBAL,yes,Ongoing,"ETSI's Quantum Safe Cryptography (QSC) working group (TC CYBER WG QSC) publishes technical reports and specifications for PQC in telecoms. Key outputs: ETSI TS 103 744 (QSC for telecoms), ETSI TR 103 619 (migration guidance), ETSI GR QSC 001 (quantum threats survey). Works in liaison with NIST, ISO/IEC and 3GPP SA3.",ETSI,ETSI TR 103 619;ETSI TS 103 744,International:ETSI/IQC,standardization_body,https://www.etsi.org/technologies/quantum-safe-cryptography,etsi-cyber,yes,ETSI,url_authoritative,85,,51;54;92,active,,,
BSI,BSI,German Federal Office for Information Security — Europe's most detailed national PQC technical guidance authority,92;54,DE,yes,Ongoing,BSI (Bundesamt für Sicherheit in der Informationstechnik) publishes the TR-02102 series — the most technically detailed national PQC cryptographic guidelines globally. Coordinates with ANSSI and ENISA on European PQC harmonization. BSI issues PQC product certifications under the national CC scheme and the EUCC scheme.,BSI,BSI TR-02102-1;BSI TR-02102-2;BSI TR-02102-3;BSI TR-02102-4,Germany:BSI,standardization_body,https://www.bsi.bund.de/EN/Themen/Unternehmen-und-Organisationen/Standards-und-Zertifizierung/Technische-Richtlinien/TR-nach-Thema-sortiert/tr02102/tr02102_node.html,bsi,yes,BSI,url_authoritative,85,,92;54,active,,,
NSA,NSA,US National Security Agency — mandates PQC for all national security systems via CNSA 2.0 with the most aggressive government timeline,92,US,yes,Ongoing,"NSA's CNSA 2.0 (Commercial National Security Algorithm Suite 2.0) mandates ML-KEM, ML-DSA, SLH-DSA, and LMS/XMSS for all US national security systems. Phased deadlines by category: software/firmware signing prefer 2025 exclusively 2030; web/cloud 2025/2033; networking 2026/2030; OS 2027/2033; legacy 2030-2033. NSA also issues CSfC (Commercial Solutions for Classified) addenda incorporating PQC guidance.",NSA,NSA CNSA 2.0;NSA CNSA 2.0 FAQ;NSA CSfC PQC Guidance Addendum,United States:NSA,standardization_body,https://www.nsa.gov/Cybersecurity/CNSA-2-0/,nsa-advisory,yes,NSA,url_authoritative,85,,92,active,,,CNSA-2.0
CMMC,CMMC,Cybersecurity Maturity Model Certification — US DoD supply chain cybersecurity certification requirement,92;54,US,no,No explicit PQC timeline yet,CMMC 2.0 (effective since Dec 2024) requires cybersecurity practices for DoD contractors. Cryptographic controls align with NIST SP 800-171 and FIPS 140-3. PQC requirements expected as NIST SP 800-171 is updated to align with NIST IR 8547 transition guidance.,DoD/OUSD(A&S),NIST IR 8547,,compliance_framework,https://dodcio.defense.gov/CMMC/,dod-cio,yes,DoD/OUSD(A&S),url_authoritative,85,,92;54,active,,,
FISMA,FISMA,Federal Information Security Modernization Act — mandates information security programs for all US federal agencies,92,US,yes,2030 (aligned with NIST IR 8547),"FISMA requires federal agencies to follow NIST security standards including cryptographic controls. As NIST SP 800-53 and NIST IR 8547 transition guidance are updated, FISMA compliance will require PQC migration by 2030. OMB Memorandum M-23-02 already references quantum risk. FedRAMP (cloud) and DISA STIGs (DoD) both derive from FISMA.",OMB/CISA,NIST IR 8547;CISA-PQC-CATEGORY-LIST-2026,United States:NIST,compliance_framework,https://www.cisa.gov/topics/cyber-threats-and-advisories/federal-information-security-modernization-act,cisa,yes,OMB/CISA,url_authoritative,85,,92,active,,,
EU-CRA,EU Cyber Resilience Act,EU regulation establishing cybersecurity requirements for connected products throughout their lifecycle,54;22;48;51;62,PQC-REGION-EU,expected,2027 (enforcement begins),"CRA (Regulation 2024/2847) text mandates 'state of the art' encryption; does not name PQC explicitly. PQC enters via ETSI/ENISA harmonized standards under CRA, expected to specify PQC once finalized (est. 2026-2027). CRA entered force 10 Dec 2024; reporting obligations apply 11 Sep 2026; full obligations apply 11 Dec 2027.",European Commission/ENISA,ENISA PQC Guidelines,European Union:EC,compliance_framework,https://digital-strategy.ec.europa.eu/en/policies/cyber-resilience-act,enisa,yes,European Commission/ENISA,url_needs_review,85,,54;22;48;51;62,active,,,
INDIA-DST-PQC,India DST/NQM PQC Roadmap,India National Quantum Mission post-quantum cryptography migration roadmap for all sectors,92;52;51;22;54,IN,yes,2027 (CII foundations); 2033 (full nationwide),India DST/NQM published comprehensive national PQC roadmap (Feb 2026) with mandatory CBOM submissions starting FY 2027-28. Critical Information Infrastructure migration by 2029. Full nationwide PQC adoption by 2033. Hybrid PQC plus QKD recommended for high-assurance applications.,DST/NQM,FIPS 203;FIPS 204;FIPS 205,India:DST/NQM,compliance_framework,https://dst.gov.in/,cisa,yes,DST/NQM,url_needs_review,85,,92;52;51;22;54,active,,,
HKMA-PQC,HKMA Fintech 2030 Quantum Preparedness,Hong Kong Monetary Authority quantum preparedness framework for financial institutions,52,HK,yes,2027 (readiness assessment); 2030 (full migration),"HKMA Fintech 2030 Quantum Preparedness Index requires all regulated banks to complete formal quantum preparedness assessment by 2027 covering cryptographic inventory, CBOM, and migration roadmap. Full PQC migration target by 2030 aligned with BIS and MAS timelines. Critical Infrastructure Cybersecurity Ordinance effective Jan 2026 covers 8 sectors.",HKMA,BIS-Paper-158,Hong Kong:HKMA,compliance_framework,https://www.hkma.gov.hk/,hkma,yes,HKMA,url_needs_review,85,,52,active,,,
UAE-CSC-PQC,UAE National Encryption Policy,UAE Cybersecurity Council national encryption policy mandating PQC transition,92;52;54,AE,yes,2026 (migration roadmaps); 2030 (full migration),UAE Cybersecurity Council approved National Encryption Policy (Nov 2025) mandating all government entities develop PQC transition plans. Migration roadmaps due 2026. QuantumGate program drives large-scale PQC implementation 2026-2030. DESC launched PQC Guideline at GISEC Global 2025.,UAE CSC/DESC,FIPS 203;FIPS 204;FIPS 205,United Arab Emirates:UAE CSC,compliance_framework,https://csc.gov.ae/en/,uae-csc,yes,UAE CSC/DESC,url_authoritative,85,,92;52;54,active,,,
CISA-PQC-PROCUREMENT,CISA PQC Federal Buying Guidance,CISA product category list and federal procurement guidance for PQC per EO 14306,92;54,US,yes,2026 (effective Jan 2026),"CISA published PQC product category list per Executive Order 14306 identifying cloud services, web software, networking hardware, and endpoint security as PQC-ready categories. Federal agencies directed to acquire only PQC-capable products. Developed with NSA and ATARC.",CISA/NSA,CISA-PQC-CATEGORY-LIST-2026;EO-14306,United States:CISA,compliance_framework,https://www.cisa.gov/quantum,nsa-advisory,yes,CISA/NSA,url_authoritative,85,,92;54,active,,,
G7-CEG-PQC,G7 Financial Sector PQC Roadmap,G7 Cyber Expert Group coordinated PQC transition roadmap for the financial sector,52;92,PQC-REGION-GLOBAL,yes,2030-2032 (critical systems); 2035 (non-critical),"G7 Cyber Expert Group (chaired by US Treasury and Bank of England) published coordinated PQC transition framework for global financial sector (Jan 2026). Covers inventory, risk prioritization, algorithm selection, testing, and interoperability for G7 financial institutions.",G7 CEG/US Treasury,G7-Financial-PQC-Roadmap-2026;BIS-Paper-158,G7:G7 CEG,compliance_framework,https://home.treasury.gov/system/files/136/G7-CYBER-EXPERT-GROUP-STATEMENT-PLANNING-OPPORTUNITIES-RISKS-QUANTUM-COMPUTING.pdf,g7-ceg,yes,G7 CEG/US Treasury,url_authoritative,85,,52;92,active,,,
PKCS11-V32,PKCS#11 v3.2 (PQC HSM Interface),"OASIS PKCS#11 v3.2 standard adding ML-KEM, ML-DSA, and SLH-DSA mechanisms for hardware security modules",92;52;54,PQC-REGION-GLOBAL,yes,Ongoing (Committee Specification Draft April 2025),"PKCS#11 v3.2 adds PQC mechanisms: ML-KEM (CKM_ML_KEM), ML-DSA (CKM_ML_DSA), SLH-DSA (CKM_SLH_DSA). Introduces C_EncapsulateKey()/C_DecapsulateKey() for KEM operations. New key types and parameter set attributes. Critical for all HSM vendors implementing PQC.",OASIS PKCS11 TC,PKCS11-V32-OASIS,Global:OASIS,technical_standard,https://docs.oasis-open.org/pkcs11/pkcs11-spec/v3.2/,oasis,yes,OASIS PKCS11 TC,url_authoritative,85,,92;52;54,active,,,
CAB-FORUM-SMC013,CA/Browser Forum Ballot SMC013,CA/Browser Forum ballot enabling ML-DSA PQC signatures in S/MIME certificates,54;52,PQC-REGION-GLOBAL,yes,Adopted (August 2025),"Enables ML-DSA post-quantum digital signatures in S/MIME certificates. IPR exclusion period completed with no notices. First Web PKI governance body PQC adoption, signaling CAs can issue PQC S/MIME certificates.",CA/Browser Forum,CA-B-Forum-Ballot-SMC013,Global:CA/Browser Forum,technical_standard,https://cabforum.org/,pki-consortium,yes,CA/Browser Forum,url_needs_review,85,,54;52,active,,,
ACVP,NIST ACVP (Algorithm Validation),NIST Automated Cryptographic Validation Protocol for PQC algorithm testing,54;92,US;PQC-REGION-GLOBAL,yes,Ongoing (ML-KEM/ML-DSA validation active),NIST CAVP/ACVP validates individual cryptographic algorithm implementations. Already validating ML-KEM and ML-DSA implementations. Distinct from CMVP/FIPS 140-3 which validates complete modules. Provides algorithm-level compliance evidence.,NIST,FIPS 203;FIPS 204;FIPS 205;FIPS 206;NIST SP 800-227,United States:NIST,certification_body,https://csrc.nist.gov/projects/cryptographic-algorithm-validation-program,nist-csrc,yes,NIST,url_authoritative,85,,54;92,active,,,
TAIWAN-MODA-PQC,Taiwan Five-Year PQC Plan,Taiwan Ministry of Digital Affairs five-year PQC implementation plan,92;54,TW,yes,2027 (interim milestone); 2029 (completion),Taiwan MODA launched five-year PQC implementation plan (2024-2029) targeting quantum-safe government digital infrastructure. Interim quantum-safe milestone at 2027.,MODA,FIPS 203;FIPS 204;FIPS 205,Taiwan:MODA,compliance_framework,https://moda.gov.tw/en/,dod-cio,yes,MODA,url_authoritative,85,,92;54,active,,,
MALAYSIA-NACSA-PQC,Malaysia National PQC Migration,Malaysia NACSA national PQC migration roadmap — first ASEAN nation with comprehensive plan,92;54,MY,yes,2025-2030 (phased),First ASEAN nation to publish comprehensive national PQC migration roadmap (Oct 2025). Includes PQC Sandbox program for proof-of-concept testing. Phased approach aligned with NIST standards.,NACSA,FIPS 203;FIPS 204;FIPS 205,Malaysia:NACSA,compliance_framework,https://www.nacsa.gov.my/,nacsa-malaysia,yes,NACSA,url_needs_review,85,,92;54,active,,,
SAUDI-NCA-PQC,Saudi NCA Cybersecurity Controls,Saudi Arabia National Cybersecurity Authority essential cybersecurity controls with expanded cryptography domain,92;52;22,SA,no,Ongoing (ECC-2:2024),"NCA released Essential Cybersecurity Controls 2024 (ECC-2:2024) with expanded cryptography domain covering encryption strength, key management, secure protocols, and lifecycle governance. National quantum strategy with M budget aligned with Vision 2030.",NCA,FIPS 203;FIPS 204;FIPS 205,Saudi Arabia:NCA,compliance_framework,https://nca.gov.sa/en/,saudi-nca,yes,NCA,url_needs_review,85,,92;52;22,active,,,
BIS-158-PQC,BIS Paper 158 Quantum Roadmap,Bank for International Settlements quantum-readiness roadmap for global financial systems,52,PQC-REGION-GLOBAL,guidance,No deadline set by source,"BIS Papers No 158 (Jul 2025) is a research paper by BIS staff, explicitly not a supervisory directive (cover: 'views of the authors, not the BIS or member central banks'). The 'early 2030s' framing previously here was inferred from the paper's single citation of NIST IR 8547 (RSA deprecation 2030 / disallowed 2035), not from BIS-158's own roadmap, which has no dates attached.",BIS,BIS-Paper-158,International:BIS,compliance_framework,https://www.bis.org/publ/bppdf/bispap158.htm,bis,yes,BIS,url_needs_review,85,,52,active,,,
3GPP-PQC,3GPP PQC for 5G/6G,3GPP SA3 study on integrating PQC into 5G security protocols,51,PQC-REGION-GLOBAL,yes,Ongoing (study item approved May 2025),"3GPP SA3 study (TR 33.841) on integrating standalone or hybrid PQC algorithms into existing 5G security protocols including TLS, IPSec, and IKEv2. Complements GSMA NG.116 and ETSI QSC work.",3GPP SA3,3GPP-PQC-Study-2025,Global:3GPP SA3,technical_standard,https://www.3gpp.org/,etsi-cyber,yes,3GPP SA3,url_needs_review,85,,51,active,,,
TCG-TPM-PQC,TCG TPM 2.0 PQC Spec,Trusted Computing Group TPM 2.0 library specification update incorporating PQC algorithms,54;92,PQC-REGION-GLOBAL,yes,Draft (July 2025),"TPM 2.0 Library specification updates incorporating FIPS 203/204 PQC algorithms with hybrid classical+PQ support. Aligns with TPM 2.0 v1.85 standard. Affects every PC, server, and embedded device using hardware root of trust.",TCG,TCG-TPM-PQC-Spec-2025,Global:TCG,technical_standard,https://trustedcomputinggroup.org/,tcg,yes,TCG,url_needs_review,85,,54;92,active,,,
NIST-NCCOE-PQC,NIST NCCoE SP 1800-38 Migration Guide,NIST NCCoE practical enterprise PQC migration guide with reference architectures,92;54;52,US,yes,Ongoing (Preliminary Draft),NCCoE Migration to PQC project — current project landing page. Associated formal publication series: NIST SP 1800-38 (Practice Guides; volumes 38A/38B/38C in preliminary draft). Static documentation: pages.nist.gov/nccoe-migration-post-quantum-cryptography. The previous Initial Preliminary Draft URL (csrc.nist.gov/pubs/sp/1800/38/iprd) was marked Obsoleted on Dec 19 2023.,NIST NCCoE,NIST NCCoE SP 1800-38C;NIST CSWP 48,United States:NIST NCCoE,technical_standard,https://www.nccoe.nist.gov/applied-cryptography/migration-to-pqc,nist-csrc,yes,NIST NCCoE,url_authoritative,85,,92;54;52,active,,,
NIST-SP800-131A,NIST SP 800-131A Rev 3,NIST algorithm deprecation roadmap — SHA-1 and weak RSA/ECC disallowed after 2030,92;54;52,US;PQC-REGION-GLOBAL,yes,2030 (SHA-1/weak RSA/ECC disallowed),Federal algorithm retirement calendar. SHA-1 and RSA/ECC below 128-bit security disallowed after 2030. Establishes FIPS 203/204/205 as post-2030 replacements. Distinct from IR 8547 in covering all algorithm deprecation not just PQC transition.,NIST,NIST-SP-800-131A-Rev3,United States:NIST,technical_standard,https://csrc.nist.gov/pubs/sp/800/131/a/r3/ipd,nist-csrc,yes,NIST,url_authoritative,85,,92;54;52,active,,,
INDIA-CERTIN-CBOM,India CERT-In CBOM/QBOM Guidelines,India CERT-In expanded Bill of Materials requirements including Cryptographic BOM and Quantum Readiness BOM,92;54,IN,yes,2025 (effective),CERT-In expands Bill of Materials requirements to include Cryptographic BOM (CBOM) and Quantum Readiness BOM (QBOM). First national CBOM mandate from any country. Part of India broader PQC migration framework under National Quantum Mission.,CERT-In,FIPS 203;FIPS 204;FIPS 205,India:CERT-In,compliance_framework,https://www.cert-in.org.in/,cert-in,yes,CERT-In,url_needs_review,85,,92;54,active,,,
ITALY-ACN-PQC,Italy ACN PQC Guidance,Italy Agenzia per la Cybersicurezza Nazionale post-quantum cryptography guidance,92;54,IT,yes,Ongoing (2024 guidance),ACN published PQC guidance (July 2024) covering quantum threat landscape and migration recommendations. Italy also participates in BIS Project Leap Phase 2 testing hybrid PQC on TARGET2 payment system.,ACN,FIPS 203;FIPS 204;FIPS 205,Italy:ACN,compliance_framework,https://www.acn.gov.it/,acsc,yes,ACN,url_needs_review,85,,92;54,active,,,
SPAIN-CCN-PQC,Spain CCN Four-Phase PQC,Spain Centro Criptologico Nacional four-phase PQC transition approach,92,ES,yes,2030 (four-phase approach through post-2030),CCN defines four-phase PQC approach from current state through post-2030 full transition. Recommends NIST algorithms and FrodoKEM. Active since 2022.,CCN,FIPS 203;FIPS 204;FIPS 205,Spain:CCN,compliance_framework,https://www.ccn-cert.cni.es/,ncsc-uk,yes,CCN,url_needs_review,85,,92,active,,,
BAHRAIN-NCSC-PQC,Bahrain Quantum-Safe Deployment,Bahrain National Cyber Security Centre quantum-safe cybersecurity deployment across government,92,BH,yes,2025 (deployment underway),One of the world first large-scale national quantum-safe commitments. Deployed AQtive Guard across 60+ government ministries for automated cryptographic discovery and PQC transition readiness.,Bahrain NCSC,FIPS 203;FIPS 204;FIPS 205,Bahrain:NCSC,compliance_framework,https://www.ncsc.gov.bh/en/index.html,ncsc-uk,yes,Bahrain NCSC,url_needs_review,85,,92,active,,,
JORDAN-CBJ-PQC,Jordan Financial Sector PQC Roadmap,Central Bank of Jordan sector-wide roadmap for transitioning banks to quantum-resistant encryption,52,JO,yes,2026 (roadmap published),"Central Bank of Jordan published sector-wide PQC roadmap (Jan 2026) with phased approach: cryptographic asset cataloging, risk-based prioritization, governance integration, sandbox testing, and full transition.",CBJ,FIPS 203;FIPS 204;FIPS 205,Jordan:CBJ,compliance_framework,https://www.cbj.gov.jo/,bdf,yes,CBJ,url_authoritative,85,,52,active,,,
UK-CMORG-PQC,UK CMORG Financial PQC Guidance,UK Cross Market Operational Resilience Group PQC guidance for financial sector,52;92,GB,yes,Ongoing (v1.0 April 2025),"CMORG (convened by Bank of England) published PQC guidance specifically for UK financial sector covering threat landscape, algorithm selection, migration planning, and prioritization. Complements UK NCSC guidance with financial sector focus.",CMORG/Bank of England,UK-CMORG-PQC-Guidance-2025,United Kingdom:CMORG,compliance_framework,https://www.cmorg.org.uk/,boe,yes,CMORG/Bank of England,url_needs_review,85,,52;92,active,,,
EUROPOL-QSFF,Europol Quantum Safe Financial Forum,Europol QSFF call to action for financial sector PQC migration,52,PQC-REGION-EU,yes,Ongoing (Feb 2025 call to action),Europol Quantum Safe Financial Forum found 86% of financial executives unprepared for PQC. Published joint guidance with FS-ISAC (Jan 2026) introducing Quantum Risk Score framework for migration prioritization.,Europol/FS-ISAC,Europol-FS-ISAC-PQC-Financial-2026,European Union:Europol,compliance_framework,https://www.europol.europa.eu/,fs-isac,yes,Europol/FS-ISAC,url_needs_review,85,,52,active,,,
PQCC-ROADMAP,PQCC Migration Roadmap,Post-Quantum Cryptography Coalition cross-sector PQC migration framework,54;52;92,PQC-REGION-GLOBAL,yes,Ongoing,"PQCC (founded by IBM, Microsoft, MITRE, PQShield, SandboxAQ) published PQC Migration Roadmap (May 2025) with four-category framework and PQC Inventory Workbook (June 2025). Becoming a de facto industry reference for enterprise PQC migration.",PQCC,PQCC-Migration-Roadmap-2025;PQCC-Inventory-Workbook-2025,International:PQCC,technical_standard,https://pqcc.org/,pqca,yes,PQCC,url_needs_review,85,,54;52;92,active,,,
IEEE-1609-PQC,IEEE 1609.2 PQC Amendment (V2X),IEEE vehicular communications security standard update for PQC,48;51,PQC-REGION-GLOBAL,yes,Ongoing (2025 amendment),IEEE 1609.2 amendment adds ML-KEM and ML-DSA PQC support for vehicle-to-everything (V2X) communications security. Directly affects automotive OEMs and connected vehicle infrastructure.,IEEE,IEEE 1609.2 Amendment,,technical_standard,https://standards.ieee.org/,ieee-sa,yes,IEEE,url_authoritative,85,,48;51,active,,,
OASIS-PKCS11,OASIS PKCS#11 Technical Committee,OASIS technical committee defining the PKCS#11 HSM programming interface standard,54;92;52,PQC-REGION-GLOBAL,yes,Ongoing,"OASIS defines the PKCS#11 standard — the programming interface that every hardware security module implements. PQC mechanisms in v3.2 (ML-KEM, ML-DSA, SLH-DSA) will drive the entire HSM industry PQC adoption.",OASIS,PKCS11-V32-OASIS,,technical_standard,https://www.oasis-open.org/committees/pkcs11/,oasis,yes,OASIS,url_authoritative,85,,54;92;52,active,,,
3GPP-SA3,3GPP Security Working Group,3GPP SA3 — global mobile network security standards working group studying PQC integration,51,PQC-REGION-GLOBAL,yes,Ongoing,3GPP SA3 defines global mobile network security standards for 5G and 6G. Actively studying PQC integration into core network protocols. Distinct from ETSI and GSMA. TR 33.841 (PQC Study) approved May 2025.,3GPP,3GPP-PQC-Study-2025,,standardization_body,https://www.3gpp.org/specifications-groups/sa-plenary/sa3-security,etsi-cyber,yes,3GPP,url_needs_review,85,,51,active,,,
FSISAC-PQC,FS-ISAC PQC Migration Guidance,Financial Services Information Sharing and Analysis Center PQC migration advisory,52,PQC-REGION-GLOBAL,yes,Ongoing (Sept 2025),FS-ISAC (Sept 2025) warns financial sector has not defined resources for PQC migration. Joint Europol-FS-ISAC report (Jan 2026) provides Quantum Risk Score framework and migration complexity assessment for financial institutions.,FS-ISAC,Europol-FS-ISAC-PQC-Financial-2026,,compliance_framework,https://www.fsisac.com/,fs-isac,yes,FS-ISAC,url_needs_review,85,,52,active,,,
ASC-X9,ASC X9 Financial PKI & PQC Standards,"Accredited Standards Committee X9 develops cryptographic standards for the financial services industry. X9 Financial PKI (launched June 2025, with DigiCert) provides PQC-enabled certificate infrastructure for banks, payment terminals, and financial enterprises. Key PQC standards: X9.146 (Quantum TLS for financial services), X9 TR-50 (Quantum Techniques in CMS), and the X9 PQC Financial Readiness Needs Assessment (2025).",52,US;PQC-REGION-GLOBAL,yes,Ongoing (Financial PKI launched June 2025),X9 Financial PKI supports ML-KEM and ML-DSA alongside legacy algorithms for backward compatibility. X9.146 Quantum TLS draft in beta testing (2025). X9 is the primary ANSI-accredited standards body for financial cryptography in the US.,ASC X9; ANSI,ASC-X9-Financial-PKI;ASC-X9-PQC-Readiness-2025;ASC-X9-IR-F01-2022;ASC-X9-TR-50-2019,,technical_standard,https://x9.org/pki-home/,ascx9,yes,ASC X9; ANSI,url_needs_review,85,,52,active,,,
PKI-CONSORTIUM,PKI Consortium,Industry consortium coordinating PQC readiness for PKI operators and certificate authorities,54;52,PQC-REGION-GLOBAL,yes,Ongoing,"PKI Consortium (pkic.org) organizes annual PQC conferences and publishes PQC migration guidance for certificate authorities. Active since 2013; PQC focus accelerated since 2023. Members include DigiCert, Sectigo, Keyfactor, Entrust. Published hybrid certificate guidance and interoperability testing reports for ML-DSA and composite certificates.",PKI Consortium,PKI-Consortium-PQC-2025,,standardization_body,https://pkic.org/,pki-consortium,yes,PKI Consortium,url_needs_review,85,,54;52,active,,,
CSA-QSC,Cloud Security Alliance,Cloud Security Alliance Quantum-Safe Working Group developing quantum security controls for cloud environments,54,PQC-REGION-GLOBAL,no,Ongoing,CSA Quantum-Safe Security Working Group publishes guidance on quantum-safe cloud security controls. CCM v4 includes cryptographic governance controls applicable to PQC migration. CSA also maintains the Cloud Controls Matrix used by cloud providers for compliance attestation. Referenced by CSA quantum-safe guidelines cited in threat profiles CLOUD-001 through CLOUD-004.,CSA,FIPS 203;FIPS 204;FIPS 205,,standardization_body,https://cloudsecurityalliance.org/,csa-cloud,yes,CSA,url_needs_review,85,,54,active,,,
ITU-T-SG17,ITU-T SG17,ITU Telecommunication Standardization Sector Study Group 17 on security standards for global telecom PQC transition,51,PQC-REGION-GLOBAL,yes,Ongoing,ITU-T Study Group 17 (Security) includes Question 14/17 studying PQC for telecommunications networks. Develops X-series security recommendations. Coordinates with 3GPP SA3 and ETSI QSC on telecom PQC standardization. Focus areas include 5G/6G security architecture with PQC integration and quantum-safe key management for network operators.,ITU-T,FIPS 203;FIPS 204;FIPS 205,,standardization_body,https://www.itu.int/en/ITU-T/studygroups/2022-2024/17/Pages/default.aspx,itu,yes,ITU-T,url_authoritative,85,,51,active,,,
NIST-SP800-208,NIST SP 800-208,NIST recommendation for stateful hash-based signature schemes (LMS and XMSS),92;54,US;PQC-REGION-GLOBAL,yes,Ongoing (published October 2020),NIST SP 800-208 specifies the Leighton-Micali Signature (LMS) and eXtended Merkle Signature Scheme (XMSS) for firmware signing and other stateful signature applications. Referenced by CNSA 2.0 as an approved signature algorithm for national security systems. Critical for firmware signing and code signing where stateful signatures are acceptable. Requires careful state management to prevent one-time key reuse.,NIST,NIST SP 800-208,United States:NIST,technical_standard,https://csrc.nist.gov/pubs/sp/800/208/final,nist-csrc,yes,NIST,url_authoritative,85,,92;54,active,,,
ISO-19790,ISO/IEC 19790:2024,International standard for security requirements for cryptographic modules — equivalent of FIPS 140-3,92;54;52,PQC-REGION-GLOBAL,no,Ongoing (3rd edition published 2024),"ISO/IEC 19790:2024 (3rd edition) defines security requirements for cryptographic modules. International equivalent of NIST FIPS 140-3. Used by JCMVP (Japan), KCMVP (South Korea), and as the basis for EUCC cryptographic module evaluation. PQC algorithm testing requirements are being updated as ISO/IEC JTC 1/SC 27 publishes PQC standards. Organizations outside US jurisdiction often require ISO/IEC 19790 rather than FIPS 140-3.",ISO/IEC JTC 1/SC 27,FIPS 203;FIPS 204;FIPS 205,,technical_standard,https://www.iso.org/standard/85063.html,iso-iec-sc27,yes,ISO/IEC JTC 1/SC 27,url_authoritative,85,,92;54;52,active,,,FIPS-140
ETSI-QKD-SERIES,ETSI GS QKD Series,ETSI Group Specification series for Quantum Key Distribution covering protocols interfaces and network management,51;92,PQC-REGION-EU;PQC-REGION-GLOBAL,no,Ongoing,"ETSI ISG QKD has published 18 specifications covering QKD protocol interfaces (GS QKD 004), key delivery APIs (GS QKD 014), network interoperability (GS QKD 018), and management. QKD complements PQC for defense-in-depth in high-assurance environments. India DST/NQM roadmap recommends hybrid PQC plus QKD. BSI and ANSSI have published joint position papers on QKD vs PQC trade-offs.",ETSI ISG QKD,ETSI-GS-QKD-002;ETSI-GS-QKD-004;ETSI-GS-QKD-014;ETSI-GS-QKD-018,,technical_standard,https://www.etsi.org/committee/1430-qkd,etsi-cyber,yes,ETSI ISG QKD,url_authoritative,85,,51;92,active,,,
ANSSI-CERT,ANSSI Security Certification,French national cybersecurity certification scheme — issued world first PQC product certifications in 2025,92;54,FR,yes,2027 (mandatory PQC qualification),ANSSI security certification scheme issued the world first PQC product certifications (Sept-Oct 2025): Thales Smartcard MultiApp 5.2 Premium PQC (EAL5+) and Samsung S3SSE2A. The qualification process will require PQC from 2027 for new product submissions. ANSSI operates under the EUCC scheme and the SOG-IS Mutual Recognition Agreement. Separate from ANSSI as a standardization body (ANSSI-BODY).,ANSSI,ANSSI PQC Position Paper;ANSSI PQC Follow-up Paper;ANSSI-PQC-FAQ-2025;ANSSI-PG-083-v3-2026,France:ANSSI,certification_body,https://cyber.gouv.fr/offre-de-service/solutions-certifiees-et-qualifiees/,anssi,yes,ANSSI,url_authoritative,85,,92;54,active,,,
JCMVP,JCMVP,Japanese Cryptographic Module Validation Program — Japan equivalent of NIST CMVP for government procurement,92;54,JP,no,Ongoing (PQC integration pending CRYPTREC evaluation),JCMVP (Japanese Cryptographic Module Validation Program) is run by IPA (Information-technology Promotion Agency Japan). Japan equivalent of NIST CMVP/FIPS 140-3 based on ISO/IEC 19790 and JIS X 19790. Mandatory for Japanese government cryptographic module procurement. PQC algorithm integration is expected after CRYPTREC completes its PQC evaluation and publishes updated cipher recommendations.,IPA/METI,Japan CRYPTREC Report 2024,Japan:CRYPTREC,certification_body,https://www.ipa.go.jp/en/security/jcmvp/index.html,cryptrec,yes,IPA/METI,url_needs_review,85,,92;54,active,,,
SG-CSA-QUANTUM,Singapore CSA Quantum-Safe Handbook,Singapore Cyber Security Agency national guidelines for quantum-safe transition across all sectors,92;54;52;51,SG,yes,Ongoing (published 2024),"CSA Singapore published the National Quantum-Safe Handbook providing comprehensive PQC migration guidance for all sectors. Goes beyond MAS financial circular (MAS-CIRCULAR) to cover government, telecom, and technology sectors. Includes algorithm selection guidance aligned with NIST FIPS 203/204/205, migration planning templates, and industry-specific recommendations. Singapore also runs a QKD Sandbox program.",CSA Singapore,Singapore-CSA-Quantum-Safe-Handbook,Singapore:CSA/MAS,compliance_framework,https://www.csa.gov.sg/,csa-singapore,yes,CSA Singapore,url_needs_review,85,,92;54;52;51,active,,,
BRAZIL-ANPD-PQC,Brazil LGPD/ANPD PQC Guidance,Brazilian data protection authority ANPD guidance on cryptographic requirements under LGPD with PQC implications,92;54;52,BR,no,Ongoing,"Brazil Lei Geral de Protecao de Dados (LGPD) requires appropriate technical measures including encryption for personal data protection. ANPD (Autoridade Nacional de Protecao de Dados) has published guidance on security measures. While no explicit PQC mandate exists, LGPD long data retention requirements (up to lifetime for health data) create HNDL risk. Brazil is Latin Americas largest economy and a major financial services market. Banco Central do Brasil participates in BIS quantum readiness initiatives.",ANPD,FIPS 203;FIPS 204;FIPS 205,,compliance_framework,https://www.gov.br/anpd/pt-br,enisa,yes,ANPD,url_needs_review,85,,92;54;52,active,,,
DENMARK-CFCS-PQC,Denmark CFCS PQC Guidance,Danish Centre for Cyber Security post-quantum cryptography guidance for government and critical infrastructure,92;54,DK,yes,Ongoing (aligned with EU coordinated roadmap),"CFCS (Centre for Cybersikkerhed) published PQC migration guidance for Danish government entities and critical infrastructure operators. Denmark is a Five Eyes+ partner and aligns with EU NIS2 and the EU coordinated PQC roadmap (EU-REC-2024-1101) timelines: national roadmaps by Dec 2026, high-risk migration by Dec 2030, full transition by Dec 2035. CFCS is part of the Danish Defence Intelligence Service.",CFCS,FIPS 203;FIPS 204;FIPS 205,,compliance_framework,https://cfcs.dk/,ncsc-uk,yes,CFCS,url_needs_review,85,,92;54,active,,,
DFS-NYCRR-500,NY DFS 23 NYCRR 500,New York Department of Financial Services cybersecurity regulation with explicit encryption and key management requirements,52,US,no,Ongoing (Second Amendment effective Nov 2025),"NY DFS 23 NYCRR Part 500 is one of the most prescriptive US financial cybersecurity regulations. Section 500.15 requires encryption of nonpublic information both in transit and at rest using controls identified by the CISO risk assessment. The Second Amendment (effective November 2025) added enhanced requirements for encryption, key management, and incident response. While no explicit PQC mandate, the encryption requirements create a compliance pathway for PQC adoption as NIST standards mature. Applies to all DFS-regulated entities including banks, insurers, and financial service companies operating in New York.",NY DFS,FIPS 203;FIPS 204;FIPS 205,,compliance_framework,https://www.dfs.ny.gov/industry_guidance/cybersecurity,nydfs,yes,NY DFS,url_authoritative,85,,52,active,,,
ETSI-EN-303645,ETSI EN 303 645 (IoT Security),ETSI baseline cybersecurity standard for consumer IoT products with cryptographic requirements affecting long-lived devices,54;22;51,PQC-REGION-EU;PQC-REGION-GLOBAL,no,Ongoing (mandatory under EU RED delegated act from August 2025),"ETSI EN 303 645 establishes baseline cybersecurity provisions for consumer IoT products. Provision 5.1 mandates that all cryptography used must follow best practice and be updateable. The EU Radio Equipment Directive (RED) delegated act makes compliance mandatory for wireless IoT devices sold in the EU from August 2025. PQC relevance: IoT devices with 10-15 year lifespans deployed today will operate well into the CRQC era. The crypto-agility requirement (updatable cryptography) supports future PQC migration. Covers smart home, wearables, connected appliances, and industrial IoT.",ETSI/EU Commission,FIPS 203;FIPS 204;FIPS 205,,compliance_framework,https://www.etsi.org/deliver/etsi_en/303600_303699/303645/,etsi-cyber,yes,ETSI/EU Commission,url_authoritative,85,,54;22;51,active,,,
PQCA,PQCA,Post-Quantum Cryptography Alliance — Linux Foundation project advancing PQC adoption through open-source tooling and community collaboration,54;92;52,PQC-REGION-GLOBAL,guidance,Ongoing,"Founded 2024 by Linux Foundation with AWS, Cisco, IBM, Google, NVIDIA, SandboxAQ, and others. Houses the OQS project and PQ Code Package. Promotes standardized open-source PQC implementations.",Linux Foundation,liboqs-v0.15.0,,industry_alliance,https://pqca.org,pqca,partial,Linux Foundation,url_authoritative,60,,54;92;52,active,,,
PQC-COALITION,PQC Coalition,PQC Coalition — MITRE-led cooperative advancing quantum-safe migration across critical infrastructure sectors,92;22;52;62,US;PQC-REGION-GLOBAL,guidance,Ongoing,"Launched by MITRE with members from government agencies and industry. Focuses on practical PQC migration guidance, interoperability testing, and sector-specific transition plans.",MITRE,FIPS 203;FIPS 204;FIPS 205,,industry_alliance,https://pqc-coalition.org,mitre,partial,MITRE,url_needs_review,60,,92;22;52;62,active,,,
QED-C,QED-C,Quantum Economic Development Consortium — NIST-established consortium enabling the quantum ecosystem including PQC readiness assessment,54;92;52;22,US;PQC-REGION-GLOBAL,guidance,Ongoing,"Established by NIST in 2018 under the National Quantum Initiative Act. Over 300 members from industry, academia, and government. Develops use cases, standards alignment, and workforce development for quantum technologies including PQC.",NIST; SRI International,FIPS 203;FIPS 204;FIPS 205,,industry_alliance,https://quantumconsortium.org,nist-csrc,partial,NIST,url_needs_review,60,,54;92;52;22,active,,,
APRA-CPS-234,APRA CPS 234,"APRA Prudential Standard CPS 234 Information Security — mandatory for all APRA-regulated entities including banks, insurers, and superannuation funds. Requires robust information security capabilities proportionate to information asset criticality; cryptographic controls are explicitly in scope.",52,AU,partial,Ongoing,CPS 234 requires information security capabilities commensurate with threats; APRA has flagged quantum computing as an emerging threat in its operational risk guidance. APRA-regulated entities performing cryptographic risk assessments must address PQC transition timelines.,APRA,AU-ASD-ISM-Crypto-2024;APRA-CPS-234,,compliance_framework,https://www.apra.gov.au/information-security,apra,yes,APRA,url_authoritative,85,,52,active,,,
ACSC-ESSENTIAL-EIGHT,ACSC Essential Eight,Australian Cyber Security Centre (ACSC) Essential Eight Maturity Model — eight baseline mitigation strategies mandated for Australian government entities and widely adopted in critical infrastructure and finance. Patch management and application hardening strategies directly intersect PQC transition planning.,92;54;52,AU,partial,Ongoing,Essential Eight Maturity Level 3 requires patching within 48 hours for critical vulnerabilities and enforces strong cryptographic controls on internet-facing services. ASD guidance explicitly references PQC readiness as part of cryptographic agility planning under the ISM.,ASD,AU-ASD-ISM-Crypto-2024;ACSC-Essential-Eight,,compliance_framework,https://www.cyber.gov.au/business-government/asds-cyber-security-frameworks/essential-eight/essential-eight-maturity-model,acsc,yes,ASD,url_authoritative,85,,92;54;52,active,,,
AU-PRIVACY-ACT,Australian Privacy Act (APPs),"Privacy Act 1988 (Cth) with Australian Privacy Principles (APPs) — enforced by the Office of the Australian Information Commissioner (OAIC). APP 11 requires organisations to take reasonable steps to protect personal information, including cryptographic security controls. Post-quantum transition affects long-term data confidentiality.",52;62;54;92,AU,partial,Ongoing,The Privacy Act reform (2024) significantly increased penalties for serious or repeated breaches (up to AUM). Harvest-now-decrypt-later attacks on personal data held by financial institutions are directly addressed by PQC transition planning under APP 11.,OAIC,AU-Privacy-Act-APPs,,compliance_framework,https://www.oaic.gov.au/privacy/australian-privacy-principles,oaic,yes,OAIC,url_authoritative,85,,52;62;54;92,active,,,
AUSTRAC-AML-CTF,AUSTRAC AML/CTF Act,"Anti-Money Laundering and Counter-Terrorism Financing Act 2006 — enforced by AUSTRAC. Regulated reporting entities (banks, fintechs, crypto exchanges) must maintain secure cryptographic systems for transaction reporting and record-keeping. AML/CTF Rules require integrity and authenticity controls over financial intelligence data.",52,AU,partial,Ongoing,"AUSTRAC AML/CTF Act Chapter 2 requires reporting entities to maintain appropriate authentication and encryption for AUSTRAC reporting channels. The 2024 reforms extending regulated sectors (lawyers, accountants, real estate) increase the number of entities needing cryptographic compliance.",AUSTRAC,AUSTRAC-AML-CTF-Act,,compliance_framework,https://www.austrac.gov.au/amlctf-reform,austrac,yes,AUSTRAC,url_authoritative,60,,52,active,,,
OSFI-B13-PQC,OSFI Guideline B-13 — Operational Risk and Resilience (Crypto Controls),"Office of the Superintendent of Financial Institutions guideline B-13 on operational risk and resilience. Covers cryptographic controls for federally regulated financial institutions (FRFIs). Institutions must maintain crypto inventories, assess quantum risk, and implement crypto-agility.",52,CA,yes,"2025 (B-13 effective), PQC alignment expected by 2030","OSFI B-13 (effective Jan 2024) requires FRFIs to manage cryptographic risk under operational resilience. OSFI has signaled alignment with NIST PQC timelines. Financial institutions should expect PQC requirements in forthcoming supervisory guidance. Canada's primary banking regulator (covers banks, insurance, trust companies).",OSFI,CA-CFDIR-Quantum-Readiness-2023,,compliance_framework,https://www.osfi-bsif.gc.ca/en/risks/technology-cyber-risk-management,osfi,yes,OSFI,url_needs_review,80,,52,active,,,
CFDIR-QR-2023,Canada CFDIR Quantum-Readiness Best Practices,"Canadian quantum-readiness best practices and guidelines published by the Centre for Financial Democracy and Innovation Regulation (CFDIR) in partnership with Innovation Science and Economic Development Canada. Covers quantum threat assessment, migration prioritization, and hybrid PQC deployment for financial sector.",52;92;22,CA,yes,2030 (aligned with NIST IR 8547),"CFDIR guidance provides Canada-specific quantum-readiness framework for financial institutions and critical infrastructure. Aligned with NIST PQC standards and CCCS guidance. Covers threat landscape, migration roadmap, algorithm selection, and vendor assessment criteria for Canadian context.",CFDIR / Innovation Science and Economic Development Canada,CA-CFDIR-Quantum-Readiness-2023,,compliance_framework,https://ised-isde.canada.ca,ised-canada,yes,Innovation Science and Economic Development Canada,url_needs_review,80,,52;92;22,active,,,
UK-DSIT-CNI-PQC,UK DSIT CNI PQC Transition Perspectives,"UK Department for Science, Innovation and Technology perspectives on PQC transition planning from Critical National Infrastructure sectors. Sets expectations for CNI operators (energy, water, transport, finance) to engage with NCSC migration timelines and report readiness.",92;22;52;51;22,GB,yes,2028 (Phase 1 alignment); 2031 (high-priority CNI systems),DSIT published perspectives document (July 2025) requesting CNI sectors develop PQC transition plans aligned with NCSC three-phase roadmap. Represents government expectation — not yet statutory mandate — for critical sectors. Supplements UK-NCSC guidance with sector-specific engagement requirements.,UK DSIT / NCSC,UK-DSIT-CNI-PQC-Perspectives-2025;UK-NCSC-Migration-Timelines-2025,United Kingdom:DSIT,compliance_framework,https://www.gov.uk/government/organisations/department-for-science-innovation-and-technology,uk-dsit,yes,"UK Department for Science, Innovation and Technology",url_needs_review,80,,92;22;52;51;22,active,,,
ACPR,ACPR (French Banking & Insurance Regulator),"Autorité de Contrôle Prudentiel et de Résolution — French prudential regulator for banking and insurance sectors, supervised by Banque de France",52;52,FR,expected,2030 (aligned with ANSSI/DORA timelines),ACPR supervises French banks and insurers for operational and cyber resilience. DORA compliance (effective Jan 2025) now governs digital operational resilience for regulated entities. ACPR aligns with ANSSI guidance on cryptographic migration. No standalone PQC mandate issued; institutions expected to follow ANSSI recommendations and DORA ICT risk requirements. ACPR participated in European Banking Authority (EBA) guidance on ICT risk management.,ACPR,ANSSI PQC Position Paper;ANSSI PQC Follow-up Paper;ANSSI-PG-083-v3-2026,,regulatory_body,https://acpr.banque-france.fr,acpr-france,no,Banque de France,url_authoritative,70,,52;52,active,,,
AMF-FR,AMF (French Securities Regulator),Autorité des marchés financiers — French securities and financial markets regulator,52,FR,expected,2030 (aligned with ANSSI/DORA/MiCA timelines),"AMF regulates French financial markets including investment firms, fund managers, and market infrastructure. Subject to DORA (effective Jan 2025) for ICT risk and operational resilience. MiCA introduces crypto-asset market regulation with cybersecurity requirements. No standalone PQC mandate issued; firms expected to follow ANSSI guidance and DORA ICT risk framework for cryptographic agility.",AMF,ANSSI PQC Position Paper;ANSSI PQC Follow-up Paper,,regulatory_body,https://www.amf-france.org,amf-france,no,AMF,url_authoritative,70,,52,active,,,
DSPF-PQC,DSPF (Defence),Australian Defence Security Principles Framework — cryptography transition requirements for all ADF personnel and cleared contractors,92,AU,yes,2030 (ISM-1917 cascades to all Defence-cleared systems),"The Defence Security Principles Framework (DSPF) applies to all Australian Defence Organisation personnel, contractors, and cleared entities. PQC transition is governed by ISM-1917 requirements cascading through DSPF. All ADF systems handling PROTECTED and above classifications must achieve ML-DSA-87 / ML-KEM-1024 compliance by end of 2030. Entities holding Defence security clearances must demonstrate a PQC transition plan by end of 2026 per ISM guidance.",Department of Defence,,Australia:ASD,compliance_framework,https://www.defence.gov.au/business-industry/industry-governance/defence-security-principles-framework,acsc,yes,Department of Defence,,,,,active,,restored from archive 2026-05-03,
ZA-POPIA,POPIA,South Africa Protection of Personal Information Act — data protection regulation with strong encryption and breach-notification requirements relevant to PQC migration for long-retention data,52;62;54;92,ZA,no,Ongoing,"POPIA Section 19 requires ""appropriate, reasonable technical and organisational measures"" including encryption for personal information. Long data-retention obligations expose regulated entities to HNDL risk; migration guidance expected from the Information Regulator as NIST PQC suite gains regional traction via SABS.",Information Regulator (South Africa),NIST-SP-800-131A-Rev3;ZA-POPIA-TEXT,South Africa:IR,compliance_framework,https://inforegulator.org.za,,yes,Information Regulator (South Africa),,,,,active,,restored from archive 2026-05-03,
NG-NDPR,NDPR / NDPA 2023,"Nigeria Data Protection Regulation + Nigeria Data Protection Act 2023 — jointly enforced by the Nigeria Data Protection Commission (NDPC), with explicit encryption obligations for personal data",52;54;51;92,NG,no,Ongoing,"NDPA 2023 establishes the NDPC and codifies the prior NDPR. Section 39 mandates appropriate technical measures including encryption. NITDA has signalled alignment with NIST PQC suite for regulated sectors (banking, telecoms). No explicit PQC deadline but HNDL exposure on financial and health data is material.",NDPC (Nigeria Data Protection Commission),NIST-SP-800-131A-Rev3,Nigeria:NDPC,compliance_framework,https://ndpc.gov.ng,,yes,NDPC,,,,,active,,restored from archive 2026-05-03,
KE-DPA,Kenya Data Protection Act 2019,Kenya Data Protection Act — enforced by the Office of the Data Protection Commissioner (ODPC); imposes encryption-at-rest and in-transit obligations on data controllers,52;54;51;62,KE,no,Ongoing,ODPC Guidance Note on Data Protection by Design (2022) requires state-of-the-art cryptography. The Communications Authority of Kenya is coordinating with ODPC on PQC readiness for the telecoms sector. M-Pesa and other mobile-money rails are high-HNDL-exposure systems.,ODPC (Kenya),NIST-SP-800-131A-Rev3;KE-DPA-TEXT,Kenya:ODPC,compliance_framework,https://www.odpc.go.ke,,yes,ODPC,,,,,active,,restored from archive 2026-05-03,
EG-PDPL,Egypt Personal Data Protection Law,Egypt Law No. 151 of 2020 on the Protection of Personal Data — enforced by the Egyptian Data Protection Center (DPC); mandates encryption and security controls for personal data processing,52;54;51;92,EG,no,Ongoing,Law 151/2020 came into force in October 2020; executive regulations issued 2024. Article 6 requires controllers to implement encryption proportionate to risk. Egypt Financial Regulatory Authority is tracking NIST PQC adoption; no explicit PQC deadline yet but HNDL risk is material for long-lived government records.,DPC (Egypt),NIST-SP-800-131A-Rev3,Egypt:MCIT,compliance_framework,https://mcit.gov.eg,,yes,MCIT Egypt,,,,,active,,restored from archive 2026-05-03,
AU-MALABO,African Union Malabo Convention,African Union Convention on Cyber Security and Personal Data Protection — pan-continental instrument harmonising cybersecurity and data-protection regimes across AU member states,52;54;51;92;62,PQC-REGION-AU-AFRICA,no,Ongoing (entered into force June 2023),The Malabo Convention entered into force on 8 June 2023 after Mauritania deposited the 15th instrument of ratification. Article 25 requires member states to adopt appropriate technical measures including encryption. The AU Cybersecurity Expert Group 2025 report highlights quantum-safe transition as a priority for regional harmonisation.,African Union Commission,NIST-SP-800-131A-Rev3,African Union:AUC,compliance_framework,https://au.int/en/treaties/african-union-convention-cyber-security-and-personal-data-protection,,yes,African Union Commission,,,,,active,,restored from archive 2026-05-03,
EUCC-V2,EUCC v2.0,EU Cybersecurity Certification Scheme Agreed Cryptographic Mechanisms v2.0,92;54,PQC-REGION-EU,yes,Ongoing (April 2025 update),EUCC Agreed Cryptographic Mechanisms v2.0 now includes PQC algorithms for EU cybersecurity certification. ENISA migrated certification pages to certification.enisa.europa.eu in 2025; old enisa.europa.eu/topics/certification/* URLs now 404.,ECCG/ENISA,EUCC v2.0 ACM,European Union:ECCG,certification_body,https://certification.enisa.europa.eu/certification-library/eucc-certification-scheme_en,enisa,,,,,,,active,,restored from archive 2026-03-05,
BSI-PQC-ADVISORY,BSI Post-Quantum Standardization Advisory,"BSI ongoing PQC pre-standardization activity covering algorithm selection commentary, harmonization with NIST FIPS 203/204/205/206, and German-context migration recommendations. Advisory / forward-looking; tracks closely with NIST PQC programme on its own timeline.",Government & Defense;Finance & Banking;Technology;Energy & Utilities,DE,guidance,Ongoing (forward-looking advisory),Pre-standardization advisory — complements BSI TR-02102 (Algorithmenkatalog) which is the binding cryptographic recommendation.,BSI (Bundesamt für Sicherheit in der Informationstechnik),FIPS 203;FIPS 204;FIPS 205,Germany:BSI,standardization_body,https://www.bsi.bund.de/EN/Themen/Unternehmen-und-Organisationen/Informationen-und-Empfehlungen/Quantentechnologien-und-Post-Quanten-Kryptografie/quantentechnologien-und-post-quanten-kryptografie_node.html,bsi,yes,,url_authoritative,85,,52;54;92,active,,,
PRA-SS2-21,PRA Operational Resilience (SS1/21 + cyber),"UK PRA supervisory statement on operational resilience, scoped to Tier 1/2 banks, insurers, and major investment firms. The most specific UK supervisory channel on quantum-risk timelines for financial firms.",Finance & Banking,GB,expected,Ongoing (FCA cyber guidance is referenced via PRA-supervised firms'' operational-resilience obligations),Anchor PRA supervisory statement (SS1/21 + 2024 cyber resilience update). FCA cybersecurity guidance for non-PRA-supervised firms is treated as a complementary overlay — not a separate compliance row.,Bank of England — Prudential Regulation Authority,,,regulatory_body,https://www.bankofengland.co.uk/prudential-regulation,pra-uk,yes,,url_authoritative,85,,52,active,,,
ICO-UK-ENC,UK ICO Encryption Guidance (UK GDPR Art. 32),UK Information Commissioner''s Office guidance on encryption as a Reasonable Step under UK GDPR Article 32. Codifies current data-at-rest and data-in-transit cryptographic-adequacy expectations; does not mandate PQC.,Healthcare;Finance & Banking;Government & Defense;Retail;Technology,GB,no,In force (UK GDPR),PQC migration not addressed by ICO directly; UK GDPR Art. 32 reads cryptographic adequacy through industry standards (NIST / NCSC etc.). PQC adoption inherited as those references update.,UK Information Commissioner's Office,,,regulatory_body,https://ico.org.uk/for-organisations/uk-gdpr-guidance-and-resources/security/encryption/,ico-uk,yes,,url_authoritative,85,,52;54;62;44,active,,,
NSM-NO-GP,NSM Grunnprinsipper for IKT-sikkerhet (Norway),Norwegian National Security Authority's foundational ICT-security principles — closest Nordic analogue to NIST CSF. NSM publishes explicit PQC positioning and is the unambiguous primary Nordic crypto-guidance authority.,Government & Defense;Energy & Utilities;Telecommunications;Finance & Banking,NO,guidance,Ongoing (latest revision tracks NIST PQC standardisation cadence),Strongest Nordic row — NSM has published explicit PQC positioning beyond the generic NIST cross-reference common to other Nordic agencies.,Nasjonal sikkerhetsmyndighet (NSM),,,standardization_body,https://nsm.no/regelverk-og-hjelp/rad-og-anbefalinger/grunnprinsipper-for-ikt-sikkerhet/,nsm-norway,yes,,url_authoritative,85,,92;22;51;52,active,,,
MSB-SE-CYB,MSB Sweden Cyber Resilience Metodstöd,"Swedish Civil Contingencies Agency cyber-resilience guidance. MSB is the civil-contingency umbrella; for algorithm-level guidance, cross-reference MSB Metodstöd documents and NCSC-SE bulletins (which sit across SÄPO/MSB depending on topic).",Government & Defense;Energy & Utilities;Healthcare,SE,guidance,Ongoing,NCSC-SE crypto-specific guidance is the operational layer beneath MSB; PQC migration tracked via Metodstöd updates.,Myndigheten för samhällsskydd och beredskap (MSB),,,standardization_body,https://www.msb.se/en,msb-sweden,yes,,url_authoritative,75,,92;22;62,active,,,
NCSC-FI-PQC,NCSC-FI / Traficom Finland Cyber Security Centre Bulletins,Finnish National Cyber Security Centre (under Traficom). 'Kyberturvallisuuden tilannekuva' situational picture and technical bulletins drive PQC awareness and timing across Finnish public and critical-infrastructure sectors.,Government & Defense;Telecommunications;Energy & Utilities;Finance & Banking,FI,guidance,Ongoing,Often underrated regionally; bulletins are technically precise. PQC migration cadence tracks NIST + ENISA alignment.,NCSC-FI / Traficom,,,standardization_body,https://www.kyberturvallisuuskeskus.fi/en,ncsc-fi,yes,,url_authoritative,80,,92;51;22;52,active,,,
CHILE-ANCI,Chile ANCI Cybersecurity Standards (Ley 21.663),Chile Agencia Nacional de Ciberseguridad (established by Ley 21.663 / 2023) is the designated national cybersecurity authority. Has already issued binding technical standards across critical-information sectors.,Government & Defense;Finance & Banking;Telecommunications;Energy & Utilities,CL,expected,Ongoing (standards being issued progressively post-2024),Strongest LATAM cyber-regulator authority today — Tier 1 add per geographic-depth vetting.,Agencia Nacional de Ciberseguridad (ANCI),,,regulatory_body,https://www.anci.gob.cl/,anci-chile,yes,,url_authoritative,80,,92;52;51;22,active,,,
MEXICO-CNBV-CUB,CNBV Circular Única de Bancos (Mexico),Mexican National Banking and Securities Commission cryptographic-control expectations for banks under the Circular Única de Bancos (CUB). Mature financial-sector cyber-regulation channel — preferred over fragmented NOM cyber standards.,Finance & Banking,MX,expected,Ongoing (latest CUB amendments),"Scoped to Mexican FS regulated entities. Other Mexican cyber bodies (CEDN federal, CNS NOM standards) are out of FS scope and not yet sufficiently consolidated to warrant separate rows.",Comisión Nacional Bancaria y de Valores (CNBV),,,regulatory_body,https://www.cnbv.gob.mx/,cnbv-mexico,yes,,url_authoritative,80,,52,active,,,
ARGENTINA-ONTI,Argentina ONTI Cyber Baseline (Secretaría de Innovación Pública),Argentina Oficina Nacional de Tecnologías de Información — the correct cyber authority for federal government (AFIP is the tax authority; BCRA covers financial sector — both are separate from ONTI).,Government & Defense,AR,expected,Ongoing,"AFIP previously suggested in audit gap was wrong — AFIP is a tax authority, not a cyber regulator. ONTI is the correct government-cyber row; BCRA Comunicación A-series belongs in FS scope.",ONTI / Secretaría de Innovación Pública,,,regulatory_body,https://www.argentina.gob.ar/jefatura/innovacion-publica,onti-argentina,yes,,url_authoritative,75,,92,active,,,
BRAZIL-BACEN-4893,BACEN Resolution 4.893 (Brazil FS Cyber),Brazilian central bank Resolution 4.893 sets encryption requirements for financial sector institutions. Pairs with ANPD (LGPD) on data-protection cryptographic adequacy; both are well-documented and more mature than most LATAM cyber-regulator entries.,Finance & Banking,BR,expected,"Ongoing (Resolution 4.893 in force, subsequent amendments)",Companion FS row to BRAZIL-ANPD-PQC (data-protection scope). PQC migration will land via the cryptographic-adequacy clause of Resolution 4.893 as NIST + central-bank guidance converge.,Banco Central do Brasil (BACEN),,,regulatory_body,https://www.bcb.gov.br/estabilidadefinanceira/seguranca_cibernetica,bacen-brazil,yes,,url_authoritative,80,,52,active,,,
ID-PDP,Indonesia Personal Data Protection Law (UU PDP),Indonesia Law No. 27 of 2022 on Personal Data Protection — establishes a national data-protection regime with explicit obligations on technical and organisational security measures including encryption.,52;54;51;92,ID,no,Ongoing,UU PDP entered into force October 2022 with a two-year transition (effective enforcement October 2024). Article 35 requires controllers to implement technical safeguards including encryption proportionate to risk. BSSN (Badan Siber dan Sandi Negara) issues sectoral cryptographic guidance and has begun tracking NIST PQC selections for government systems. No explicit PQC deadline yet but HNDL exposure on long-lived government and banking records is material.,PDP Authority (under KomDigi) + BSSN,NIST-SP-800-131A-Rev3,,compliance_framework,https://www.bssn.go.id,,yes,BSSN,,,,,active,,,
TH-PDPA,Thailand Personal Data Protection Act (PDPA 2019),Thailand PDPA B.E. 2562 (2019) — comprehensive data-protection law enforced by the PDPC; requires appropriate security measures for personal data including encryption.,52;54;51;92,TH,no,Ongoing,"PDPA fully effective June 2022 after deferrals. Section 37 obliges data controllers to provide adequate security measures, with PDPC guidance pointing at internationally recognised standards (ISO 27001, NIST SP 800-series). NCSA (National Cyber Security Agency) issued a 2024 cyber resilience plan that flags post-quantum readiness for critical infrastructure (CII) sectors. ETDA is exploring PQC for the national digital signature framework.",PDPC (Thailand) + NCSA + ETDA,NIST-SP-800-131A-Rev3,,compliance_framework,https://www.pdpc.or.th,,yes,PDPC,,,,,active,,,
VN-CYBER,Vietnam Cybersecurity Law + Decree 13/2023,Vietnam Law on Cybersecurity (2018) plus Decree 13/2023 on Personal Data Protection — joint framework enforced by MIC and the Ministry of Public Security (A05); mandates encryption for personal data processing and cross-border transfers.,52;54;51;92,VN,no,Ongoing,Decree 13/2023/NĐ-CP took effect July 2023 and is the operative PDP instrument. Article 26 requires controllers to apply technical security measures including encryption. MIC and A05 publish cryptographic requirements for licensed services; no explicit PQC mandate yet but the Vietnam Government Cipher Commission has tracked NIST FIPS 203/204/205 selections.,MIC + A05 (Ministry of Public Security),NIST-SP-800-131A-Rev3,,compliance_framework,https://mic.gov.vn,,yes,MIC,,,,,active,,,
PH-DPA,Philippines Data Privacy Act (RA 10173),Philippines Data Privacy Act of 2012 (Republic Act No. 10173) — enforced by the National Privacy Commission (NPC); mandates encryption for sensitive personal information at rest and in transit.,52;54;51;92,PH,no,Ongoing,NPC Circular 16-01 requires AES-256 (or equivalent) for sensitive personal information held by government and material covered entities. DICT (Department of Information and Communications Technology) is the lead on national cybersecurity and tracks NIST PQC outputs for inclusion in the National Cybersecurity Plan 2023-2028. HNDL exposure on national-ID (PhilSys) and banking data is the primary near-term concern.,NPC (Philippines) + DICT,NIST-SP-800-131A-Rev3,,compliance_framework,https://www.privacy.gov.ph,,yes,NPC,,,,,active,,,
EE-CSA,Estonia Cybersecurity Act + RIA PQC Guidance,"Estonian Cybersecurity Act (2018, updated for NIS2 transposition 2024) — enforced by RIA (Information System Authority); applies to operators of essential and important services; aligns with EUCC and ENISA PQC guidance.",52;54;51;92,EE,guidance,Ongoing,"Estonia operates the most mature national digital-signature ecosystem in the EU (ID-card, Mobile-ID, Smart-ID — all eIDAS qualified). RIA has issued written guidance to qualified trust service providers (QTSPs) to begin PQC readiness assessments aligned with ENISA and ETSI TS 119 312. Estonia transposed NIS2 in 2024 with explicit reference to post-quantum migration as a ""state of the art"" obligation. No fixed PQC deadline but RIA expects QTSPs to publish PQC roadmaps by 2027.",RIA (Estonian Information System Authority),NIST-SP-800-131A-Rev3,,compliance_framework,https://www.ria.ee,,yes,RIA,,,,,active,,,
IE-NCSC,Ireland NCSC PQC Guidance + NIS2 Transposition,Irish National Cyber Security Centre PQC guidance plus NIS2 transposition via the National Cyber Security Bill 2024 — enforced by NCSC-IE under DECC; aligns with ENISA PQC guidelines and EUCC.,52;54;51;92,IE,guidance,Ongoing,"NCSC-IE published the 2023 ""Quantum Threat to Cryptography"" advisory recommending that public-sector and CII operators begin crypto inventory and PQC readiness work. Ireland transposed NIS2 via the National Cyber Security Bill 2024 (assented 2025) with a ""state of the art"" cryptography duty that explicitly contemplates PQC migration. NCSC-IE coordinates with ENISA, NCSC-UK, and BSI on cross-border guidance.",NCSC-IE (under DECC),NIST-SP-800-131A-Rev3,,compliance_framework,https://www.ncsc.gov.ie,,yes,NCSC-IE,,,,,active,,,
BE-NIS2,Belgium NIS2 Transposition + CCB Cybersecurity Strategy,Belgian NIS2 transposition (Law of 26 April 2024) + the Centre for Cybersecurity Belgium (CCB) Cybersecurity Strategy 2.0 — covers essential and important entities with explicit reference to post-quantum migration.,52;54;51;92,BE,guidance,Ongoing,Belgium transposed NIS2 via the Law of 26 April 2024 (effective 18 October 2024) with the CCB as competent authority. The CCB Cybersecurity Strategy 2.0 (2021-2025) names post-quantum cryptography as a strategic axis; the CCB has published organisational guidance for crypto-agility inventories. Belgium also hosts the EU institutions which themselves run PQC pilots under the Commission DG DIGIT.,CCB (Centre for Cybersecurity Belgium),NIST-SP-800-131A-Rev3,,compliance_framework,https://ccb.belgium.be,,yes,CCB,,,,,active,,,
AT-NIS2,Austria NIS2 Transposition + A-SIT Guidance,Austrian NIS2 transposition (NISG 2024) + A-SIT (Zentrum für sichere Informationstechnologie - Austria) guidance — covers operators of essential and important services; A-SIT is the recognised national crypto-evaluation body.,52;54;51;92,AT,guidance,Ongoing,"Austria transposed NIS2 via NISG 2024 with the Bundesministerium für Inneres (BMI) as competent authority and BKA as policy lead. A-SIT (jointly funded by BMF, BKA, and TU Graz) provides crypto-evaluation services for the national A-Trust QTSP and the Bürgerkarte ecosystem; A-SIT tracks ETSI/BSI PQC guidance and supports A-Trust PQC readiness planning. No fixed PQC deadline; ENISA / ETSI alignment is the operative reference.",BMI + A-SIT,NIST-SP-800-131A-Rev3,,compliance_framework,https://www.a-sit.at,,yes,A-SIT,,,,,active,,,
PL-NCSC,Poland Cyber Security Act + NASK PQC Program,"Polish National Cybersecurity System Act (2018, NIS2 amendment 2024) — enforced by Ministry of Digital Affairs with NASK as the national CERT/research body; tracks NIST PQC for public-sector adoption.",52;54;51;92,PL,guidance,Ongoing,"Poland transposed NIS2 via a 2024 amendment to the Cybersecurity Act (Ustawa o krajowym systemie cyberbezpieczeństwa). CSIRT NASK and CSIRT GOV publish technical guidance for public-sector cryptography; NASK research division participates in EU PQC projects (PQ-REACT, EuroQCI) and the national Quantum Communications Infrastructure (PIONIER-Q) pilot. No explicit PQC deadline but public-sector procurement is expected to require crypto-agility from 2027.",Ministry of Digital Affairs + NASK,NIST-SP-800-131A-Rev3,,compliance_framework,https://www.nask.pl,,yes,NASK,,,,,active,,,
CO-LEY1581,Colombia Habeas Data Law 1581/2012,Colombia Statutory Law 1581 of 2012 (Habeas Data) plus Decree 1377/2013 — enforced by SIC (Superintendencia de Industria y Comercio); requires adequate technical measures for personal-data security.,52;54;51;92,CO,no,Ongoing,SIC has issued external Circulares on accountability and security (including Circular 003 of 2018) that reference internationally recognised cryptography. MinTIC and ColCERT track NIST PQC outputs; the 2023 National Digital Security Policy (CONPES 3995) flags post-quantum readiness as a forward-looking priority for critical infrastructure and the digital-trust framework.,SIC + MinTIC + ColCERT,NIST-SP-800-131A-Rev3,,compliance_framework,https://www.sic.gov.co,,yes,SIC,,,,,active,,,
PE-LDP,Peru Personal Data Protection Law (Law 29733),Peru Law No. 29733 on Personal Data Protection (2011) + Supreme Decree 003-2013-JUS — enforced by ANPD; requires technical security measures including encryption for sensitive personal data.,52;54;51;92,PE,no,Ongoing,ANPD (Autoridad Nacional de Protección de Datos Personales) operates under the Ministerio de Justicia and publishes security guidance referencing ISO 27001 and NIST SP 800-53 control families. PCM-SeGDi (Secretaría de Gobierno y Transformación Digital) leads national digital-trust strategy and tracks NIST PQC outputs through the Peru-OECD Going Digital review. No explicit PQC deadline.,ANPD (Peru) + PCM-SeGDi,NIST-SP-800-131A-Rev3,,compliance_framework,https://www.gob.pe/anpd,,yes,ANPD,,,,,active,,,
UY-LPDP,Uruguay Personal Data Protection Law (Law 18.331),Uruguay Law 18.331 on Protection of Personal Data + URCDP guidance — enforced by the Personal Data Regulation and Control Unit (URCDP) within AGESIC; Uruguay holds an EU adequacy decision since 2012.,52;54;51;92,UY,no,Ongoing,URCDP guidance under Law 18.331 requires controllers to apply technical security measures proportionate to risk; AGESIC (Agencia para el Gobierno Electrónico y la Sociedad de la Información) operates the national PKI (raíz nacional) and tracks NIST PQC outputs for inclusion in the next root-CA refresh cycle. Uruguay is the only Latin-American country with an EU GDPR adequacy decision (renewed 2024) which provides an additional channel for aligning on ENISA PQC guidance.,URCDP + AGESIC,NIST-SP-800-131A-Rev3,,compliance_framework,https://www.gub.uy/unidad-reguladora-control-datos-personales,,yes,AGESIC,,,,,active,,,
RU-TC26,Russia GOST Cryptography (TC 26),"Russian national cryptographic standards maintained by Technical Committee 26 (TC 26) of Rosstandart under FSB oversight — GOST R 34.10-2012 (signatures), GOST R 34.11-2012 (Streebog), GOST R 34.12-2015 (Kuznyechik/Magma).",52;54;51;92,RU,no,Ongoing,"Russia operates a separate national crypto regime: products sold into Russian regulated sectors must use FSB-certified GOST algorithms, not NIST. TC 26 has published draft post-quantum work items but no formal PQ-GOST has been standardised as of 2026; recent academic output focuses on hash-based and code-based candidates. Western PQC adoption is unlikely to apply to Russian regulated procurement.",FSB + TC 26 (Rosstandart),NIST-SP-800-131A-Rev3,,compliance_framework,https://tc26.ru,,yes,TC 26,,60,,,active,,,
TR-KVKK,"Turkey Personal Data Protection Law (KVKK, Law 6698)","Turkey Personal Data Protection Law No. 6698 (KVKK, 2016) — enforced by the Personal Data Protection Authority (KVK Kurumu); requires technical security measures including encryption.",52;54;51;92,TR,no,Ongoing,KVKK aligned closely with EU Directive 95/46/EC and partial GDPR-style amendments were adopted in 2024 (Law 7499). KVKK Board Decision 2018/10 requires controllers to apply technical measures including encryption for sensitive personal data. BTK (Bilgi Teknolojileri ve İletişim Kurumu) regulates telecoms cryptography; TÜBİTAK BİLGEM publishes national cryptography guidance and is the lead research body tracking NIST PQC selections. No formal PQC mandate yet.,KVK Kurumu + BTK + TÜBİTAK BİLGEM,NIST-SP-800-131A-Rev3,,compliance_framework,https://www.kvkk.gov.tr,,yes,KVK Kurumu,,,,,active,,,
