software_name,purl,purl_type,purl_namespace,purl_name,match_confidence,status,registry_url,last_verified_date,deprecated_at,deprecated_reason,product_id,purl_coverage_flag,data_quality_notes
.NET 10 PQC,,,,,,not_found,,2026-05-10,,,,,
.NET System.Security.Cryptography,pkg:github/dotnet/runtime,github,dotnet,runtime,exact,matched,https://github.com/dotnet/runtime,2026-05-10,,,,,
01 Quantum IronCAP,,,,,,not_found,,2026-05-10,,,,,
1Password,,,,,,not_found,,2026-05-10,,,,,
@noble/curves,pkg:github/paulmillr/noble-curves,github,paulmillr,noble-curves,exact,matched,https://github.com/paulmillr/noble-curves,2026-05-10,,,,,
@noble/hashes,pkg:github/paulmillr/noble-hashes,github,paulmillr,noble-hashes,exact,matched,https://github.com/paulmillr/noble-hashes,2026-05-10,,,,,
A10 Networks Thunder ADC,,,,,,not_found,,2026-05-10,,,,,
AdGuard DNS,,,,,,not_found,,2026-05-10,,,,,
Adobe Acrobat Sign,,,,,,not_found,,2026-05-10,,,,,
Adva FSP 3000 S-Flex,,,,,,not_found,,2026-05-10,,,,,
Adva Network Security FSP 3000 S-Flex,,,,,,not_found,,2026-05-10,,,,,
Africa Quantum Consortium PQC,,,,,,not_found,,2026-05-10,,,,,
Aigis Reference Implementation,pkg:github/zhenfeizhang/Aigis,github,zhenfeizhang,Aigis,exact,matched,https://github.com/zhenfeizhang/Aigis,2026-05-10,,,,,
AIMer Reference Implementation,pkg:github/kpqc-cryptocon/AIMer,github,kpqc-cryptocon,AIMer,exact,matched,https://github.com/kpqc-cryptocon/AIMer,2026-05-10,,,,,
Airbus (Quantum Program),,,,,,not_found,,2026-05-10,,,,,
Akamai Connected Cloud,,,,,,not_found,,2026-05-10,,,,,
Akamai Edge,,,,,,not_found,,2026-05-10,,,,,
Akamai PQC Edge,,,,,,not_found,,2026-05-10,,,,,
Algorand,pkg:github/algorand/go-algorand,github,algorand,go-algorand,exact,matched,https://github.com/algorand/go-algorand,2026-05-10,,,,,
Algorand FALCON Mainnet,,,,,,not_found,,2026-05-10,,,,,
Alibaba Cloud GVSM,,,,,,not_found,,2026-05-10,,,,,
Alpine Linux,,,,,,not_found,,2026-05-10,,,,,
Amazon CloudFront,,,,,,not_found,,2026-05-10,,,,,
Amazon Cognito,,,,,,not_found,,2026-05-10,,,,,
Amazon EKS,,,,,,not_found,,2026-05-10,,,,,
Amazon Web Services (AWS),,,,,,not_found,,2026-05-10,,,,,
AMD SEV-SNP (Secure Encrypted Virtualization),pkg:github/AMDESE/AMDSEV,github,AMDESE,AMDSEV,exact,matched,https://github.com/AMDESE/AMDSEV,2026-05-10,,,,,
AMD Versal Adaptive SoC,,,,,,not_found,,2026-05-10,,,,,
American Binary Ambit Client,,,,,,not_found,,2026-05-10,,,,,
Anchorage Digital,,,,,,not_found,,2026-05-10,,,,,
Android 16,,,,,,not_found,,2026-05-10,,,,,
Android 17 PQC,,,,,,not_found,,2026-05-10,,,,,
ANKATech ANKASecure,,,,,,not_found,,2026-05-10,,,,,
Ansible / PQC App Recs,,,,,,not_found,,2026-05-10,,,,,
ANSSI PQC Migration Guidance,,,,,,not_found,,2026-05-10,,,,,
AnyDesk,,,,,,not_found,,2026-05-10,,,,,
AnyDesk Remote Desktop,,,,,,not_found,,2026-05-10,,,,,
Apache Guacamole,pkg:github/apache/guacamole-server,github,apache,guacamole-server,exact,matched,https://github.com/apache/guacamole-server,2026-05-10,,,,,
Apache HTTP Server,pkg:github/apache/httpd,github,apache,httpd,exact,matched,https://github.com/apache/httpd,2026-05-10,,,,,
Apache Tomcat,pkg:github/apache/tomcat,github,apache,tomcat,exact,matched,https://github.com/apache/tomcat,2026-05-10,,,,,
Apache Traffic Server,pkg:github/apache/trafficserver,github,apache,trafficserver,exact,matched,https://github.com/apache/trafficserver,2026-05-10,,,,,
Apple codesign,,,,,,not_found,,2026-05-10,,,,,
Apple PQ3 / CoreCrypto,,,,,,not_found,,2026-05-10,,,,,
Apple Safari,,,,,,not_found,,2026-05-10,,,,,
Applivery UEM PQC,,,,,,not_found,,2026-05-10,,,,,
AppViewX CERT+,,,,,,not_found,,2026-05-10,,,,,
AppViewX Spring 2026,,,,,,not_found,,2026-05-10,,,,,
Aptos,pkg:github/aptos-labs/aptos-core,github,aptos-labs,aptos-core,exact,matched,https://github.com/aptos-labs/aptos-core,2026-05-10,,,,,
Arch Linux,,,,,,not_found,,2026-05-10,,,,,
ArgoCD / FluxCD 2026,,,,,,not_found,,2026-05-10,,,,,
Arista EOS (Extensible Operating System),,,,,,not_found,,2026-05-10,,,,,
ARM Confidential Compute Architecture (CCA),pkg:github/ARM-software/cca-rmm-acs,github,ARM-software,cca-rmm-acs,exact,matched,https://github.com/ARM-software/cca-rmm-acs,2026-05-10,,,,,
ARM Trusted Firmware (TF-A),pkg:github/ARM-software/arm-trusted-firmware,github,ARM-software,arm-trusted-firmware,exact,matched,https://github.com/ARM-software/arm-trusted-firmware,2026-05-10,,,,,
ARM TrustZone,,,,,,not_found,,2026-05-10,,,,,
Arqit 6WIND Telco PQC,,,,,,not_found,,2026-05-10,,,,,
Arqit Encryption Intelligence,,,,,,not_found,,2026-05-10,,,,,
Arqit QuantumCloud,,,,,,not_found,,2026-05-10,,,,,
Ascertia ADSS PKI Server,,,,,,not_found,,2026-05-10,,,,,
Ascertia ADSS Server/SAM,,,,,,not_found,,2026-05-10,,,,,
Ascertia ADSS Signing Server,,,,,,not_found,,2026-05-10,,,,,
ASD Australia PQC Transition,,,,,,not_found,,2026-05-10,,,,,
ASUSTOR ADM 5.1 PQC,,,,,,not_found,,2026-05-10,,,,,
AsyncSSH,pkg:github/ronf/asyncssh,github,ronf,asyncssh,exact,matched,https://github.com/ronf/asyncssh,2026-05-10,,,,,
Atalla AT1000e,,,,,,not_found,,2026-05-10,,,,,
Auth0 (Okta Customer Identity),,,,,,not_found,,2026-05-10,,,,,
AUTOCRYPT PKI-Vehicles,,,,,,not_found,,2026-05-10,,,,,
Avalanche,pkg:github/ava-labs/avalanchego,github,ava-labs,avalanchego,exact,matched,https://github.com/ava-labs/avalanchego,2026-05-10,,,,,
AWS API Gateway PQC,,,,,,not_found,,2026-05-10,,,,,
AWS Application Load Balancer (ALB),,,,,,not_found,,2026-05-10,,,,,
AWS Certificate Manager,,,,,,not_found,,2026-05-10,,,,,
AWS CloudHSM,,,,,,not_found,,2026-05-10,,,,,
AWS Identity and Access Management (IAM),,,,,,not_found,,2026-05-10,,,,,
AWS KMS,,,,,,not_found,,2026-05-10,,,,,
AWS KMS (Cloud Gateway),,,,,,not_found,,2026-05-10,,,,,
AWS Payments Cryptography PQC,,,,,,not_found,,2026-05-10,,,,,
AWS Private CA PQC,,,,,,not_found,,2026-05-10,,,,,
AWS s2n-tls,pkg:github/aws/s2n-tls,github,aws,s2n-tls,exact,matched,https://github.com/aws/s2n-tls,2026-05-10,,,,,
AWS Transfer Family,,,,,,not_found,,2026-05-10,,,,,
AWS-LC,pkg:github/aws/aws-lc,github,aws,aws-lc,manual,matched,https://github.com/aws/aws-lc,2026-05-10,,,,,
Azure AKS,,,,,,not_found,,2026-05-10,,,,,
Azure Dedicated HSM,,,,,,not_found,,2026-05-10,,,,,
Azure Dedicated HSM (Marvell LiquidSecurity),,,,,,not_found,,2026-05-10,,,,,
Azure DevOps,,,,,,not_found,,2026-05-10,,,,,
Azure Key Vault,,,,,,not_found,,2026-05-10,,,,,
Bamboo CI (Roadmap),,,,,,not_found,,2026-05-10,,,,,
Barclays (PQC Research),,,,,,not_found,,2026-05-10,,,,,
Barracuda Email Protection,,,,,,not_found,,2026-05-10,,,,,
BERTEN MLDS-B235,,,,,,not_found,,2026-05-10,,,,,
BERTEN MLKE-B135,,,,,,not_found,,2026-05-10,,,,,
BeyondTrust Pathfinder Platform,,,,,,not_found,,2026-05-10,,,,,
BeyondTrust Privilege Management,,,,,,not_found,,2026-05-10,,,,,
BIS Project Leap PQC,,,,,,not_found,,2026-05-10,,,,,
Bitcoin Core,pkg:github/bitcoin/bitcoin,github,bitcoin,bitcoin,exact,matched,https://github.com/bitcoin/bitcoin,2026-05-10,,,,,
BitGo,,,,,,not_found,,2026-05-10,,,,,
BitLocker (Windows),,,,,,not_found,,2026-05-10,,,,,
Bitvise SSH Server,,,,,,not_found,,2026-05-10,,,,,
Bitwarden,,,,,,not_found,,2026-05-10,,,,,
BlackBerry QNX Hypervisor 8.0 for Safety,,,,,,not_found,,2026-05-10,,,,,
BlackBerry QNX Neutrino RTOS,,,,,,not_found,,2026-05-10,,,,,
Boeing (Quantum-Safe Sky),,,,,,not_found,,2026-05-10,,,,,
BoringSSL,pkg:github/google/boringssl,github,google,boringssl,manual,matched,https://github.com/google/boringssl,2026-05-10,,,,,
Botan,pkg:github/randombit/botan,github,randombit,botan,exact,matched,https://github.com/randombit/botan,2026-05-10,,,,,
Bouncy Castle,pkg:github/bcgit/bc-java,github,bcgit,bc-java,exact,matched,https://github.com/bcgit/bc-java,2026-05-10,,,,,
Bouncy Castle C# .NET,pkg:nuget/BouncyCastle.Cryptography,nuget,,BouncyCastle.Cryptography,manual,matched,https://www.nuget.org/packages/BouncyCastle.Cryptography,2026-05-10,,,,,
Bouncy Castle C\# / Java,,,,,,not_found,,2026-05-10,,,,,
Bouncy Castle Java,pkg:maven/org.bouncycastle/bcprov-jdk18on,maven,org.bouncycastle,bcprov-jdk18on,manual,matched,https://mvnrepository.com/artifact/org.bouncycastle/bcprov-jdk18on,2026-05-10,,,,,
Bouncy Castle Java LTS,pkg:maven/org.bouncycastle/bcprov-lts8on,maven,org.bouncycastle,bcprov-lts8on,manual,matched,https://mvnrepository.com/artifact/org.bouncycastle/bcprov-lts8on,2026-05-10,,,,,
Box Shield,,,,,,not_found,,2026-05-10,,,,,
Bradesco IBM Quantum Safe,,,,,,not_found,,2026-05-10,,,,,
Brave Browser,,,,,,not_found,,2026-05-10,,,,,
Broadcom Avi (NSX ALB),,,,,,not_found,,2026-05-10,,,,,
Broadcom Emulex SecureHBA,,,,,,not_found,,2026-05-10,,,,,
Broadcom Symantec DLP,,,,,,not_found,,2026-05-10,,,,,
Broadcom Symantec SES,,,,,,not_found,,2026-05-10,,,,,
BSI PQC Recommendations,,,,,,not_found,,2026-05-10,,,,,
BTQ Bitcoin Quantum,,,,,,not_found,,2026-05-10,,,,,
BTQ Bitcoin Quantum Testnet,,,,,,not_found,,2026-05-10,,,,,
C-DOT Quantum CEM Encryptor,,,,,,not_found,,2026-05-10,,,,,
Caddy Server,,,,,,not_found,,2026-05-10,,,,,
Cardano,pkg:github/IntersectMBO/cardano-node,github,IntersectMBO,cardano-node,exact,matched,https://github.com/IntersectMBO/cardano-node,2026-05-10,,,,,
CAST KiviPQC-KEM,,,,,,not_found,,2026-05-10,,,,,
CATO Networks SASE,,,,,,not_found,,2026-05-10,,,,,
Cellcrypt PQC Communications,,,,,,not_found,,2026-05-10,,,,,
CentOS Stream,,,,,,not_found,,2026-05-10,,,,,
Certicom Code Signing and Key Management Server,,,,,,not_found,,2026-05-10,,,,,
Check Point Quantum,,,,,,not_found,,2026-05-10,,,,,
Checkmarx One,,,,,,not_found,,2026-05-10,,,,,
Chelpis Quantum PQC (Taiwan),,,,,,not_found,,2026-05-10,,,,,
Chile National Quantum Strategy,,,,,,not_found,,2026-05-10,,,,,
China PQC National Standards (ICCS),,,,,,not_found,,2026-05-10,,,,,
China Telecom Quantum Group,,,,,,not_found,,2026-05-10,,,,,
ChromeOS,,,,,,not_found,,2026-05-10,,,,,
Ciena WaveLogic 6 Extreme,,,,,,not_found,,2026-05-10,,,,,
Cilium Service Mesh PQC,,,,,,not_found,,2026-05-10,,,,,
CIQ Rocky Linux CAVP PQC,,,,,,not_found,,2026-05-10,,,,,
CIRCL,pkg:github/cloudflare/circl,github,cloudflare,circl,exact,matched,https://github.com/cloudflare/circl,2026-05-10,,,,,
CircleCI,,,,,,not_found,,2026-05-10,,,,,
CISA PQC Migration Framework,,,,,,not_found,,2026-05-10,,,,,
Cisco AI Defense (formerly Robust Intelligence Platform),,,,,,not_found,,2026-05-10,,,,,
Cisco ASA (Adaptive Security Appliance),,,,,,not_found,,2026-05-10,,,,,
Cisco Catalyst 9500 PQC,,,,,,not_found,,2026-05-10,,,,,
Cisco Catalyst Center,,,,,,not_found,,2026-05-10,,,,,
Cisco Identity Services Engine (ISE),,,,,,not_found,,2026-05-10,,,,,
Cisco IOS XE PQC,,,,,,not_found,,2026-05-10,,,,,
Cisco IOS XR,,,,,,not_found,,2026-05-10,,,,,
Cisco Meraki MX (Cloud-Managed Firewall),,,,,,not_found,,2026-05-10,,,,,
Cisco Secure Client (AnyConnect),,,,,,not_found,,2026-05-10,,,,,
Cisco Webex,,,,,,not_found,,2026-05-10,,,,,
citadel_pqcrypto,pkg:github/citadel-protocol/citadel_pqcrypto,github,citadel-protocol,citadel_pqcrypto,exact,matched,https://github.com/citadel-protocol/citadel_pqcrypto,2026-05-10,,,,,
Citrix ADC (NetScaler),,,,,,not_found,,2026-05-10,,,,,
Citrix CVAD,,,,,,not_found,,2026-05-10,,,,,
Citrix Virtual Apps and Desktops,,,,,,not_found,,2026-05-10,,,,,
Claroty Platform,,,,,,not_found,,2026-05-10,,,,,
Cloudflare CIRCL,,,,,,not_found,,2026-05-10,,,,,
Cloudflare Edge Network,,,,,,not_found,,2026-05-10,,,,,
Cloudflare Zero Trust,,,,,,not_found,,2026-05-10,,,,,
Cloudian HyperStore 8.0,,,,,,not_found,,2026-05-10,,,,,
CockroachDB Encryption,pkg:github/cockroachdb/cockroach,github,cockroachdb,cockroach,exact,matched,https://github.com/cockroachdb/cockroach,2026-05-10,,,,,
Codegic Khatim PKI Server,,,,,,not_found,,2026-05-10,,,,,
Codegic Khatim Sign Server,,,,,,not_found,,2026-05-10,,,,,
Cohesity DataCloud,,,,,,not_found,,2026-05-10,,,,,
Coinbase Custody,,,,,,not_found,,2026-05-10,,,,,
Commvault Cloud,,,,,,not_found,,2026-05-10,,,,,
Confluent Cloud Kafka PQC,,,,,,not_found,,2026-05-10,,,,,
Copper.co,,,,,,not_found,,2026-05-10,,,,,
coreboot,pkg:github/coreboot/coreboot,github,coreboot,coreboot,exact,matched,https://github.com/coreboot/coreboot,2026-05-10,,,,,
CoreDNS PQC DNSSEC,,,,,,not_found,,2026-05-10,,,,,
Cosmian covercrypt,pkg:github/Cosmian/cover_crypt,github,Cosmian,cover_crypt,exact,matched,https://github.com/Cosmian/cover_crypt,2026-05-10,,,,,
Cosmian KMS,pkg:github/Cosmian/kms,github,Cosmian,kms,exact,matched,https://github.com/Cosmian/kms,2026-05-10,,,,,
Cosmos/Tendermint,pkg:github/cosmos/cosmos-sdk,github,cosmos,cosmos-sdk,exact,matched,https://github.com/cosmos/cosmos-sdk,2026-05-10,,,,,
Cranium AI Security Platform,,,,,,not_found,,2026-05-10,,,,,
CREDEBL,,,,,,not_found,,2026-05-10,,,,,
CrowdStrike Falcon,,,,,,not_found,,2026-05-10,,,,,
Crucible,pkg:github/symbolicsoft/crucible,github,symbolicsoft,crucible,exact,matched,https://github.com/symbolicsoft/crucible,2026-05-10,,,,,
Crypto Quantique QDID Platform,,,,,,not_found,,2026-05-10,,,,,
Crypto++ (cryptopp),pkg:github/weidai11/cryptopp,github,weidai11,cryptopp,exact,matched,https://github.com/weidai11/cryptopp,2026-05-10,,,,,
Crypto4A QxEDGE,,,,,,not_found,,2026-05-10,,,,,
Crypto4A QxHSM,,,,,,not_found,,2026-05-10,,,,,
Crypto4A QxVault,,,,,,not_found,,2026-05-10,,,,,
Cryptomathic CKMS,,,,,,not_found,,2026-05-10,,,,,
Cryptomathic CrystalKey 360,,,,,,not_found,,2026-05-10,,,,,
CryptoNext COMPASS Network Probe,,,,,,not_found,,2026-05-10,,,,,
CryptoNext COMPASS Probe,,,,,,not_found,,2026-05-10,,,,,
CryptoNext Quantum-Safe Library,,,,,,not_found,,2026-05-10,,,,,
Cryptosense Analyzer,,,,,,not_found,,2026-05-10,,,,,
CryptPad PQC Collaboration,,,,,,not_found,,2026-05-10,,,,,
CRYSTALS Reference Implementations,,,,,,not_found,,2026-05-10,,,,,
curl PQC,,,,,,not_found,,2026-05-10,,,,,
CyberArk Conjur,,,,,,not_found,,2026-05-10,,,,,
Cyberint (Check Point),,,,,,not_found,,2026-05-10,,,,,
Cybernetica PQC Estonia,,,,,,not_found,,2026-05-10,,,,,
CyberZero Quantanaut,,,,,,not_found,,2026-05-10,,,,,
CZERTAINLY,,,,,,not_found,,2026-05-10,,,,,
CZQCI Czech Quantum Infrastructure,,,,,,not_found,,2026-05-10,,,,,
Dashlane,,,,,,not_found,,2026-05-10,,,,,
Debian 12 (Bookworm),,,,,,not_found,,2026-05-10,,,,,
Delinea Secret Server,,,,,,not_found,,2026-05-10,,,,,
Dell BSAFE Crypto Module for C,,,,,,not_found,,2026-05-10,,,,,
Dell BSAFE Crypto-J,,,,,,not_found,,2026-05-10,,,,,
Dell PowerStore OS 4.0,,,,,,not_found,,2026-05-10,,,,,
Descope,,,,,,not_found,,2026-05-10,,,,,
Descope Customer & Agentic Identity Platform,,,,,,not_found,,2026-05-10,,,,,
DFNS,,,,,,not_found,,2026-05-10,,,,,
DigiCert CertCentral,,,,,,not_found,,2026-05-10,,,,,
DigiCert Code-Signing (v2026),,,,,,not_found,,2026-05-10,,,,,
DigiCert Device Trust Manager,,,,,,not_found,,2026-05-10,,,,,
DigiCert ONE,,,,,,not_found,,2026-05-10,,,,,
DigiCert SigningHub,,,,,,not_found,,2026-05-10,,,,,
DigiCert Software Trust Manager,,,,,,not_found,,2026-05-10,,,,,
DigiCert Trust Lifecycle Manager,,,,,,not_found,,2026-05-10,,,,,
DigiCert TrustCore SDK,,,,,,not_found,,2026-05-10,,,,,
Docker Engine 28.0,,,,,,not_found,,2026-05-10,,,,,
DocuSign,,,,,,not_found,,2026-05-10,,,,,
DocuSign Intelligent Agreement Management (eSignature + CLM),,,,,,not_found,,2026-05-10,,,,,
Dogtag Certificate System,,,,,,not_found,,2026-05-10,,,,,
Dragos Platform,,,,,,not_found,,2026-05-10,,,,,
Druva Data Resiliency Cloud,,,,,,not_found,,2026-05-10,,,,,
DuckDuckGo Browser,,,,,,not_found,,2026-05-10,,,,,
Dyber QuantaTPM,,,,,,not_found,,2026-05-10,,,,,
E& Nokia Quantum-Safe Network,,,,,,not_found,,2026-05-10,,,,,
Eclipse Jetty,pkg:github/jetty/jetty.project,github,jetty,jetty.project,exact,matched,https://github.com/jetty/jetty.project,2026-05-10,,,,,
Egnyte Governance,,,,,,not_found,,2026-05-10,,,,,
EJBCA,pkg:github/Keyfactor/ejbca-ce,github,Keyfactor,ejbca-ce,exact,matched,https://github.com/Keyfactor/ejbca-ce,2026-05-10,,,,,
Elastic Stack (ELK),,,,,,not_found,,2026-05-10,,,,,
Element (Matrix Protocol),,,,,,not_found,,2026-05-10,,,,,
Enquantum PQC Accelerator,,,,,,not_found,,2026-05-10,,,,,
Entrust Cryptographic Platform,,,,,,not_found,,2026-05-10,,,,,
Entrust Cryptographic Security Platform,,,,,,not_found,,2026-05-10,,,,,
Entrust Identity as a Service (IDaaS),,,,,,not_found,,2026-05-10,,,,,
Entrust KeyControl,,,,,,not_found,,2026-05-10,,,,,
Entrust nShield,,,,,,not_found,,2026-05-10,,,,,
Entrust PKI,,,,,,not_found,,2026-05-10,,,,,
Entrust Signing Automation,,,,,,not_found,,2026-05-10,,,,,
Envoy Proxy,pkg:github/envoyproxy/envoy,github,envoyproxy,envoy,exact,matched,https://github.com/envoyproxy/envoy,2026-05-10,,,,,
Ericsson Quantum-Safe 5G,,,,,,not_found,,2026-05-10,,,,,
ESCRYPT Automotive PQC Solutions,,,,,,not_found,,2026-05-10,,,,,
essendi xc,,,,,,not_found,,2026-05-10,,,,,
Ethereum (Geth),pkg:github/ethereum/go-ethereum,github,ethereum,go-ethereum,exact,matched,https://github.com/ethereum/go-ethereum,2026-05-10,,,,,
ETSI TS 104 105 Hybrid PQC Standard,,,,,,not_found,,2026-05-10,,,,,
EU PQC Implementation Roadmap,,,,,,not_found,,2026-05-10,,,,,
EUDI Reference Wallet,pkg:github/eu-digital-identity-wallet/eudi-app-android-wallet-ui,github,eu-digital-identity-wallet,eudi-app-android-wallet-ui,exact,matched,https://github.com/eu-digital-identity-wallet/eudi-app-android-wallet-ui,2026-05-10,,,,,
EVERTRUST HORIZON,,,,,,not_found,,2026-05-10,,,,,
EVERTRUST STREAM,,,,,,not_found,,2026-05-10,,,,,
Eviden IDnomic PKI,,,,,,not_found,,2026-05-10,,,,,
Eviden PQC HSMaaS,,,,,,not_found,,2026-05-10,,,,,
Eviden Trustway Proteccio NetHSM,,,,,,not_found,,2026-05-10,,,,,
evolutionQ BasejumpQDN,,,,,,not_found,,2026-05-10,,,,,
evolutionQ BasejumpSKI,,,,,,not_found,,2026-05-10,,,,,
ExeQuantum,,,,,,not_found,,2026-05-10,,,,,
ExpressVPN Lightway,,,,,,not_found,,2026-05-10,,,,,
F5 ADSP PQC,,,,,,not_found,,2026-05-10,,,,,
F5 BIG-IP,,,,,,not_found,,2026-05-10,,,,,
Fastly Edge Cloud,,,,,,not_found,,2026-05-10,,,,,
Fastly PQC CDN,,,,,,not_found,,2026-05-10,,,,,
Fedora Linux,,,,,,not_found,,2026-05-10,,,,,
FENASBAC Pix PQC Research,,,,,,not_found,,2026-05-10,,,,,
FileVault (macOS),,,,,,not_found,,2026-05-10,,,,,
Fireblocks,pkg:github/fireblocks/mpc-lib,github,fireblocks,mpc-lib,exact,matched,https://github.com/fireblocks/mpc-lib,2026-05-10,,,,,
FIS Modern Banking,,,,,,not_found,,2026-05-10,,,,,
Forcepoint DLP,,,,,,not_found,,2026-05-10,,,,,
ForgeRock Identity Cloud,,,,,,not_found,,2026-05-10,,,,,
Fortanix Data Security Manager,,,,,,not_found,,2026-05-10,,,,,
Fortanix PQC Central,,,,,,not_found,,2026-05-10,,,,,
Fortinet FortiAuthenticator,,,,,,not_found,,2026-05-10,,,,,
Fortinet FortiGate (FortiOS),,,,,,not_found,,2026-05-10,,,,,
Fortinet FortiGate-Rugged,,,,,,not_found,,2026-05-10,,,,,
Fortinet FortiManager,,,,,,not_found,,2026-05-10,,,,,
Fortinet FortiOS,,,,,,not_found,,2026-05-10,,,,,
Fortinet FortiWeb,,,,,,not_found,,2026-05-10,,,,,
Forward Edge-AI Isidore Quantum,,,,,,not_found,,2026-05-10,,,,,
Forward Edge-AI Space Router,,,,,,not_found,,2026-05-10,,,,,
FreeBSD,pkg:github/freebsd/freebsd-src,github,freebsd,freebsd-src,exact,matched,https://github.com/freebsd/freebsd-src,2026-05-10,,,,,
FreeRTOS,pkg:github/FreeRTOS/FreeRTOS,github,FreeRTOS,FreeRTOS,exact,matched,https://github.com/FreeRTOS/FreeRTOS,2026-05-10,,,,,
Fujitsu PQC Networks,,,,,,not_found,,2026-05-10,,,,,
FusionAuth,pkg:github/FusionAuth/fusionauth-issues,github,FusionAuth,fusionauth-issues,exact,matched,https://github.com/FusionAuth/fusionauth-issues,2026-05-10,,,,,
Futurex Cloud,,,,,,not_found,,2026-05-10,,,,,
Futurex CryptoHub,,,,,,not_found,,2026-05-10,,,,,
Futurex Vectera Plus,,,,,,not_found,,2026-05-10,,,,,
G+D Quantum-Safe SIM Platform,,,,,,not_found,,2026-05-10,,,,,
Galileo AI Observability and Eval Platform,,,,,,not_found,,2026-05-10,,,,,
Galileo FT,,,,,,not_found,,2026-05-10,,,,,
Garantir GaraTrust,,,,,,not_found,,2026-05-10,,,,,
General Dynamics Mission,,,,,,not_found,,2026-05-10,,,,,
Genua Quantum-Resistant VPN,,,,,,not_found,,2026-05-10,,,,,
Giesecke+Devrient PQC ID Card,,,,,,not_found,,2026-05-10,,,,,
GitHub Actions,,,,,,not_found,,2026-05-10,,,,,
GitHub Copilot Security,,,,,,not_found,,2026-05-10,,,,,
GitHub SSH PQC,,,,,,not_found,,2026-05-10,,,,,
GitLab CI/CD,,,,,,not_found,,2026-05-10,,,,,
GlobalSign Atlas CLM,,,,,,not_found,,2026-05-10,,,,,
GlobalSign Digital Signing Service,,,,,,not_found,,2026-05-10,,,,,
GlobalSign Support (Atlas),,,,,,not_found,,2026-05-10,,,,,
Gmail / Google Workspace,,,,,,not_found,,2026-05-10,,,,,
GnuPG,pkg:github/gpg/gnupg,github,gpg,gnupg,exact,matched,https://github.com/gpg/gnupg,2026-05-10,,,,,
GnuTLS,pkg:github/gnutls/gnutls,github,gnutls,gnutls,manual,matched,https://gitlab.com/gnutls/gnutls,2026-05-10,,,,,
Go stdlib crypto/mlkem,pkg:go/golang.org/x/crypto,go,golang.org/x,crypto,manual,matched,https://pkg.go.dev/golang.org/x/crypto,2026-05-10,,,,,
go-jose v4,pkg:github/go-jose/go-jose,github,go-jose,go-jose,exact,matched,https://github.com/go-jose/go-jose,2026-05-10,,,,,
Google ALTS,,,,,,not_found,,2026-05-10,,,,,
Google Chrome,,,,,,not_found,,2026-05-10,,,,,
Google Cloud CDN,,,,,,not_found,,2026-05-10,,,,,
Google Cloud HSM,,,,,,not_found,,2026-05-10,,,,,
Google Cloud KMS,,,,,,not_found,,2026-05-10,,,,,
Google Cloud KMS (Cloud Gateway),,,,,,not_found,,2026-05-10,,,,,
Google Cloud Platform (GCP),,,,,,not_found,,2026-05-10,,,,,
Google GKE,,,,,,not_found,,2026-05-10,,,,,
Google OpenTitan,pkg:github/lowRISC/opentitan,github,lowRISC,opentitan,exact,matched,https://github.com/lowRISC/opentitan,2026-05-10,,,,,
Google Tink,pkg:github/tink-crypto/tink-java,github,tink-crypto,tink-java,exact,matched,https://github.com/tink-crypto/tink-java,2026-05-10,,,,,
Google Workspace Identity,,,,,,not_found,,2026-05-10,,,,,
GPG Code Signing,pkg:github/gpg/gnupg,github,gpg,gnupg,exact,matched,https://github.com/gpg/gnupg,2026-05-10,,,,,
GSMA PQ Telco Task Force,,,,,,not_found,,2026-05-10,,,,,
HAETAE Reference Implementation,pkg:github/kpqc-cryptocon/HAETAE,github,kpqc-cryptocon,HAETAE,exact,matched,https://github.com/kpqc-cryptocon/HAETAE,2026-05-10,,,,,
HAProxy,pkg:github/haproxy/haproxy,github,haproxy,haproxy,exact,matched,https://github.com/haproxy/haproxy,2026-05-10,,,,,
hash-sigs,pkg:github/cisco/hash-sigs,github,cisco,hash-sigs,exact,matched,https://github.com/cisco/hash-sigs,2026-05-10,,,,,
HashiCorp Boundary,pkg:github/hashicorp/boundary,github,hashicorp,boundary,exact,matched,https://github.com/hashicorp/boundary,2026-05-10,,,,,
HashiCorp Consul Connect (Service Mesh),pkg:github/hashicorp/consul,github,hashicorp,consul,exact,matched,https://github.com/hashicorp/consul,2026-05-10,,,,,
HashiCorp Terraform / HCP,,,,,,not_found,,2026-05-10,,,,,
HashiCorp Vault,pkg:github/hashicorp/vault,github,hashicorp,vault,exact,matched,https://github.com/hashicorp/vault,2026-05-10,,,,,
HashiCorp Vault Transit,pkg:github/hashicorp/vault,github,hashicorp,vault,exact,matched,https://github.com/hashicorp/vault,2026-05-10,,,,,
hbs-lms,pkg:github/world-of-crytek/hbs-lms,github,world-of-crytek,hbs-lms,exact,matched,https://github.com/world-of-crytek/hbs-lms,2026-05-10,,,,,
Hex Trust,,,,,,not_found,,2026-05-10,,,,,
Hex Trust Institutional Custody,,,,,,not_found,,2026-05-10,,,,,
HiddenLayer Model Scanner,,,,,,not_found,,2026-05-10,,,,,
HIPAA (Quantum Security Rule),,,,,,not_found,,2026-05-10,,,,,
Hitachi DoMobile,,,,,,not_found,,2026-05-10,,,,,
HNDL Simulator (hndl-dev),pkg:github/perlab-uc3m/hndl-dev,github,perlab-uc3m,hndl-dev,exact,matched,https://github.com/perlab-uc3m/hndl-dev,2026-05-10,,,,,
HP Enterprise Printers PQC,,,,,,not_found,,2026-05-10,,,,,
HPE Alletra MP,,,,,,not_found,,2026-05-10,,,,,
HPE ProLiant Gen12,,,,,,not_found,,2026-05-10,,,,,
HQC Algorithm,pkg:github/PQClean/PQClean,github,PQClean,PQClean,exact,matched,https://github.com/PQClean/PQClean,2026-05-10,,,,,
HSBC (Quantum Protection),,,,,,not_found,,2026-05-10,,,,,
Huawei PQC Network Security,,,,,,not_found,,2026-05-10,,,,,
Hyland OnBase,,,,,,not_found,,2026-05-10,,,,,
Hyperledger Aries (ACA-Py),pkg:github/hyperledger/aries-cloudagent-python,github,hyperledger,aries-cloudagent-python,exact,matched,https://github.com/hyperledger/aries-cloudagent-python,2026-05-10,,,,,
Hyperledger Besu,pkg:github/hyperledger/besu,github,hyperledger,besu,exact,matched,https://github.com/hyperledger/besu,2026-05-10,,,,,
Hyperledger Fabric,pkg:github/hyperledger/fabric,github,hyperledger,fabric,exact,matched,https://github.com/hyperledger/fabric,2026-05-10,,,,,
Hyperledger Fabric 3.0 PQC,,,,,,not_found,,2026-05-10,,,,,
I4P Trident HSM,,,,,,not_found,,2026-05-10,,,,,
IBM Aspera,,,,,,not_found,,2026-05-10,,,,,
IBM Cloud HSM (Utimaco),,,,,,not_found,,2026-05-10,,,,,
IBM Db2,,,,,,not_found,,2026-05-10,,,,,
IBM Guardium Key Lifecycle Manager,,,,,,not_found,,2026-05-10,,,,,
IBM Guardium Quantum Safe,,,,,,not_found,,2026-05-10,,,,,
IBM Guardium Safe,,,,,,not_found,,2026-05-10,,,,,
IBM LinuxONE PQC,,,,,,not_found,,2026-05-10,,,,,
IBM MQ,,,,,,not_found,,2026-05-10,,,,,
IBM Quantum Safe Toolkit,,,,,,not_found,,2026-05-10,,,,,
IBM Security Guardium Data Protection,,,,,,not_found,,2026-05-10,,,,,
IBM Storage Scale 5.2,,,,,,not_found,,2026-05-10,,,,,
IBM z/OS Cryptographic Services (ICSF),,,,,,not_found,,2026-05-10,,,,,
IBM z/VSE,,,,,,not_found,,2026-05-10,,,,,
IBM z16 Crypto Express 8S,,,,,,not_found,,2026-05-10,,,,,
IBM z17 Quantum Safe,,,,,,not_found,,2026-05-10,,,,,
ID Quantique Cerberis XGR QKD,,,,,,not_found,,2026-05-10,,,,,
ID Quantique Quantis QRNG,,,,,,not_found,,2026-05-10,,,,,
IDEMIA Digital Identity Platform,,,,,,not_found,,2026-05-10,,,,,
IDEMIA PQC Accelerator,,,,,,not_found,,2026-05-10,,,,,
IDEMIA PQC Secure Element,,,,,,not_found,,2026-05-10,,,,,
Imperva WAF,,,,,,not_found,,2026-05-10,,,,,
India National PQC Roadmap,,,,,,not_found,,2026-05-10,,,,,
Indonesia BSSN PQC Migration,,,,,,not_found,,2026-05-10,,,,,
indows Server 2025,,,,,,not_found,,2026-05-10,,,,,
Infineon AURIX TC49 PQC,,,,,,not_found,,2026-05-10,,,,,
Infineon OPTIGA TPM SLB 9672,,,,,,not_found,,2026-05-10,,,,,
Infineon PSOC Control C3 PQC,,,,,,not_found,,2026-05-10,,,,,
Infineon TEGRION SLC27 PQC,,,,,,not_found,,2026-05-10,,,,,
Infineon TEGRION SLI22 Automotive,,,,,,not_found,,2026-05-10,,,,,
InfoSec Global AgileSec,,,,,,not_found,,2026-05-10,,,,,
Intel Platform Trust Technology (PTT),,,,,,not_found,,2026-05-10,,,,,
Intel Stratix 10 (Secure),,,,,,not_found,,2026-05-10,,,,,
Intel TDX (Trust Domain Extensions),pkg:github/intel/tdx,github,intel,tdx,exact,matched,https://github.com/intel/tdx,2026-05-10,,,,,
IntellectEU Catalyst,,,,,,not_found,,2026-05-10,,,,,
Internxt Drive PQC,,,,,,not_found,,2026-05-10,,,,,
Inturai PQ Station ESP32,,,,,,not_found,,2026-05-10,,,,,
iOS 26 / macOS 16,,,,,,not_found,,2026-05-10,,,,,
iOS 26 / macOS 26,,,,,,not_found,,2026-05-10,,,,,
IOTA,,,,,,not_found,,2026-05-10,,,,,
IP Cores PQC1,,,,,,not_found,,2026-05-10,,,,,
IronCore Labs SaaS Shield,,,,,,not_found,,2026-05-10,,,,,
ISARA Advance,,,,,,not_found,,2026-05-10,,,,,
ISARA Radiate,,,,,,not_found,,2026-05-10,,,,,
ISC BIND 9.21,,,,,,not_found,,2026-05-10,,,,,
Istio Service Mesh,pkg:github/istio/istio,github,istio,istio,exact,matched,https://github.com/istio/istio,2026-05-10,,,,,
Ivanti Neurons for MDM,,,,,,not_found,,2026-05-10,,,,,
IVPN,,,,,,not_found,,2026-05-10,,,,,
Jamf Pro,,,,,,not_found,,2026-05-10,,,,,
Java 24 PQC Runtime,,,,,,not_found,,2026-05-10,,,,,
Java jarsigner (JDK),pkg:github/openjdk/jdk,github,openjdk,jdk,exact,matched,https://github.com/openjdk/jdk,2026-05-10,,,,,
Jenkins,pkg:github/jenkinsci/jenkins,github,jenkinsci,jenkins,exact,matched,https://github.com/jenkinsci/jenkins,2026-05-10,,,,,
JetBrains TeamCity 2026.1,,,,,,not_found,,2026-05-10,,,,,
JFrog Artifactory,,,,,,not_found,,2026-05-10,,,,,
jose4j,,,,,,not_found,,2026-05-10,,,,,
JPMorgan Chase (PQC Framework),,,,,,not_found,,2026-05-10,,,,,
jsonwebtoken (auth0),pkg:github/auth0/node-jsonwebtoken,github,auth0,node-jsonwebtoken,exact,matched,https://github.com/auth0/node-jsonwebtoken,2026-05-10,,,,,
JumpCloud Directory Platform,,,,,,not_found,,2026-05-10,,,,,
Juniper Junos OS,,,,,,not_found,,2026-05-10,,,,,
Juniper SRX Series Firewalls,,,,,,not_found,,2026-05-10,,,,,
Keeper Security,,,,,,not_found,,2026-05-10,,,,,
Keycloak,pkg:github/keycloak/keycloak,github,keycloak,keycloak,exact,matched,https://github.com/keycloak/keycloak,2026-05-10,,,,,
Keyfactor 2026 Trends,,,,,,not_found,,2026-05-10,,,,,
Keyfactor AgileSec Analytics,,,,,,not_found,,2026-05-10,,,,,
Keyfactor Command,,,,,,not_found,,2026-05-10,,,,,
Keyfactor EJBCA,pkg:github/Keyfactor/ejbca-ce,github,Keyfactor,ejbca-ce,exact,matched,https://github.com/Keyfactor/ejbca-ce,2026-05-10,,,,,
Keysight CyPerf,,,,,,not_found,,2026-05-10,,,,,
Keysight Inspector,,,,,,not_found,,2026-05-10,,,,,
Kiteworks PQC File Sharing,,,,,,not_found,,2026-05-10,,,,,
KiviCore PQC IP Cores,,,,,,not_found,,2026-05-10,,,,,
Komainu,,,,,,not_found,,2026-05-10,,,,,
Komainu Custody,,,,,,not_found,,2026-05-10,,,,,
Kong API Gateway,pkg:github/Kong/kong,github,Kong,kong,exact,matched,https://github.com/Kong/kong,2026-05-10,,,,,
KpqC Korean PQC Standards,,,,,,not_found,,2026-05-10,,,,,
Kryptonite Shipovnik PQC Signature (Russia),,,,,,not_found,,2026-05-10,,,,,
Kryptus kNET HSM PQC,,,,,,not_found,,2026-05-10,,,,,
Kubernetes,pkg:github/kubernetes/kubernetes,github,kubernetes,kubernetes,exact,matched,https://github.com/kubernetes/kubernetes,2026-05-10,,,,,
Kudelski IoT Security IP,,,,,,not_found,,2026-05-10,,,,,
Kudelski IoT Security Platform,,,,,,not_found,,2026-05-10,,,,,
Kudelski KSE IP,,,,,,not_found,,2026-05-10,,,,,
Lakera Guard,,,,,,not_found,,2026-05-10,,,,,
Landis+Gyr SEALSQ Smart Grid PKI,,,,,,not_found,,2026-05-10,,,,,
Lattice MachXO5-NX,,,,,,not_found,,2026-05-10,,,,,
leancrypto,pkg:github/wolfeidau/leancrypto,github,wolfeidau,leancrypto,exact,matched,https://github.com/wolfeidau/leancrypto,2026-05-10,,,,,
Ledger Enterprise,,,,,,not_found,,2026-05-10,,,,,
Let's Encrypt,pkg:github/letsencrypt/boulder,github,letsencrypt,boulder,exact,matched,https://github.com/letsencrypt/boulder,2026-05-10,,,,,
libcrux,pkg:github/cryspen/libcrux,github,cryspen,libcrux,exact,matched,https://github.com/cryspen/libcrux,2026-05-10,,,,,
liboqs,pkg:github/open-quantum-safe/liboqs,github,open-quantum-safe,liboqs,exact,matched,https://github.com/open-quantum-safe/liboqs,2026-05-10,,,,,
liboqs-rust (oqs crate),pkg:cargo/oqs,cargo,,oqs,exact,matched,https://crates.io/crates/oqs,2026-05-10,,,,,
LibreSSL,pkg:github/libressl/portable,github,libressl,portable,manual,matched,https://github.com/libressl/portable,2026-05-10,,,,,
Libreswan,pkg:github/libreswan/libreswan,github,libreswan,libreswan,exact,matched,https://github.com/libreswan/libreswan,2026-05-10,,,,,
libssh,,,,,,not_found,,2026-05-10,,,,,
Linkerd,pkg:github/linkerd/linkerd2,github,linkerd,linkerd2,exact,matched,https://github.com/linkerd/linkerd2,2026-05-10,,,,,
Linux IMA/EVM,,,,,,not_found,,2026-05-10,,,,,
Linux LUKS / dm-crypt,,,,,,not_found,,2026-05-10,,,,,
Lockheed Martin (PQC),,,,,,not_found,,2026-05-10,,,,,
LTO-10 PQC-Ready Tape,,,,,,not_found,,2026-05-10,,,,,
LUKS/dm-crypt,,,,,,not_found,,2026-05-10,,,,,
MadQuantum-CM (Spain),,,,,,not_found,,2026-05-10,,,,,
Malaysia NACSA PQC Roadmap,,,,,,not_found,,2026-05-10,,,,,
Mandiant (Google Cloud),,,,,,not_found,,2026-05-10,,,,,
MariaDB Server,pkg:github/MariaDB/server,github,MariaDB,server,exact,matched,https://github.com/MariaDB/server,2026-05-10,,,,,
Marvell LiquidSecurity 2,,,,,,not_found,,2026-05-10,,,,,
Mastercard (PQC for Payments),,,,,,not_found,,2026-05-10,,,,,
Mastercard Quantum-Resistant Contactless,,,,,,not_found,,2026-05-10,,,,,
Mavenir Cloud RAN,,,,,,not_found,,2026-05-10,,,,,
MAYO Reference Implementation,pkg:github/PQCMayo/MAYO-C,github,PQCMayo,MAYO-C,exact,matched,https://github.com/PQCMayo/MAYO-C,2026-05-10,,,,,
Mbed TLS,pkg:github/Mbed-TLS/mbedtls,github,Mbed-TLS,mbedtls,exact,matched,https://github.com/Mbed-TLS/mbedtls,2026-05-10,,,,,
mbedTLS,pkg:github/Mbed-TLS/mbedtls,github,Mbed-TLS,mbedtls,exact,matched,https://github.com/Mbed-TLS/mbedtls,2026-05-10,,,,,
Metaco (Ripple),,,,,,not_found,,2026-05-10,,,,,
Metaco Harmonize,,,,,,not_found,,2026-05-10,,,,,
Microchip ATECC608B,pkg:github/MicrochipTech/cryptoauthlib,github,MicrochipTech,cryptoauthlib,exact,matched,https://github.com/MicrochipTech/cryptoauthlib,2026-05-10,,,,,
Microchip CryptoAutomotive TA100,,,,,,not_found,,2026-05-10,,,,,
Microchip MEC175xB PQC Controllers,,,,,,not_found,,2026-05-10,,,,,
Microchip PolarFire,,,,,,not_found,,2026-05-10,,,,,
Microsoft AD CS,,,,,,not_found,,2026-05-10,,,,,
Microsoft Azure,,,,,,not_found,,2026-05-10,,,,,
Microsoft Defender for Endpoint,,,,,,not_found,,2026-05-10,,,,,
Microsoft Edge,,,,,,not_found,,2026-05-10,,,,,
Microsoft Entra External ID,,,,,,not_found,,2026-05-10,,,,,
Microsoft Entra ID,,,,,,not_found,,2026-05-10,,,,,
Microsoft Entra Verified ID,,,,,,not_found,,2026-05-10,,,,,
Microsoft Hyper-V,,,,,,not_found,,2026-05-10,,,,,
Microsoft IIS 11,,,,,,not_found,,2026-05-10,,,,,
Microsoft Intune,,,,,,not_found,,2026-05-10,,,,,
Microsoft Outlook S/MIME,,,,,,not_found,,2026-05-10,,,,,
Microsoft RDS,,,,,,not_found,,2026-05-10,,,,,
Microsoft Remote Desktop Services (RDS),,,,,,not_found,,2026-05-10,,,,,
Microsoft SignTool,,,,,,not_found,,2026-05-10,,,,,
Microsoft SymCrypt,pkg:github/microsoft/SymCrypt,github,microsoft,SymCrypt,exact,matched,https://github.com/microsoft/SymCrypt,2026-05-10,,,,,
Microsoft Teams / Premium,,,,,,not_found,,2026-05-10,,,,,
MikroTik RouterOS,,,,,,not_found,,2026-05-10,,,,,
Mimecast Cloud Integrated,,,,,,not_found,,2026-05-10,,,,,
MinIO Enterprise,,,,,,not_found,,2026-05-10,,,,,
mlkem-native,pkg:github/pq-code-package/mlkem-native,github,pq-code-package,mlkem-native,exact,matched,https://github.com/pq-code-package/mlkem-native,2026-05-10,,,,,
MongoDB Queryable Encryption,pkg:github/mongodb/libmongocrypt,github,mongodb,libmongocrypt,exact,matched,https://github.com/mongodb/libmongocrypt,2026-05-10,,,,,
Mozilla Firefox,,,,,,not_found,,2026-05-10,,,,,
Mozilla NSS,,,,,,not_found,,2026-05-10,,,,,
MTG AG CARA,,,,,,not_found,,2026-05-10,,,,,
MTG AG CLM,,,,,,not_found,,2026-05-10,,,,,
MTG AG KMS,,,,,,not_found,,2026-05-10,,,,,
Mullvad VPN App,,,,,,not_found,,2026-05-10,,,,,
MySQL Community Server,pkg:github/mysql/mysql-server,github,mysql,mysql-server,exact,matched,https://github.com/mysql/mysql-server,2026-05-10,,,,,
MySQL Enterprise Encryption,,,,,,not_found,,2026-05-10,,,,,
NCSC UK PQC Migration Timelines,,,,,,not_found,,2026-05-10,,,,,
NEC 5G Core,,,,,,not_found,,2026-05-10,,,,,
NEDO PQShield Japan PQC Program,,,,,,not_found,,2026-05-10,,,,,
NetApp ONTAP 9.16,,,,,,not_found,,2026-05-10,,,,,
NetSfere PQC Messaging,,,,,,not_found,,2026-05-10,,,,,
Netskope Intelligent DLP,,,,,,not_found,,2026-05-10,,,,,
Netskope One PQC,,,,,,not_found,,2026-05-10,,,,,
Nexus Group Certificate Manager,,,,,,not_found,,2026-05-10,,,,,
Nginx,pkg:github/nginx/nginx,github,nginx,nginx,exact,matched,https://github.com/nginx/nginx,2026-05-10,,,,,
NGINX Plus,,,,,,not_found,,2026-05-10,,,,,
NGINX Plus R33 PQC,,,,,,not_found,,2026-05-10,,,,,
Nimbus JOSE+JWT,,,,,,not_found,,2026-05-10,,,,,
NIST SP 800-227 PQC Guidance,,,,,,not_found,,2026-05-10,,,,,
NixOS,pkg:github/NixOS/nixpkgs,github,NixOS,nixpkgs,exact,matched,https://github.com/NixOS/nixpkgs,2026-05-10,,,,,
noble-post-quantum,pkg:github/paulmillr/noble-post-quantum,github,paulmillr,noble-post-quantum,exact,matched,https://github.com/paulmillr/noble-post-quantum,2026-05-10,,,,,
Node.js,pkg:github/nodejs/node,github,nodejs,node,exact,matched,https://github.com/nodejs/node,2026-05-10,,,,,
Nokia NetGuard,,,,,,not_found,,2026-05-10,,,,,
Nokia Quantum-Safe Networks,,,,,,not_found,,2026-05-10,,,,,
Nokia Quantum-Safe Railways,,,,,,not_found,,2026-05-10,,,,,
NordVPN,,,,,,not_found,,2026-05-10,,,,,
Northrop Grumman,,,,,,not_found,,2026-05-10,,,,,
Notary Project,pkg:github/notaryproject/notation,github,notaryproject,notation,exact,matched,https://github.com/notaryproject/notation,2026-05-10,,,,,
Nozomi Networks Guardian,,,,,,not_found,,2026-05-10,,,,,
NSS (Mozilla),,,,,,not_found,,2026-05-10,,,,,
NTRU+ Reference Implementation,pkg:github/kpqc-cryptocon/NTRUplus,github,kpqc-cryptocon,NTRUplus,exact,matched,https://github.com/kpqc-cryptocon/NTRUplus,2026-05-10,,,,,
NTT PQC Secure Transport,,,,,,not_found,,2026-05-10,,,,,
Nutanix AHV,,,,,,not_found,,2026-05-10,,,,,
Nvidia cuPQC,,,,,,not_found,,2026-05-10,,,,,
NVIDIA cuPQC SDK,,,,,,not_found,,2026-05-10,,,,,
NXP EdgeLock SE051H,,,,,,not_found,,2026-05-10,,,,,
NXP i.MX 94 PQC Processor,,,,,,not_found,,2026-05-10,,,,,
NXP JCOP 4.5 P71D600,,,,,,not_found,,2026-05-10,,,,,
NXP OrangeBox 2.0 PQC,,,,,,not_found,,2026-05-10,,,,,
NXP S32K5 Automotive PQC MCU,,,,,,not_found,,2026-05-10,,,,,
NXP SE050 Secure Element,,,,,,not_found,,2026-05-10,,,,,
NXP SE051 Secure Element,,,,,,not_found,,2026-05-10,,,,,
NZISM New Zealand PQC Guidance,,,,,,not_found,,2026-05-10,,,,,
OAuth 2.0 / OpenID Connect (OIDC),,,,,,not_found,,2026-05-10,,,,,
Okta Entra ID Integration,,,,,,not_found,,2026-05-10,,,,,
Okta Integration Network,,,,,,not_found,,2026-05-10,,,,,
Okta Workforce Identity,,,,,,not_found,,2026-05-10,,,,,
Open Quantum Safe liboqs,,,,,,not_found,,2026-05-10,,,,,
OpenSSH,pkg:github/openssh/openssh-portable,github,openssh,openssh-portable,exact,matched,https://github.com/openssh/openssh-portable,2026-05-10,,,,,
OpenSSL,pkg:github/openssl/openssl,github,openssl,openssl,manual,matched,https://github.com/openssl/openssl,2026-05-10,,,,,
OpenSSL 3.5.0,pkg:github/openssl/openssl,github,openssl,openssl,exact,matched,https://github.com/openssl/openssl,2026-05-10,,,,,
openSUSE Leap,,,,,,not_found,,2026-05-10,,,,,
OpenText Content Cloud,,,,,,not_found,,2026-05-10,,,,,
OpenVPN,pkg:github/OpenVPN/openvpn,github,OpenVPN,openvpn,exact,matched,https://github.com/OpenVPN/openvpn,2026-05-10,,,,,
OpenWrt,pkg:github/openwrt/openwrt,github,openwrt,openwrt,exact,matched,https://github.com/openwrt/openwrt,2026-05-10,,,,,
Opera Browser PQC,,,,,,not_found,,2026-05-10,,,,,
OPNsense,pkg:github/opnsense/core,github,opnsense,core,exact,matched,https://github.com/opnsense/core,2026-05-10,,,,,
"OQS Docker Images (nginx, curl, haproxy)",,,,,,not_found,,2026-05-10,,,,,
OQS-OpenSSL Provider,,,,,,not_found,,2026-05-10,,,,,
OQS-OpenSSL Provider (liboqs-provider),pkg:github/open-quantum-safe/oqs-provider,github,open-quantum-safe,oqs-provider,exact,matched,https://github.com/open-quantum-safe/oqs-provider,2026-05-10,,,,,
oqs-provider,pkg:github/open-quantum-safe/oqs-provider,github,open-quantum-safe,oqs-provider,exact,matched,https://github.com/open-quantum-safe/oqs-provider,2026-05-10,,,,,
Oracle AI Database 26ai,,,,,,not_found,,2026-05-10,,,,,
Oracle Cloud Infrastructure (OCI),,,,,,not_found,,2026-05-10,,,,,
Oracle Key Vault,,,,,,not_found,,2026-05-10,,,,,
Oracle Linux 9.7,,,,,,not_found,,2026-05-10,,,,,
Oracle TDE,,,,,,not_found,,2026-05-10,,,,,
Orange Business PQC WAN,,,,,,not_found,,2026-05-10,,,,,
OVHcloud QRNG SSL,,,,,,not_found,,2026-05-10,,,,,
PacketLight PQC Optical Encryption,,,,,,not_found,,2026-05-10,,,,,
Palo Alto Cortex XDR,,,,,,not_found,,2026-05-10,,,,,
Palo Alto GlobalProtect,,,,,,not_found,,2026-05-10,,,,,
Palo Alto Orion,,,,,,not_found,,2026-05-10,,,,,
Palo Alto PAN-OS,,,,,,not_found,,2026-05-10,,,,,
Palo Alto Prisma SASE,,,,,,not_found,,2026-05-10,,,,,
Palo Alto Quantum-Safe Security,,,,,,not_found,,2026-05-10,,,,,
Paradym (Animo Solutions),,,,,,not_found,,2026-05-10,,,,,
Paramiko (Python SSH),pkg:github/paramiko/paramiko,github,paramiko,paramiko,exact,matched,https://github.com/paramiko/paramiko,2026-05-10,,,,,
Patero PQC Gateway,,,,,,not_found,,2026-05-10,,,,,
Payara Server,pkg:github/payara/Payara,github,payara,Payara,exact,matched,https://github.com/payara/Payara,2026-05-10,,,,,
PayPal / Braintree,,,,,,not_found,,2026-05-10,,,,,
PCI DSS v4.0.1 (PQC Guidance),,,,,,not_found,,2026-05-10,,,,,
pfSense Community Edition,pkg:github/pfsense/pfsense,github,pfsense,pfsense,exact,matched,https://github.com/pfsense/pfsense,2026-05-10,,,,,
Ping Identity / ForgeRock,,,,,,not_found,,2026-05-10,,,,,
Ping Identity PingFederate,,,,,,not_found,,2026-05-10,,,,,
PIONIER-Q Poland QCI,,,,,,not_found,,2026-05-10,,,,,
Polkadot/Substrate,pkg:github/nicola-mazzocca/BPQS-node,github,nicola-mazzocca,BPQS-node,exact,matched,https://github.com/nicola-mazzocca/BPQS-node,2026-05-10,,,,,
Post-Quantum Hybrid PQ VPN,,,,,,not_found,,2026-05-10,,,,,
Postfix 3.10 PQC,,,,,,not_found,,2026-05-10,,,,,
PostgreSQL,pkg:github/postgres/postgres,github,postgres,postgres,exact,matched,https://github.com/postgres/postgres,2026-05-10,,,,,
PostgreSQL pgcrypto,,,,,,not_found,,2026-05-10,,,,,
PowerDNS PQC DNSSEC,,,,,,not_found,,2026-05-10,,,,,
PQ Code Package,,,,,,not_found,,2026-05-10,,,,,
pqc-flow,pkg:github/CipherIQ/pqc-flow,github,CipherIQ,pqc-flow,exact,matched,https://github.com/CipherIQ/pqc-flow,2026-05-10,,,,,
PQC-LEO,pkg:github/crt26/pqc-evaluation-tools,github,crt26,pqc-evaluation-tools,exact,matched,https://github.com/crt26/pqc-evaluation-tools,2026-05-10,,,,,
pQCee CNG Provider,,,,,,not_found,,2026-05-10,,,,,
PQChat Quantum-Safe Messaging,,,,,,not_found,,2026-05-10,,,,,
PQClean,pkg:github/PQClean/PQClean,github,PQClean,PQClean,exact,matched,https://github.com/PQClean/PQClean,2026-05-10,,,,,
pqcrypto,pkg:cargo/pqcrypto,cargo,,pqcrypto,exact,matched,https://crates.io/crates/pqcrypto,2026-05-10,,,,,
pqcrypto Python Library,,,,,,not_found,,2026-05-10,,,,,
PQCryptoLib-Core,,,,,,not_found,,2026-05-10,,,,,
pqcscan,pkg:github/anvilsecure/pqcscan,github,anvilsecure,pqcscan,exact,matched,https://github.com/anvilsecure/pqcscan,2026-05-10,,,,,
pqm4,pkg:github/mupq/pqm4,github,mupq,pqm4,exact,matched,https://github.com/mupq/pqm4,2026-05-10,,,,,
PQMicroLib-Core,,,,,,not_found,,2026-05-10,,,,,
PQSecure Technologies HW IP,,,,,,not_found,,2026-05-10,,,,,
PQShield Core,,,,,,not_found,,2026-05-10,,,,,
PQShield PQE2E Messaging SDK,,,,,,not_found,,2026-05-10,,,,,
PQShield PQSDK,,,,,,not_found,,2026-05-10,,,,,
Procivis One,pkg:github/procivis/one-open-core,github,procivis,one-open-core,exact,matched,https://github.com/procivis/one-open-core,2026-05-10,,,,,
Project Eleven Solana PQC,,,,,,not_found,,2026-05-10,,,,,
Proofpoint Aegis,,,,,,not_found,,2026-05-10,,,,,
Protect AI Guardian,,,,,,not_found,,2026-05-10,,,,,
Proton Mail,,,,,,not_found,,2026-05-10,,,,,
Proton Mail PQC OpenPGP,,,,,,not_found,,2026-05-10,,,,,
Proton VPN,,,,,,not_found,,2026-05-10,,,,,
Pulumi / Talan 2026,,,,,,not_found,,2026-05-10,,,,,
Pure Storage Purity//FA 6.6,,,,,,not_found,,2026-05-10,,,,,
PuTTY,,,,,,not_found,,2026-05-10,,,,,
PyCryptodome,pkg:github/Legrandin/pycryptodome,github,Legrandin,pycryptodome,exact,matched,https://github.com/Legrandin/pycryptodome,2026-05-10,,,,,
PyJWT,pkg:github/jpadilla/pyjwt,github,jpadilla,pyjwt,exact,matched,https://github.com/jpadilla/pyjwt,2026-05-10,,,,,
Q-CORE Q-Scanner,,,,,,not_found,,2026-05-10,,,,,
QAN XLINK PQC,,,,,,not_found,,2026-05-10,,,,,
QApp PQC TLS Gateway (Russia),,,,,,not_found,,2026-05-10,,,,,
Qatar QC2 Quantum Center,,,,,,not_found,,2026-05-10,,,,,
QNu Labs QShield,,,,,,not_found,,2026-05-10,,,,,
QRL,pkg:github/theQRL/QRL,github,theQRL,QRL,exact,matched,https://github.com/theQRL/QRL,2026-05-10,,,,,
QRL 2.0 (Quantum Resistant Ledger),,,,,,not_found,,2026-05-10,,,,,
Qrypt BLAST SDK,,,,,,not_found,,2026-05-10,,,,,
Qrypt VPN for NVIDIA Jetson,,,,,,not_found,,2026-05-10,,,,,
Qualcomm Snapdragon SPU,,,,,,not_found,,2026-05-10,,,,,
Qualcomm Snapdragon Trusted Execution Environment,,,,,,not_found,,2026-05-10,,,,,
Qualys Cloud Platform,,,,,,not_found,,2026-05-10,,,,,
Quantinuum Quantum Origin,,,,,,not_found,,2026-05-10,,,,,
Quantropi QiSpace STM32,,,,,,not_found,,2026-05-10,,,,,
Quantum Bridge DSKE,,,,,,not_found,,2026-05-10,,,,,
Quantum Bridge Subsea QKD,,,,,,not_found,,2026-05-10,,,,,
Quantum eMotion Sentry-Q,,,,,,not_found,,2026-05-10,,,,,
Quantum Leap Africa (AIMS),,,,,,not_found,,2026-05-10,,,,,
Quantum Xchange Platform,,,,,,not_found,,2026-05-10,,,,,
QuantumCTek PQC Chip,,,,,,not_found,,2026-05-10,,,,,
QuintessenceLabs qSOC,,,,,,not_found,,2026-05-10,,,,,
QuintessenceLabs qStream,,,,,,not_found,,2026-05-10,,,,,
Quranium PQC Blockchain,,,,,,not_found,,2026-05-10,,,,,
QuSecure QuProtect R3,,,,,,not_found,,2026-05-10,,,,,
QuSecure QuProtect Tactical,,,,,,not_found,,2026-05-10,,,,,
QVerse,,,,,,not_found,,2026-05-10,,,,,
R3 Corda,pkg:github/corda/corda,github,corda,corda,exact,matched,https://github.com/corda/corda,2026-05-10,,,,,
Rakuten Symphony (Symworld),,,,,,not_found,,2026-05-10,,,,,
Rambus QSE IP,,,,,,not_found,,2026-05-10,,,,,
Rapid7 InsightVM,,,,,,not_found,,2026-05-10,,,,,
Recorded Future,,,,,,not_found,,2026-05-10,,,,,
Red Hat Enterprise Linux 10 PQC,,,,,,not_found,,2026-05-10,,,,,
Red Hat Enterprise Linux 9,,,,,,not_found,,2026-05-10,,,,,
Red Hat OpenShift,,,,,,not_found,,2026-05-10,,,,,
Red Hat OpenShift Service Mesh PQC,,,,,,not_found,,2026-05-10,,,,,
Redis,pkg:github/redis/redis,github,redis,redis,exact,matched,https://github.com/redis/redis,2026-05-10,,,,,
Renesas Veridify PQC for RA MCUs,,,,,,not_found,,2026-05-10,,,,,
Resquant Crypto Accelerator,,,,,,not_found,,2026-05-10,,,,,
Robust Intelligence AI Firewall,,,,,,not_found,,2026-05-10,,,,,
Rocky Linux,,,,,,not_found,,2026-05-10,,,,,
RPM Signing (rpm-sign),pkg:github/rpm-software-management/rpm,github,rpm-software-management,rpm,exact,matched,https://github.com/rpm-software-management/rpm,2026-05-10,,,,,
Rubrik Security Cloud,,,,,,not_found,,2026-05-10,,,,,
RustCrypto ml-dsa,pkg:cargo/ml-dsa,cargo,,ml-dsa,exact,matched,https://crates.io/crates/ml-dsa,2026-05-10,,,,,
RustCrypto ML-DSA,pkg:github/RustCrypto/signatures,github,RustCrypto,signatures,exact,matched,https://github.com/RustCrypto/signatures,2026-05-10,,,,,
RustCrypto ml-kem,pkg:cargo/ml-kem,cargo,,ml-kem,exact,matched,https://crates.io/crates/ml-kem,2026-05-10,,,,,
RustCrypto ML-KEM,pkg:github/RustCrypto/KEMs,github,RustCrypto,KEMs,exact,matched,https://github.com/RustCrypto/KEMs,2026-05-10,,,,,
RustCrypto slh-dsa,pkg:cargo/slh-dsa,cargo,,slh-dsa,exact,matched,https://crates.io/crates/slh-dsa,2026-05-10,,,,,
RustCrypto SLH-DSA,pkg:github/RustCrypto/signatures,github,RustCrypto,signatures,exact,matched,https://github.com/RustCrypto/signatures,2026-05-10,,,,,
rustls,pkg:github/rustls/rustls,github,rustls,rustls,exact,matched,https://github.com/rustls/rustls,2026-05-10,,,,,
SA QuTI Quantum Communications,,,,,,not_found,,2026-05-10,,,,,
SafeLogic CryptoComply,,,,,,not_found,,2026-05-10,,,,,
SAML 2.0,,,,,,not_found,,2026-05-10,,,,,
Samsung Knox Quantum-Safe,,,,,,not_found,,2026-05-10,,,,,
Samsung Networks 5G Core,,,,,,not_found,,2026-05-10,,,,,
Samsung S3SSE2A eSE,,,,,,not_found,,2026-05-10,,,,,
Samsung SDS S-CAPE PQC Platform,,,,,,not_found,,2026-05-10,,,,,
SandboxAQ AQtive Guard,,,,,,not_found,,2026-05-10,,,,,
SandboxAQ Sandwich,,,,,,not_found,,2026-05-10,,,,,
SAP Cryptographic Library,,,,,,not_found,,2026-05-10,,,,,
SAP Cryptographic Library 8.6 PQC,,,,,,not_found,,2026-05-10,,,,,
Scality RING9,,,,,,not_found,,2026-05-10,,,,,
SEALSQ QS7001,,,,,,not_found,,2026-05-10,,,,,
SEALSQ Quantum Shield,,,,,,not_found,,2026-05-10,,,,,
SEALSQ QVault TPM,,,,,,not_found,,2026-05-10,,,,,
SECQAI Q-Locked TPM (Taiwan/TSMC),,,,,,not_found,,2026-05-10,,,,,
Sectigo 2026 Predictions,,,,,,not_found,,2026-05-10,,,,,
Sectigo Cert Manager 2026,,,,,,not_found,,2026-05-10,,,,,
Sectigo Certificate Manager,,,,,,not_found,,2026-05-10,,,,,
Sectigo Certificate Manager (SCM),,,,,,not_found,,2026-05-10,,,,,
Secunet SINA PQC Components,,,,,,not_found,,2026-05-10,,,,,
Secure-IC Securyzr,,,,,,not_found,,2026-05-10,,,,,
Securosys CloudHSM,,,,,,not_found,,2026-05-10,,,,,
Securosys Primus CyberVault PQC,,,,,,not_found,,2026-05-10,,,,,
Securosys Primus HSM,,,,,,not_found,,2026-05-10,,,,,
Senetas CN7000 Series,,,,,,not_found,,2026-05-10,,,,,
SentinelOne Singularity,,,,,,not_found,,2026-05-10,,,,,
Sequoia-PGP PQC,,,,,,not_found,,2026-05-10,,,,,
Sequre Quantum (Chile),,,,,,not_found,,2026-05-10,,,,,
Session Protocol V2 PQC,,,,,,not_found,,2026-05-10,,,,,
Siemens SINEMA Remote Connect,,,,,,not_found,,2026-05-10,,,,,
Signal,pkg:github/signalapp/libsignal,github,signalapp,libsignal,exact,matched,https://github.com/signalapp/libsignal,2026-05-10,,,,,
Signal Protocol,pkg:github/signalapp/libsignal,github,signalapp,libsignal,exact,matched,https://github.com/signalapp/libsignal,2026-05-10,,,,,
Signiant Media Shuttle,,,,,,not_found,,2026-05-10,,,,,
SignQuantum PQC E-Signature,,,,,,not_found,,2026-05-10,,,,,
SignServer,pkg:github/Keyfactor/signserver-ce,github,Keyfactor,signserver-ce,exact,matched,https://github.com/Keyfactor/signserver-ce,2026-05-10,,,,,
sigstore/cosign,pkg:github/sigstore/cosign,github,sigstore,cosign,exact,matched,https://github.com/sigstore/cosign,2026-05-10,,,,,
SimpleX Chat PQC,,,,,,not_found,,2026-05-10,,,,,
Singtel Quantum-Safe Network,,,,,,not_found,,2026-05-10,,,,,
SK Telecom 5G PQC SIM,,,,,,not_found,,2026-05-10,,,,,
Slack Enterprise Grid,,,,,,not_found,,2026-05-10,,,,,
smallstep Certificate Authority,pkg:github/smallstep/certificates,github,smallstep,certificates,exact,matched,https://github.com/smallstep/certificates,2026-05-10,,,,,
SMAUG-T Reference Implementation,pkg:github/kpqc-cryptocon/SMAUG-T,github,kpqc-cryptocon,SMAUG-T,exact,matched,https://github.com/kpqc-cryptocon/SMAUG-T,2026-05-10,,,,,
Snort IDS/IPS,pkg:github/snort3/snort3,github,snort3,snort3,exact,matched,https://github.com/snort3/snort3,2026-05-10,,,,,
Snyk Container,,,,,,not_found,,2026-05-10,,,,,
SOC 2 (Quantum Trust Criteria),,,,,,not_found,,2026-05-10,,,,,
SoftHSM2,pkg:github/opendnssec/SoftHSMv2,github,opendnssec,SoftHSMv2,exact,matched,https://github.com/opendnssec/SoftHSMv2,2026-05-10,,,,,
Solana,pkg:github/solana-labs/solana,github,solana-labs,solana,exact,matched,https://github.com/solana-labs/solana,2026-05-10,,,,,
Sonatype Nexus,,,,,,not_found,,2026-05-10,,,,,
SOPS (Secrets OPerationS),pkg:github/getsops/sops,github,getsops,sops,exact,matched,https://github.com/getsops/sops,2026-05-10,,,,,
SOTI MobiControl,,,,,,not_found,,2026-05-10,,,,,
Spain Quantum Strategy EUR 808M,,,,,,not_found,,2026-05-10,,,,,
Sphereon SSI SDK,pkg:github/Sphereon-Opensource/SSI-SDK,github,Sphereon-Opensource,SSI-SDK,exact,matched,https://github.com/Sphereon-Opensource/SSI-SDK,2026-05-10,,,,,
Spherity CARO Pharma PQC,,,,,,not_found,,2026-05-10,,,,,
Splunk Enterprise,,,,,,not_found,,2026-05-10,,,,,
Spring Security OAuth2,pkg:github/spring-projects/spring-security,github,spring-projects,spring-security,exact,matched,https://github.com/spring-projects/spring-security,2026-05-10,,,,,
SpruceID,,,,,,not_found,,2026-05-10,,,,,
SQL Server TDE/Always Encrypted,,,,,,not_found,,2026-05-10,,,,,
SSLyze,pkg:github/nabla-c0d3/sslyze,github,nabla-c0d3,sslyze,exact,matched,https://github.com/nabla-c0d3/sslyze,2026-05-10,,,,,
STC Quantum-Safe Framework,,,,,,not_found,,2026-05-10,,,,,
STMicroelectronics ST33G1M2 TPM,,,,,,not_found,,2026-05-10,,,,,
STMicroelectronics ST33KTPM,,,,,,not_found,,2026-05-10,,,,,
STMicroelectronics X-CUBE-PQC,,,,,,not_found,,2026-05-10,,,,,
Stripe (v2026),,,,,,not_found,,2026-05-10,,,,,
strongSwan,pkg:github/strongswan/strongswan,github,strongswan,strongswan,exact,matched,https://github.com/strongswan/strongswan,2026-05-10,,,,,
STV Post-Quantum Secure Drones,,,,,,not_found,,2026-05-10,,,,,
Stytch,,,,,,not_found,,2026-05-10,,,,,
Stytch Authentication Platform,,,,,,not_found,,2026-05-10,,,,,
Sui,pkg:github/MystenLabs/sui,github,MystenLabs,sui,exact,matched,https://github.com/MystenLabs/sui,2026-05-10,,,,,
SUPERCOP,,,,,,not_found,,2026-05-10,,,,,
Surfshark,,,,,,not_found,,2026-05-10,,,,,
Suricata IDS/IPS,pkg:github/OISF/suricata,github,OISF,suricata,exact,matched,https://github.com/OISF/suricata,2026-05-10,,,,,
SUSE Linux Enterprise Server (SLES),,,,,,not_found,,2026-05-10,,,,,
SWIFT (Post-Quantum Strategy),,,,,,not_found,,2026-05-10,,,,,
SWIFT Quantum-Safe Messaging,,,,,,not_found,,2026-05-10,,,,,
Tailscale PQC,,,,,,not_found,,2026-05-10,,,,,
Taiwan QSMC Migration Center,,,,,,not_found,,2026-05-10,,,,,
Taurus SA,,,,,,not_found,,2026-05-10,,,,,
Tectia SSH (SSH.COM),,,,,,not_found,,2026-05-10,,,,,
Telefonica Quantum Centre,,,,,,not_found,,2026-05-10,,,,,
Telegram,,,,,,not_found,,2026-05-10,,,,,
Teleport Access Platform,pkg:github/gravitational/teleport,github,gravitational,teleport,exact,matched,https://github.com/gravitational/teleport,2026-05-10,,,,,
Temenos Core Banking,,,,,,not_found,,2026-05-10,,,,,
Tenable Nessus Professional,,,,,,not_found,,2026-05-10,,,,,
testssl.sh,pkg:github/drwetter/testssl.sh,github,drwetter,testssl.sh,exact,matched,https://github.com/drwetter/testssl.sh,2026-05-10,,,,,
Thales 5G Quantum-Safe SIM,,,,,,not_found,,2026-05-10,,,,,
Thales CipherTrust Cloud Key Manager,,,,,,not_found,,2026-05-10,,,,,
Thales CipherTrust Data Discovery and Classification,,,,,,not_found,,2026-05-10,,,,,
Thales CipherTrust Data Security Platform,,,,,,not_found,,2026-05-10,,,,,
Thales CipherTrust Manager,,,,,,not_found,,2026-05-10,,,,,
Thales High Speed Encryptor (HSE),,,,,,not_found,,2026-05-10,,,,,
Thales Luna Cloud HSM (DPoD),,,,,,not_found,,2026-05-10,,,,,
Thales Luna HSM,,,,,,not_found,,2026-05-10,,,,,
Thales Luna T-Series HSM,,,,,,not_found,,2026-05-10,,,,,
Thales MISTRAL Encryptor,,,,,,not_found,,2026-05-10,,,,,
Thales MultiApp 5.2 Premium PQC,,,,,,not_found,,2026-05-10,,,,,
Thales payShield 10K,,,,,,not_found,,2026-05-10,,,,,
Thought Machine Vault,,,,,,not_found,,2026-05-10,,,,,
Threema PQC,,,,,,not_found,,2026-05-10,,,,,
Thunderbird + OpenPGP,pkg:github/nickolay/rnp,github,nickolay,rnp,exact,matched,https://github.com/nickolay/rnp,2026-05-10,,,,,
Thunderbird PQC (OpenPGP),,,,,,not_found,,2026-05-10,,,,,
TianoCore EDK2 (UEFI Firmware),pkg:github/tianocore/edk2,github,tianocore,edk2,exact,matched,https://github.com/tianocore/edk2,2026-05-10,,,,,
TII PQC Library (UAE),,,,,,not_found,,2026-05-10,,,,,
TikTok PQC Data Protection,,,,,,not_found,,2026-05-10,,,,,
Toppan PQC CARD,,,,,,not_found,,2026-05-10,,,,,
TOPPAN SecureBridge HPKI PQC,,,,,,not_found,,2026-05-10,,,,,
Tor Browser,,,,,,not_found,,2026-05-10,,,,,
Toshiba Integrated PQC-QKD Platform,,,,,,not_found,,2026-05-10,,,,,
Toshiba QKD System,,,,,,not_found,,2026-05-10,,,,,
Traefik,pkg:github/traefik/traefik,github,traefik,traefik,exact,matched,https://github.com/traefik/traefik,2026-05-10,,,,,
Trail of Bits ml-dsa,pkg:github/trailofbits/ml-dsa,github,trailofbits,ml-dsa,exact,matched,https://github.com/trailofbits/ml-dsa,2026-05-10,,,,,
Trend Micro Vision One,,,,,,not_found,,2026-05-10,,,,,
Trezor Safe 7 PQC,,,,,,not_found,,2026-05-10,,,,,
TrustCloud Quantum Vault,,,,,,not_found,,2026-05-10,,,,,
TUBITAK BILGEM PQC (Turkey),,,,,,not_found,,2026-05-10,,,,,
Turkcell Nokia Quantum-Safe IPsec,,,,,,not_found,,2026-05-10,,,,,
Tuta Mail,,,,,,not_found,,2026-05-10,,,,,
U-Boot,pkg:github/u-boot/u-boot,github,u-boot,u-boot,exact,matched,https://github.com/u-boot/u-boot,2026-05-10,,,,,
Ubuntu 24.04 LTS,,,,,,not_found,,2026-05-10,,,,,
Ubuntu 26.04 LTS,,,,,,not_found,,2026-05-10,,,,,
UEFI Forum Secure Boot,,,,,,not_found,,2026-05-10,,,,,
Unisys ClearPath Forward,,,,,,not_found,,2026-05-10,,,,,
Utimaco Athos,,,,,,not_found,,2026-05-10,,,,,
Utimaco ESKM,,,,,,not_found,,2026-05-10,,,,,
Utimaco Quantum Protect Suite,,,,,,not_found,,2026-05-10,,,,,
Utimaco SecurityServer,,,,,,not_found,,2026-05-10,,,,,
Utimaco uTrust HSM,,,,,,not_found,,2026-05-10,,,,,
VanDyke SecureCRT 10.x,,,,,,not_found,,2026-05-10,,,,,
Veeam Data Platform v13,,,,,,not_found,,2026-05-10,,,,,
Venafi,,,,,,not_found,,2026-05-10,,,,,
Venafi CodeSign Protect,,,,,,not_found,,2026-05-10,,,,,
Venafi TLS PQC Continuity,,,,,,not_found,,2026-05-10,,,,,
Venafi TLS Protect,,,,,,not_found,,2026-05-10,,,,,
Venafi Trust Protection Platform,,,,,,not_found,,2026-05-10,,,,,
Veracode Platform,,,,,,not_found,,2026-05-10,,,,,
VeraCrypt,pkg:github/veracrypt/VeraCrypt,github,veracrypt,VeraCrypt,exact,matched,https://github.com/veracrypt/VeraCrypt,2026-05-10,,,,,
Veritas NetBackup 10.5,,,,,,not_found,,2026-05-10,,,,,
Veritas NetBackup 11 PQC,,,,,,not_found,,2026-05-10,,,,,
Versa Networks SASE PQC,,,,,,not_found,,2026-05-10,,,,,
VIAVI Observer Analyzer,,,,,,not_found,,2026-05-10,,,,,
VIAVI TeraVM Security Test,,,,,,not_found,,2026-05-10,,,,,
Virtru Data Protection,,,,,,not_found,,2026-05-10,,,,,
Visa (Quantum Readiness),,,,,,not_found,,2026-05-10,,,,,
Vivaldi Browser,,,,,,not_found,,2026-05-10,,,,,
VMware Avi Load Balancer PQC,,,,,,not_found,,2026-05-10,,,,,
VMware ESXi 9.0,,,,,,not_found,,2026-05-10,,,,,
VMware Horizon,,,,,,not_found,,2026-05-10,,,,,
VMware Workspace ONE,,,,,,not_found,,2026-05-10,,,,,
Vodafone Quantum-Safe Network,,,,,,not_found,,2026-05-10,,,,,
Vox Messenger PQC,,,,,,not_found,,2026-05-10,,,,,
Vultr Cloud GPU,,,,,,not_found,,2026-05-10,,,,,
walt.id,,,,,,not_found,,2026-05-10,,,,,
WEntrust KeyControl,,,,,,not_found,,2026-05-10,,,,,
WhatsApp,,,,,,not_found,,2026-05-10,,,,,
WildFly (JBoss),pkg:github/wildfly/wildfly,github,wildfly,wildfly,exact,matched,https://github.com/wildfly/wildfly,2026-05-10,,,,,
Wind River VxWorks,,,,,,not_found,,2026-05-10,,,,,
Windows 11,,,,,,not_found,,2026-05-10,,,,,
Windows Secure Boot,,,,,,not_found,,2026-05-10,,,,,
Windows Server 2025,,,,,,not_found,,2026-05-10,,,,,
Windscribe,,,,,,not_found,,2026-05-10,,,,,
WinSCP PQC File Transfer,,,,,,not_found,,2026-05-10,,,,,
Wire,,,,,,not_found,,2026-05-10,,,,,
WireGuard,,,,,,not_found,,2026-05-10,,,,,
WISeSat PQC Constellation,,,,,,not_found,,2026-05-10,,,,,
Wiz Cloud Security PQC,,,,,,not_found,,2026-05-10,,,,,
wolfBoot,pkg:github/wolfSSL/wolfBoot,github,wolfSSL,wolfBoot,exact,matched,https://github.com/wolfSSL/wolfBoot,2026-05-10,,,,,
wolfSSH,pkg:github/wolfSSL/wolfssh,github,wolfSSL,wolfssh,exact,matched,https://github.com/wolfSSL/wolfssh,2026-05-10,,,,,
wolfSSL,pkg:github/wolfSSL/wolfssl,github,wolfSSL,wolfssl,exact,matched,https://github.com/wolfSSL/wolfssl,2026-05-10,,,,,
wolfTPM PQC,,,,,,not_found,,2026-05-10,,,,,
Xiphera PQC IP Cores,,,,,,not_found,,2026-05-10,,,,,
Xiphera XIP6110B,,,,,,not_found,,2026-05-10,,,,,
Xiphera xQlave,,,,,,not_found,,2026-05-10,,,,,
XiPKI,pkg:github/xipki/xipki,github,xipki,xipki,exact,matched,https://github.com/xipki/xipki,2026-05-10,,,,,
xmss-reference,pkg:github/XMSS/xmss-reference,github,XMSS,xmss-reference,exact,matched,https://github.com/XMSS/xmss-reference,2026-05-10,,,,,
Yubico YubiHSM 2,pkg:github/Yubico/yubihsm-shell,github,Yubico,yubihsm-shell,exact,matched,https://github.com/Yubico/yubihsm-shell,2026-05-10,,,,,
Zeek Network Analysis Framework,pkg:github/zeek/zeek,github,zeek,zeek,exact,matched,https://github.com/zeek/zeek,2026-05-10,,,,,
ZeroTier Quantum,,,,,,not_found,,2026-05-10,,,,,
Zerto 11.0,,,,,,not_found,,2026-05-10,,,,,
Zix / AppRiver,,,,,,not_found,,2026-05-10,,,,,
Zodia Custody,,,,,,not_found,,2026-05-10,,,,,
Zoom Compliance 2026,,,,,,not_found,,2026-05-10,,,,,
Zscaler Zero Trust Exchange,,,,,,not_found,,2026-05-10,,,,,
Zscaler ZTE,,,,,,not_found,,2026-05-10,,,,,
