category,id,label,description,industries,hndl_relevance,migration_priority,retention_years,compliance_deadline,compliance_notes,countries,data_quality_notes
TLS,TLS/HTTPS,Securing web and API traffic with TLS,Telecommunications;Technology;Finance & Banking;Retail & E-Commerce;Education;Healthcare,6,10,10,,2025-12-31,NSA CNSA 2.0 requires ML-KEM for key exchange and ML-DSA for TLS authentication by 2025. IETF RFC 9370 defines hybrid PQC key exchange.,Global,"Proposed 2026-05-06: compliance_deadline, compliance_notes, countries, migration_priority, hndl_relevance, retention_years enriched from NIST CNSA 2.0, NSA, CISA, and regulatory PQC guidance."
DATA-REST,Data-at-rest encryption,Encrypting stored data and files,Healthcare;Finance & Banking;Government & Defense;Education;Energy & Utilities,9,7,7,,2030-12-31,NIST recommends AES-256 for symmetric encryption (quantum-resistant). Migration focus is key wrapping and key management algorithms.,Global,"Proposed 2026-05-06: compliance_deadline, compliance_notes, countries, migration_priority, hndl_relevance, retention_years enriched from NIST CNSA 2.0, NSA, CISA, and regulatory PQC guidance."
SIGNING,Digital signatures / code signing,Signing software and documents cryptographically,Government & Defense;Technology;Aerospace;Finance & Banking,3,8,9,,2026-12-31,NSA CNSA 2.0 requires ML-DSA for code signing by 2026. NIST FIPS 204 and FIPS 205 (SLH-DSA) applicable.,Global,"Proposed 2026-05-06: compliance_deadline, compliance_notes, countries, migration_priority, hndl_relevance, retention_years enriched from NIST CNSA 2.0, NSA, CISA, and regulatory PQC guidance."
KEY-EXCHANGE,Key exchange / agreement,Establishing shared secret keys between parties,Government & Defense;Finance & Banking;Telecommunications,8,9,10,,2025-12-31,"NSA CNSA 2.0, NIST SP 800-56C Rev 3. Transition to ML-KEM-768 or ML-KEM-1024 for all key agreement protocols.",Global,"Proposed 2026-05-06: compliance_deadline, compliance_notes, countries, migration_priority, hndl_relevance, retention_years enriched from NIST CNSA 2.0, NSA, CISA, and regulatory PQC guidance."
AUTH,Authentication / identity,User and machine identity verification,Government & Defense;Technology;Finance & Banking;Education;Healthcare;Retail & E-Commerce,4,7,8,,2027-12-31,NIST FIPS 204 (ML-DSA) for digital signatures. Federal PIV/CAC: NIST SP 800-73-5 requires PQC-capable certificates.,Global,"Proposed 2026-05-06: compliance_deadline, compliance_notes, countries, migration_priority, hndl_relevance, retention_years enriched from NIST CNSA 2.0, NSA, CISA, and regulatory PQC guidance."
BLOCKCHAIN,Blockchain / cryptocurrency,Distributed ledger and digital asset cryptography,Finance & Banking;Technology,5,6,6,,2032-12-31,NIST guidance on PQC for distributed ledgers. ~25M BTC addresses with exposed public keys at risk from HNDL + CRQC.,Global,"Proposed 2026-05-06: compliance_deadline, compliance_notes, countries, migration_priority, hndl_relevance, retention_years enriched from NIST CNSA 2.0, NSA, CISA, and regulatory PQC guidance."
EMAIL-ENC,"Email encryption (S/MIME, PGP)",Encrypting and signing email communications,Government & Defense;Finance & Banking;Healthcare,7,5,6,,2030-12-31,IETF draft-ietf-lamps-pq-composite-sigs for S/MIME PQC. OpenPGP PQC draft (draft-ietf-openpgp-pqc) in progress.,Global,"Proposed 2026-05-06: compliance_deadline, compliance_notes, countries, migration_priority, hndl_relevance, retention_years enriched from NIST CNSA 2.0, NSA, CISA, and regulatory PQC guidance."
VPN,VPN / IPSec,Encrypted network tunnels and site-to-site VPNs,Government & Defense;Technology;Energy & Utilities;Telecommunications,7,8,9,,2026-12-31,"NSA CNSA 2.0, IETF RFC 9370 hybrid PQC IKEv2. StrongSwan and OpenVPN support via liboqs.",Global,"Proposed 2026-05-06: compliance_deadline, compliance_notes, countries, migration_priority, hndl_relevance, retention_years enriched from NIST CNSA 2.0, NSA, CISA, and regulatory PQC guidance."
IOT,IoT device communication,Cryptographic communication for connected devices,Automotive;Energy & Utilities;Telecommunications,5,6,6,,2030-12-31,NIST IR 8259A (IoT baseline security). ML-KEM-512 or BIKE for resource-constrained IoT devices.,Global,"Proposed 2026-05-06: compliance_deadline, compliance_notes, countries, migration_priority, hndl_relevance, retention_years enriched from NIST CNSA 2.0, NSA, CISA, and regulatory PQC guidance."
DB-ENC,Database encryption,Encrypting database contents and backups,Healthcare;Finance & Banking;Retail & E-Commerce;Education,8,7,7,,2030-12-31,,Global,"Proposed 2026-05-06: compliance_deadline, compliance_notes, countries, migration_priority, hndl_relevance, retention_years enriched from NIST CNSA 2.0, NSA, CISA, and regulatory PQC guidance."
SIM-ESIM,SIM/eSIM provisioning,Cryptographic provisioning of cellular subscriber identities,Telecommunications,8,9,9,,2030-12-31,GSMA SGP.22 RSP spec. Long SIM lifecycle (5-10 years) demands PQC in provisioning infrastructure. 3GPP SA3 PQC work item active.,Global,"Proposed 2026-05-06: compliance_deadline, compliance_notes, countries, migration_priority, hndl_relevance, retention_years enriched from NIST CNSA 2.0, NSA, CISA, and regulatory PQC guidance."
5G-SLICING,5G network slicing security,PQC for network slice authentication and isolation in 5G,Telecommunications,7,8,8,,2030-12-31,3GPP TS 33.501 5G security architecture. ETSI NFV SEC group active on PQC requirements for network function virtualization.,Global,"Proposed 2026-05-06: compliance_deadline, compliance_notes, countries, migration_priority, hndl_relevance, retention_years enriched from NIST CNSA 2.0, NSA, CISA, and regulatory PQC guidance."
SS7,SS7/Diameter protocol security,Signaling protocol integrity for telecom core networks,Telecommunications,6,8,8,,2030-12-31,GSMA FS.11 SS7 security. Telecom core signaling uses long-lived session keys requiring PQC for harvest-now-decrypt-later protection.,Global,"Proposed 2026-05-06: compliance_deadline, compliance_notes, countries, migration_priority, hndl_relevance, retention_years enriched from NIST CNSA 2.0, NSA, CISA, and regulatory PQC guidance."
SWIFT-MSG,SWIFT messaging integrity,Cryptographic signing and verification of SWIFT interbank messages,Finance & Banking,9,9,9,,2030-12-31,SWIFT Customer Security Programme (CSP) v2025. SWIFT recommends PQC readiness assessment. BIS/FSB quantum risk guidance applies.,Global,"Proposed 2026-05-06: compliance_deadline, compliance_notes, countries, migration_priority, hndl_relevance, retention_years enriched from NIST CNSA 2.0, NSA, CISA, and regulatory PQC guidance."
TRADING,Trading system code signing,Digital signatures for high-frequency trading software,Finance & Banking,5,8,8,,2030-12-31,,United States;European Union;United Kingdom,"Proposed 2026-05-06: compliance_deadline, compliance_notes, countries, migration_priority, hndl_relevance, retention_years enriched from NIST CNSA 2.0, NSA, CISA, and regulatory PQC guidance."
CARD-ENC,Card payment encryption,POS terminal and card-not-present transaction encryption,Finance & Banking;Retail & E-Commerce,6,7,7,,2030-12-31,,Global,"Proposed 2026-05-06: compliance_deadline, compliance_notes, countries, migration_priority, hndl_relevance, retention_years enriched from NIST CNSA 2.0, NSA, CISA, and regulatory PQC guidance."
MEDICAL-DEVICE,Medical device communication,Encrypted telemetry for connected medical devices,Healthcare,8,9,9,,2032-12-31,FDA 2023 cybersecurity guidance for premarket submissions. EU MDR/IVDR. 10-15 year device lifetimes require PQC-agile design.,United States;European Union,"Proposed 2026-05-06: compliance_deadline, compliance_notes, countries, migration_priority, hndl_relevance, retention_years enriched from NIST CNSA 2.0, NSA, CISA, and regulatory PQC guidance."
EHR,EHR/FHIR data exchange,Secure exchange of electronic health records via HL7/FHIR,Healthcare,9,8,8,,2030-12-31,HIPAA Security Rule (45 CFR §164.312). HHS PQC guidance 2025. HL7 FHIR security transport requires PQC-ready TLS.,United States;European Union;Canada;Australia,"Proposed 2026-05-06: compliance_deadline, compliance_notes, countries, migration_priority, hndl_relevance, retention_years enriched from NIST CNSA 2.0, NSA, CISA, and regulatory PQC guidance."
V2X,V2X communication,Vehicle-to-everything communication security (DSRC/C-V2X),Automotive,7,9,9,,2030-12-31,IEEE 1609.2 WAVE security / ETSI ITS standards. CAMP V2X Security Credential Management System PQC transition required.,United States;European Union;Japan;South Korea;China,"Proposed 2026-05-06: compliance_deadline, compliance_notes, countries, migration_priority, hndl_relevance, retention_years enriched from NIST CNSA 2.0, NSA, CISA, and regulatory PQC guidance."
OTA,OTA firmware updates,Signed over-the-air vehicle and device software updates,Automotive;Energy & Utilities,5,9,9,,2028-12-31,UNECE WP.29 R155 cybersecurity regulation for vehicles. ML-DSA for signed OTA firmware packages across 10-15 year vehicle lifetime.,Global,"Proposed 2026-05-06: compliance_deadline, compliance_notes, countries, migration_priority, hndl_relevance, retention_years enriched from NIST CNSA 2.0, NSA, CISA, and regulatory PQC guidance."
ECU-BOOT,ECU secure boot,Root-of-trust for automotive electronic control units,Automotive,4,8,8,,2028-12-31,ISO/SAE 21434 automotive cybersecurity. AUTOSAR Secure Onboard Communication (SecOC). PQC-safe secure boot required for new designs from 2026.,Global,"Proposed 2026-05-06: compliance_deadline, compliance_notes, countries, migration_priority, hndl_relevance, retention_years enriched from NIST CNSA 2.0, NSA, CISA, and regulatory PQC guidance."
SCADA,SCADA/OT system security,Cryptographic controls for industrial control systems,Energy & Utilities;Aerospace,8,9,9,,2032-12-31,"CISA ICS-CERT advisories, NERC CIP-013. Long OT system lifespans (20-40 years) require PQC crypto-agility design today.",Global,"Proposed 2026-05-06: compliance_deadline, compliance_notes, countries, migration_priority, hndl_relevance, retention_years enriched from NIST CNSA 2.0, NSA, CISA, and regulatory PQC guidance."
SMART-METER,Smart meter communication,Encrypted AMI/AMR infrastructure for utility metering,Energy & Utilities,7,7,7,,2032-12-31,NIST IR 7628 Smart Grid cybersecurity. NERC CIP-007 for utility metering. AMI device lifespans 15-20 years.,United States;European Union;Australia,"Proposed 2026-05-06: compliance_deadline, compliance_notes, countries, migration_priority, hndl_relevance, retention_years enriched from NIST CNSA 2.0, NSA, CISA, and regulatory PQC guidance."
AVIONICS,Avionics communication,Encrypted and authenticated flight-critical avionics comms,Aerospace,8,10,10,,2035-12-31,DO-326A/DO-356A Airworthiness Security. 20-40 year aircraft service life mandates immediate PQC design-in. FAA crypto-agility guidance.,Global,"Proposed 2026-05-06: compliance_deadline, compliance_notes, countries, migration_priority, hndl_relevance, retention_years enriched from NIST CNSA 2.0, NSA, CISA, and regulatory PQC guidance."
SATELLITE,Satellite link encryption,Long-lived key protection for satellite command and telemetry,Aerospace,10,9,9,,2030-12-31,NSA MCS/CNSA 2.0 guidance. CCSDS 352.0-B space data link security. Long mission lifetimes require hybrid PQC from manufacture.,United States;European Union;Japan,"Proposed 2026-05-06: compliance_deadline, compliance_notes, countries, migration_priority, hndl_relevance, retention_years enriched from NIST CNSA 2.0, NSA, CISA, and regulatory PQC guidance."
PKI-HSPD12,PKI / HSPD-12,Federal identity credentialing and PIV card cryptography,Government & Defense,6,9,9,,2025-12-31,NIST SP 800-73-5 for PIV cards. OMB M-22-09 zero trust requires updated PKI. Federal PQC deadline: 2025.,United States,"Proposed 2026-05-06: compliance_deadline, compliance_notes, countries, migration_priority, hndl_relevance, retention_years enriched from NIST CNSA 2.0, NSA, CISA, and regulatory PQC guidance."
CLASSIFIED,Classified data exchange,Cryptographic protection of classified communications,Government & Defense,10,10,10,,2025-12-31,NSA CNSA 2.0 mandatory for NSS. All classified systems must complete PQC transition by 2025.,United States,"Proposed 2026-05-06: compliance_deadline, compliance_notes, countries, migration_priority, hndl_relevance, retention_years enriched from NIST CNSA 2.0, NSA, CISA, and regulatory PQC guidance."
DNS-DNSSEC,DNS/DNSSEC,DNS resolution integrity and DNSSEC zone signing,Technology;Telecommunications,3,8,8,,2027-12-31,IETF draft-ietf-dnsop-dnssec-pqc. ICANN/IANA DNSSEC root key migration to ML-DSA in planning.,Global,"Proposed 2026-05-06: compliance_deadline, compliance_notes, countries, migration_priority, hndl_relevance, retention_years enriched from NIST CNSA 2.0, NSA, CISA, and regulatory PQC guidance."
TIMESTAMPING,Timestamping services,Long-lived cryptographic timestamps for legal and financial evidence,Finance & Banking;Government & Defense,9,7,7,,2030-12-31,,Global,"Proposed 2026-05-06: compliance_deadline, compliance_notes, countries, migration_priority, hndl_relevance, retention_years enriched from NIST CNSA 2.0, NSA, CISA, and regulatory PQC guidance."
BACKUP-ENC,Backup/archive encryption,Encryption of backup tapes and cloud archives and disaster recovery stores,Healthcare;Finance & Banking;Government & Defense,9,6,6,,2030-12-31,,Global,"Proposed 2026-05-06: compliance_deadline, compliance_notes, countries, migration_priority, hndl_relevance, retention_years enriched from NIST CNSA 2.0, NSA, CISA, and regulatory PQC guidance."
API-GATEWAY,API gateway / microservices,mTLS and JWT signing for service-to-service communication,Technology;Finance & Banking,5,8,8,,2026-12-31,,Global,"Proposed 2026-05-06: compliance_deadline, compliance_notes, countries, migration_priority, hndl_relevance, retention_years enriched from NIST CNSA 2.0, NSA, CISA, and regulatory PQC guidance."
SECURE-BOOT,Secure boot (non-automotive),Root-of-trust and firmware verification for servers and devices,Technology;Government & Defense,4,8,8,,2028-12-31,,Global,"Proposed 2026-05-06: compliance_deadline, compliance_notes, countries, migration_priority, hndl_relevance, retention_years enriched from NIST CNSA 2.0, NSA, CISA, and regulatory PQC guidance."
under-1y,Less than 1 year,Data that needs to stay confidential for under a year,,,1,1,1,,,Global,"Proposed 2026-05-06: compliance_deadline, compliance_notes, countries, migration_priority, hndl_relevance, retention_years enriched from NIST CNSA 2.0, NSA, CISA, and regulatory PQC guidance."
1-5y,1-5 years,Data with a short to medium confidentiality window,,,3,5,3,,,Global,"Proposed 2026-05-06: compliance_deadline, compliance_notes, countries, migration_priority, hndl_relevance, retention_years enriched from NIST CNSA 2.0, NSA, CISA, and regulatory PQC guidance."
5-10y,5-10 years,Data requiring a medium to long-term confidentiality window,,,6,10,7,,,Global,"Proposed 2026-05-06: compliance_deadline, compliance_notes, countries, migration_priority, hndl_relevance, retention_years enriched from NIST CNSA 2.0, NSA, CISA, and regulatory PQC guidance."
10-25y,10-25 years,Data requiring long-term confidentiality protection,,,8,25,15,,,Global,"Proposed 2026-05-06: compliance_deadline, compliance_notes, countries, migration_priority, hndl_relevance, retention_years enriched from NIST CNSA 2.0, NSA, CISA, and regulatory PQC guidance."
25-plus,25+ years,Data with very long or archival confidentiality requirements,,,10,30,30,,,Global,"Proposed 2026-05-06: compliance_deadline, compliance_notes, countries, migration_priority, hndl_relevance, retention_years enriched from NIST CNSA 2.0, NSA, CISA, and regulatory PQC guidance."
indefinite,Indefinite,Data with no defined expiration of confidentiality,,,10,50,0,,,Global,"Proposed 2026-05-06: compliance_deadline, compliance_notes, countries, migration_priority, hndl_relevance, retention_years enriched from NIST CNSA 2.0, NSA, CISA, and regulatory PQC guidance."
auto-1-3y,1-3 years (telematics),Vehicle telemetry and OBD diagnostic records,Automotive,,3,3,2,,,United States;European Union,"Proposed 2026-05-06: compliance_deadline, compliance_notes, countries, migration_priority, hndl_relevance, retention_years enriched from NIST CNSA 2.0, NSA, CISA, and regulatory PQC guidance."
auto-vehicle-lifetime,10-15 years (vehicle lifetime),"ECU firmware, V2X certificates and vehicle safety-critical software",Automotive,,8,15,12,,,United States;European Union;Japan,"Proposed 2026-05-06: compliance_deadline, compliance_notes, countries, migration_priority, hndl_relevance, retention_years enriched from NIST CNSA 2.0, NSA, CISA, and regulatory PQC guidance."
2y,2 years (CDR / telecom),Call detail records typical retention for mobile operators,Telecommunications,,2,2,2,,,Global,"Proposed 2026-05-06: compliance_deadline, compliance_notes, countries, migration_priority, hndl_relevance, retention_years enriched from NIST CNSA 2.0, NSA, CISA, and regulatory PQC guidance."
6y,6 years (HIPAA minimum),Minimum retention under HIPAA for protected health information,Healthcare,,6,6,6,,,United States,"Proposed 2026-05-06: compliance_deadline, compliance_notes, countries, migration_priority, hndl_relevance, retention_years enriched from NIST CNSA 2.0, NSA, CISA, and regulatory PQC guidance."
7y,7 years (financial records),Standard regulatory records retention for financial institutions,Finance & Banking,,7,7,7,,,United States;Global,"Proposed 2026-05-06: compliance_deadline, compliance_notes, countries, migration_priority, hndl_relevance, retention_years enriched from NIST CNSA 2.0, NSA, CISA, and regulatory PQC guidance."
75y-plus,75+ years (government archival),Long-lived government and national security archival records,Government & Defense,,10,75,75,,,United States,"Proposed 2026-05-06: compliance_deadline, compliance_notes, countries, migration_priority, hndl_relevance, retention_years enriched from NIST CNSA 2.0, NSA, CISA, and regulatory PQC guidance."
3y-soc2,3 years (SOC 2 / audit logs),Security audit logs and access records under SOC 2 Trust Service Criteria,Technology,,3,3,3,,,Global,"Proposed 2026-05-06: compliance_deadline, compliance_notes, countries, migration_priority, hndl_relevance, retention_years enriched from NIST CNSA 2.0, NSA, CISA, and regulatory PQC guidance."
3y-nerc,3 years (NERC CIP-007),Security event logs and cyber compliance records under NERC CIP-007-6 R5,Energy & Utilities,,4,3,3,,,United States,"Proposed 2026-05-06: compliance_deadline, compliance_notes, countries, migration_priority, hndl_relevance, retention_years enriched from NIST CNSA 2.0, NSA, CISA, and regulatory PQC guidance."
7y-ferc,7 years (FERC / billing),Operational and billing records under FERC and IRS retention requirements,Energy & Utilities,,7,7,7,,,United States,"Proposed 2026-05-06: compliance_deadline, compliance_notes, countries, migration_priority, hndl_relevance, retention_years enriched from NIST CNSA 2.0, NSA, CISA, and regulatory PQC guidance."
aircraft-lifetime,Aircraft lifetime (20-40 years),"DO-178C software lifecycle data and FAA airworthiness records per 14 CFR §91.417, maintained for the service life of the aircraft",Aerospace,,10,40,30,,,Global,"Proposed 2026-05-06: compliance_deadline, compliance_notes, countries, migration_priority, hndl_relevance, retention_years enriched from NIST CNSA 2.0, NSA, CISA, and regulatory PQC guidance."
1y-pci-logs,1 year (PCI DSS audit logs),Payment transaction audit logs with 90 days immediately accessible per PCI DSS v4 Req. 10.7,Retail & E-Commerce,,2,1,1,,,Global,"Proposed 2026-05-06: compliance_deadline, compliance_notes, countries, migration_priority, hndl_relevance, retention_years enriched from NIST CNSA 2.0, NSA, CISA, and regulatory PQC guidance."
2y-pci,2 years (PCI DSS cardholder data),Maximum cardholder data storage period under PCI DSS requirements,Retail & E-Commerce,,3,2,2,,,Global,"Proposed 2026-05-06: compliance_deadline, compliance_notes, countries, migration_priority, hndl_relevance, retention_years enriched from NIST CNSA 2.0, NSA, CISA, and regulatory PQC guidance."
6y-ferpa,6 years (FERPA / financial aid),Student financial aid records under FERPA and 34 CFR §668.24,Education,,6,6,6,,,United States,"Proposed 2026-05-06: compliance_deadline, compliance_notes, countries, migration_priority, hndl_relevance, retention_years enriched from NIST CNSA 2.0, NSA, CISA, and regulatory PQC guidance."
permanent-transcripts,Permanent (academic transcripts),Academic transcripts and degrees maintained indefinitely per institutional policy and most state laws,Education,,8,100,0,,,United States;Global,"Proposed 2026-05-06: compliance_deadline, compliance_notes, countries, migration_priority, hndl_relevance, retention_years enriched from NIST CNSA 2.0, NSA, CISA, and regulatory PQC guidance."
permanent,Permanent (state secrets),Records with no defined expiration date,Government & Defense,,10,100,0,,,Global,"Proposed 2026-05-06: compliance_deadline, compliance_notes, countries, migration_priority, hndl_relevance, retention_years enriched from NIST CNSA 2.0, NSA, CISA, and regulatory PQC guidance."
phi,Protected Health Information (PHI),"Patient records, diagnoses, prescriptions, lab results",Healthcare,15,,8,,2030-12-31,HIPAA Security Rule + NIST SP 1800-38 Healthcare PQC migration guide. HHS enforcement applies to covered entities.,United States;European Union;Canada;Australia,"Proposed 2026-05-06: compliance_deadline, compliance_notes, countries, migration_priority, hndl_relevance, retention_years enriched from NIST CNSA 2.0, NSA, CISA, and regulatory PQC guidance."
genomic-data,Genomic / clinical trial data,"DNA sequencing, biobank records, longitudinal research",Healthcare,25,,7,,2032-12-31,"GDPR special category, HIPAA, Genomics England NHS protocols. Genomic data has permanent sensitivity for individuals.",United States;European Union;United Kingdom,"Proposed 2026-05-06: compliance_deadline, compliance_notes, countries, migration_priority, hndl_relevance, retention_years enriched from NIST CNSA 2.0, NSA, CISA, and regulatory PQC guidance."
admin-health,Administrative health records,"Scheduling, billing codes, facility operations",Healthcare,5,,6,,2032-12-31,HIPAA Administrative Simplification. Billing codes and scheduling data — lower sensitivity but covered by HIPAA.,United States;European Union,"Proposed 2026-05-06: compliance_deadline, compliance_notes, countries, migration_priority, hndl_relevance, retention_years enriched from NIST CNSA 2.0, NSA, CISA, and regulatory PQC guidance."
customer-financial,Customer financial records,"Account balances, transactions, credit scores, PII",Finance & Banking,15,,8,,2030-12-31,"GLBA (FTC Safeguards Rule), DORA (EU), PCI DSS v4. Covered institutions subject to NIST/CISA migration guidance.",Global,"Proposed 2026-05-06: compliance_deadline, compliance_notes, countries, migration_priority, hndl_relevance, retention_years enriched from NIST CNSA 2.0, NSA, CISA, and regulatory PQC guidance."
trading-algos,Trading algorithms / proprietary models,"HFT strategies, risk models, pricing engines",Finance & Banking,25,,9,,2028-12-31,"SEC Reg SCI, FINRA cybersecurity rules. HFT source code represents extreme IP risk from HNDL nation-state attacks.",United States;European Union;United Kingdom,"Proposed 2026-05-06: compliance_deadline, compliance_notes, countries, migration_priority, hndl_relevance, retention_years enriched from NIST CNSA 2.0, NSA, CISA, and regulatory PQC guidance."
transaction-logs,Transaction logs,"Audit trails, reconciliation records, batch processing data",Finance & Banking,5,,7,,2030-12-31,PCI DSS v4 (2025 baseline mandate). SOX electronic records integrity. Timestamping systems must use PQC-safe signing.,Global,"Proposed 2026-05-06: compliance_deadline, compliance_notes, countries, migration_priority, hndl_relevance, retention_years enriched from NIST CNSA 2.0, NSA, CISA, and regulatory PQC guidance."
classified-info,Classified information (TS/SCI),"National security data, intelligence products",Government & Defense,25,,10,,2025-12-31,NSA CNSA 2.0 mandatory by 2025. All NSS/classified systems must complete PQC transition. CNSSP-15 applies.,United States,"Proposed 2026-05-06: compliance_deadline, compliance_notes, countries, migration_priority, hndl_relevance, retention_years enriched from NIST CNSA 2.0, NSA, CISA, and regulatory PQC guidance."
cui,Controlled Unclassified Information (CUI),"Export-controlled data, law enforcement sensitive",Government & Defense,15,,9,,2025-12-31,"CMMC 2.0 Level 2/3, NIST SP 800-171 Rev 3. DoD contractors: PQC readiness milestone in CMMC program.",United States,"Proposed 2026-05-06: compliance_deadline, compliance_notes, countries, migration_priority, hndl_relevance, retention_years enriched from NIST CNSA 2.0, NSA, CISA, and regulatory PQC guidance."
fouo,Internal government data (FOUO),"Pre-decisional documents, internal correspondence",Government & Defense,5,,7,,2028-12-31,"NIST SP 800-171, CUI Registry. FOUO documents with 5-10 year relevance window fall within CRQC threat horizon.",United States,"Proposed 2026-05-06: compliance_deadline, compliance_notes, countries, migration_priority, hndl_relevance, retention_years enriched from NIST CNSA 2.0, NSA, CISA, and regulatory PQC guidance."
network-topology,Network topology / configurations,"Core network architecture, routing tables, SS7 configs",Telecommunications,25,,8,,2028-12-31,"NERC CIP, NIST CSF 2.0. Core network architecture data is long-lived, high-value for nation-state HNDL operations.",Global,"Proposed 2026-05-06: compliance_deadline, compliance_notes, countries, migration_priority, hndl_relevance, retention_years enriched from NIST CNSA 2.0, NSA, CISA, and regulatory PQC guidance."
cdr,Call detail records (CDR),"Subscriber communications metadata, location data",Telecommunications,15,,7,,2030-12-31,"GDPR Article 5, CCPA, regional telecom regulations. CDR data retained 2 years on average; HNDL window well within CRQC timeline.",Global,"Proposed 2026-05-06: compliance_deadline, compliance_notes, countries, migration_priority, hndl_relevance, retention_years enriched from NIST CNSA 2.0, NSA, CISA, and regulatory PQC guidance."
subscriber-meta,Subscriber metadata,"Account info, service plans, billing data",Telecommunications,5,,6,,2030-12-31,"GDPR, CPRA, national telecom laws. Subscriber data stores should use PQC key wrapping for long-term archive protection.",Global,"Proposed 2026-05-06: compliance_deadline, compliance_notes, countries, migration_priority, hndl_relevance, retention_years enriched from NIST CNSA 2.0, NSA, CISA, and regulatory PQC guidance."
crypto-keys,Cryptographic keys / secrets,"Private keys, API secrets, HSM contents",Technology,25,,10,,2025-12-31,HIGHEST PRIORITY — NIST SP 800-57. Cryptographic keys must migrate immediately. Harvest-now-decrypt-later attacks capture key material today for future decryption.,Global,"Proposed 2026-05-06: compliance_deadline, compliance_notes, countries, migration_priority, hndl_relevance, retention_years enriched from NIST CNSA 2.0, NSA, CISA, and regulatory PQC guidance."
source-code,Source code / intellectual property,"Proprietary algorithms, trade secrets",Technology,15,,8,,2028-12-31,HNDL risk extreme for proprietary PQC-adjacent algorithms. Encrypt and version-control archives with PQC-safe keys immediately.,Global,"Proposed 2026-05-06: compliance_deadline, compliance_notes, countries, migration_priority, hndl_relevance, retention_years enriched from NIST CNSA 2.0, NSA, CISA, and regulatory PQC guidance."
user-analytics,User analytics / telemetry,"Usage patterns, A/B test data, anonymized metrics",Technology,5,,5,,2032-12-31,"GDPR, CCPA. Lower sensitivity but large volume data lakes may still benefit from PQC-safe key wrapping.",Global,"Proposed 2026-05-06: compliance_deadline, compliance_notes, countries, migration_priority, hndl_relevance, retention_years enriched from NIST CNSA 2.0, NSA, CISA, and regulatory PQC guidance."
scada-ot,SCADA/OT operational data,"Industrial control commands, safety system configs",Energy & Utilities,25,,9,,2032-12-31,"IEC 62443 series, CISA ICS advisories. OT systems with 20-30 year lifespans need PQC-agile design integrated now.",Global,"Proposed 2026-05-06: compliance_deadline, compliance_notes, countries, migration_priority, hndl_relevance, retention_years enriched from NIST CNSA 2.0, NSA, CISA, and regulatory PQC guidance."
grid-topology,Grid topology / infrastructure maps,"Distribution network, substation configurations",Energy & Utilities,15,,9,,2030-12-31,"NERC CIP, NIST SP 800-82 Rev 3. Grid topology data has nation-state HNDL sensitivity.",United States;European Union,"Proposed 2026-05-06: compliance_deadline, compliance_notes, countries, migration_priority, hndl_relevance, retention_years enriched from NIST CNSA 2.0, NSA, CISA, and regulatory PQC guidance."
meter-readings,Meter readings / consumption data,"AMI data, billing usage, demand forecasts",Energy & Utilities,5,,6,,2032-12-31,NIST IR 7628 Vol 3. AMI data confidentiality. Utility data retained for billing and regulatory compliance.,Global,"Proposed 2026-05-06: compliance_deadline, compliance_notes, countries, migration_priority, hndl_relevance, retention_years enriched from NIST CNSA 2.0, NSA, CISA, and regulatory PQC guidance."
ad-algorithms,Autonomous driving algorithms,"ML models, sensor fusion logic, safety-critical code",Automotive,25,,8,,2030-12-31,"ISO/SAE 21434, SOTIF (ISO 21448). Autonomous driving ML models are long-lived IP assets requiring PQC protection.",Global,"Proposed 2026-05-06: compliance_deadline, compliance_notes, countries, migration_priority, hndl_relevance, retention_years enriched from NIST CNSA 2.0, NSA, CISA, and regulatory PQC guidance."
v2x-data,V2X communication data,"Vehicle-to-infrastructure messages, location data",Automotive,15,,8,,2030-12-31,"C2C-CC, ETSI ITS, SAE J2945 standards. V2X message authentication PKI requires PQC transition plan.",United States;European Union;Japan,"Proposed 2026-05-06: compliance_deadline, compliance_notes, countries, migration_priority, hndl_relevance, retention_years enriched from NIST CNSA 2.0, NSA, CISA, and regulatory PQC guidance."
vehicle-telemetry,Vehicle telemetry,"Engine diagnostics, performance metrics, OBD data",Automotive,5,,7,,2030-12-31,"ISO/SAE 21434, WP.29 R155. Vehicle telemetry streams use long-lived TLS sessions requiring PQC.",Global,"Proposed 2026-05-06: compliance_deadline, compliance_notes, countries, migration_priority, hndl_relevance, retention_years enriched from NIST CNSA 2.0, NSA, CISA, and regulatory PQC guidance."
flight-control,Flight control software / avionics,"Safety-critical algorithms, weapons systems",Aerospace,25,,10,,2030-12-31,"DO-178C, DO-326A, FAA AC 119-1. Safety-critical software for ACAS/TCAS, FMS must plan for PQC replacement.",Global,"Proposed 2026-05-06: compliance_deadline, compliance_notes, countries, migration_priority, hndl_relevance, retention_years enriched from NIST CNSA 2.0, NSA, CISA, and regulatory PQC guidance."
passenger-pii,Passenger manifests / crew PII,"Travel records, passport data, security clearances",Aerospace,15,,7,,2030-12-31,"GDPR, PNR Directive, ICAO. Passenger manifests retained up to 5 years in some jurisdictions.",Global,"Proposed 2026-05-06: compliance_deadline, compliance_notes, countries, migration_priority, hndl_relevance, retention_years enriched from NIST CNSA 2.0, NSA, CISA, and regulatory PQC guidance."
maintenance-logs,Maintenance logs,"Service records, parts inventory, compliance documentation",Aerospace,5,,6,,2032-12-31,"FAA maintenance records (14 CFR §43.9), MIL-HDBK-1823. Long-lived aviation and defense maintenance records.",Global,"Proposed 2026-05-06: compliance_deadline, compliance_notes, countries, migration_priority, hndl_relevance, retention_years enriched from NIST CNSA 2.0, NSA, CISA, and regulatory PQC guidance."
pci-data,Payment card data (PCI scope),"Card numbers, CVVs, transaction auth data",Retail & E-Commerce;Finance & Banking,15,,8,,2028-12-31,PCI DSS v4 Req 3.5. Card data storage limited but key wrapping must be PQC-safe.,Global,"Proposed 2026-05-06: compliance_deadline, compliance_notes, countries, migration_priority, hndl_relevance, retention_years enriched from NIST CNSA 2.0, NSA, CISA, and regulatory PQC guidance."
customer-purchase,Customer purchase history / PII,"Order history, addresses, preferences",Retail & E-Commerce,5,,6,,2032-12-31,"GDPR, CCPA, state privacy laws. E-commerce purchase history retained for fraud analysis and compliance.",Global,"Proposed 2026-05-06: compliance_deadline, compliance_notes, countries, migration_priority, hndl_relevance, retention_years enriched from NIST CNSA 2.0, NSA, CISA, and regulatory PQC guidance."
product-catalog,Product catalog,"Public listings, pricing, inventory counts",Retail & E-Commerce,0,,2,,,Generally public data — low PQC migration priority.,Global,"Proposed 2026-05-06: compliance_deadline, compliance_notes, countries, migration_priority, hndl_relevance, retention_years enriched from NIST CNSA 2.0, NSA, CISA, and regulatory PQC guidance."
student-records,Student records (FERPA),"Grades, disciplinary records, financial aid",Education,15,,6,,2032-12-31,,United States;European Union,"Proposed 2026-05-06: compliance_deadline, compliance_notes, countries, migration_priority, hndl_relevance, retention_years enriched from NIST CNSA 2.0, NSA, CISA, and regulatory PQC guidance."
research-ip,Research data / IP,"Unpublished research, grant proposals, patent-pending work",Education,15,,8,,2028-12-31,Patent-pending and unpublished research faces extreme nation-state HNDL risk. Encrypt all research data stores with AES-256 + PQC key wrapping.,Global,"Proposed 2026-05-06: compliance_deadline, compliance_notes, countries, migration_priority, hndl_relevance, retention_years enriched from NIST CNSA 2.0, NSA, CISA, and regulatory PQC guidance."
course-catalog,Course catalogs / schedules,"Public curriculum, class listings, academic calendar",Education,0,,2,,,Generally public data — low PQC migration priority.,Global,"Proposed 2026-05-06: compliance_deadline, compliance_notes, countries, migration_priority, hndl_relevance, retention_years enriched from NIST CNSA 2.0, NSA, CISA, and regulatory PQC guidance."
