source_id,source_name,source_type,trust_tier,region,primary_url,description,verification_status,last_verified_date,leaders_csv,library_csv,algorithm_csv,threats_csv,timeline_csv,compliance_csv,migrate_csv,local_doc_count,last_download_date,download_status,doc_collection,notes,primary_url_quality,name,type,domain,date_stamp,status,deprecated_at,deprecated_reason
cmu-cylab,Carnegie Mellon CyLab,Academic,4_Contextual,Americas,https://www.cylab.cmu.edu/,Advanced PQC research including vulnerability analysis of NIST algorithms and quantum-safe protocol development,Verified,2026-02-13,No,No,Yes,No,No,No,No,0,,None,none,,url_authoritative,,,,2026-05-06,active,,
uc-berkeley-bqic,UC Berkeley BQIC,Academic,3_Supporting,Americas,https://bqic.berkeley.edu/,Berkeley Quantum Information & Computation Center focusing on quantum cryptography and algorithm research,Verified,2026-02-13,No,No,Yes,No,No,No,No,0,,None,none,,url_authoritative,,,,2026-05-06,active,,
rub-crypto,Ruhr University Bochum Cryptography,Academic,3_Supporting,EMEA,https://www.crypto.rub.de/,Leading European PQC research; developers of NIST-selected CRYSTALS algorithms,Verified,2026-02-13,Yes,Yes,Yes,No,No,No,No,0,,None,none,,url_authoritative,,,,2026-05-06,active,,
mpi-sp,Max Planck Institute Security and Privacy,Academic,3_Supporting,EMEA,https://www.mpi-sp.org/,German research institute contributing to NIST PQC standardization efforts,Verified,2026-02-13,No,No,Yes,No,No,No,No,0,,None,none,,url_needs_review,,,,2026-05-06,active,,
brno-ut,Brno University of Technology,Academic,4_Contextual,EMEA,https://www.vut.cz/en/,Coordinator of EU Horizon QARC project for quantum-resistant cryptography in practice (2026-2029),Verified,2026-02-13,No,No,Yes,No,Yes,No,No,0,,None,none,,url_needs_review,,,,2026-05-06,active,,
duke-qc,Duke University Quantum Center,Academic,4_Contextual,Americas,https://quantum.duke.edu/,Interdisciplinary quantum research including quantum-safe cryptography foundations,Verified,2026-02-13,No,No,Yes,No,No,No,No,0,,None,none,,url_authoritative,,,,2026-05-06,active,,
yale-qi,Yale University Quantum Institute,Academic,4_Contextual,Americas,https://quantuminstitute.yale.edu/,Collaborative quantum research across physics engineering and computer science,Verified,2026-02-13,No,No,Yes,No,No,No,No,0,,None,none,,url_authoritative,,,,2026-05-06,active,,
vtech-cyber,Virginia Tech Cybersecurity,Academic,4_Contextual,Americas,https://cyber.vt.edu/,Lattice-based cryptographic algorithm evaluation for NIST standardization,Verified,2026-02-13,No,No,Yes,No,No,No,No,0,,None,none,,url_authoritative,,,,2026-05-06,active,,
gmu-crypto,George Mason University Crypto,Academic,4_Contextual,Americas,https://csis.gmu.edu/,Hardware implementation and security analysis of PQC candidates,Verified,2026-02-13,No,No,Yes,No,No,No,No,0,,None,none,,url_authoritative,,,,2026-05-06,active,,
usd-crypto,University of San Diego Crypto Group,Academic,4_Contextual,Americas,https://www.sandiego.edu/,PQC research publications and algorithm development,Verified,2026-02-13,No,No,Yes,No,No,No,No,0,,None,none,,url_authoritative,,,,2026-05-06,active,,
ibm-research,IBM Research Quantum-Safe,Industry_Workgroup,3_Supporting,Global,https://www.ibm.com/quantum/quantum-safe,Leading contributor to NIST PQC standards (ML-KEM ML-DSA SLH-DSA); crypto-agility solutions,Verified,2026-02-13,No,No,Yes,No,Yes,No,Yes,3,2026-05-07,Active,none,,url_authoritative,,,,2026-05-06,active,,
q360-alliance,Quantum-Safe 360 Alliance,Industry_Workgroup,4_Contextual,Global,https://www.ibm.com/consulting,Alliance of IBM Consulting Keyfactor Quantinuum and Thales for PQC migration services,Verified,2026-02-13,No,No,No,No,No,No,No,0,,None,none,,url_authoritative,,,,2026-05-06,active,,
resque,RESQUE Consortium,Industry_Workgroup,4_Contextual,EMEA,https://www.thalesgroup.com/,French consortium (Thales TheGreenBow CryptoExperts CryptoNext ANSSI Inria) for secure communications,Verified,2026-02-13,No,No,Yes,No,No,No,No,0,,None,none,,url_authoritative,,,,2026-05-06,active,,
pqshield,PQShield,Industry_Workgroup,3_Supporting,Global,https://pqshield.com/,Commercial PQC solutions provider; quantum-resistant semiconductor IP and cryptography,Verified,2026-02-13,Yes,No,Yes,No,Yes,No,Yes,3,2026-05-07,Active,none,,url_needs_review,,,,2026-05-06,active,,
sandboxaq,SandboxAQ,Industry_Analyst,3_Supporting,Americas,https://www.sandboxaq.com/,Enterprise quantum-safe cryptography solutions; PQCA founding member,Verified,2026-02-13,Yes,No,Yes,No,Yes,No,Yes,3,2026-05-07,Active,none,,url_needs_review,,,,2026-05-06,active,,
qusecure,QuSecure,Industry_Workgroup,4_Contextual,Americas,https://qusecure.com/,Quantum-resistant security solutions; PQCA founding member,Verified,2026-02-13,No,No,No,No,No,No,Yes,0,,None,none,,url_needs_review,,,,2026-05-06,active,,
qrypt,Qrypt,Industry_Workgroup,4_Contextual,Americas,https://www.qrypt.com/,Quantum-secure encryption company; PKI Consortium member since 2024,Verified,2026-02-13,No,No,Yes,No,No,No,Yes,0,,None,none,,url_needs_review,,,,2026-05-06,active,,
01quantum,01 Quantum,Industry_Workgroup,4_Contextual,Global,https://01quantum.com/,Early-stage quantum-safe security leader focusing on agile PQC deployment,Verified,2026-02-13,No,No,No,No,No,No,Yes,0,,None,none,,url_authoritative,,,,2026-05-06,active,,
cryptonext,CryptoNext Security,Industry_Workgroup,4_Contextual,EMEA,https://www.cryptonext-security.com/,French quantum-safe cryptography vendor; RESQUE consortium member,Verified,2026-02-13,No,No,Yes,No,No,No,Yes,0,,None,none,,url_needs_review,,,,2026-05-06,active,,
cryptoexperts,CryptoExperts,Industry_Workgroup,4_Contextual,EMEA,https://www.cryptoexperts.com/,Cryptography R&D consultancy; RESQUE consortium member,Verified,2026-02-13,No,No,Yes,No,No,No,No,0,,None,none,,url_needs_review,,,,2026-05-06,active,,
quantinuum,Quantinuum,Industry_Workgroup,3_Supporting,Global,https://www.quantinuum.com/,Quantum computing and quantum-safe solutions; Quantum-Safe 360 Alliance member,Verified,2026-02-13,No,No,Yes,No,Yes,No,Yes,0,,None,none,,url_needs_review,,,,2026-05-06,active,,
kudelski-iot,Kudelski IoT,Industry_Workgroup,4_Contextual,EMEA,https://www.kudelski-iot.com/,IoT security with PQC implementation; PQCA founding member,Verified,2026-02-13,No,No,Yes,No,No,No,No,0,,None,none,,url_needs_review,,,,2026-05-06,active,,
intellect-eu,IntellectEU,Industry_Workgroup,4_Contextual,EMEA,https://www.intellecteu.com/,Enterprise blockchain and quantum-safe solutions; PQCA founding member,Verified,2026-02-13,No,No,No,No,No,No,Yes,0,,None,none,,url_needs_review,,,,2026-05-06,active,,
crypto-quantique,Crypto Quantique,Industry_Workgroup,4_Contextual,EMEA,https://www.cryptoquantique.com/,Quantum-driven security for IoT devices,Verified,2026-02-13,No,No,Yes,No,No,No,No,0,,None,none,,url_needs_review,,,,2026-05-06,active,,
xiphera,Xiphera,Industry_Workgroup,4_Contextual,EMEA,https://www.xiphera.com/,Hardware cryptographic IP cores including PQC implementations,Verified,2026-02-13,No,No,Yes,No,No,No,No,0,,None,none,,url_needs_review,,,,2026-05-06,active,,
resquant,ResQuant,Industry_Workgroup,4_Contextual,EMEA,https://resquant.com/,Quantum risk assessment and PQC migration planning services,Verified,2026-02-13,No,No,No,No,No,No,No,0,,None,none,,url_needs_review,,,,2026-05-06,active,,
sixscape,Sixscape Communications,Industry_Workgroup,4_Contextual,Americas,https://www.sixscape.com/,IPv6 and quantum-safe network security solutions,Verified,2026-02-13,No,No,No,No,No,No,No,0,,None,none,,url_needs_review,,,,2026-05-06,active,,
archon-sec,Archon Security,Industry_Workgroup,4_Contextual,Global,https://www.archon.com/,Quantum-safe cryptographic solutions and consulting,Verified,2026-02-13,No,No,No,No,No,No,No,0,,None,none,,url_authoritative,,,,2026-05-06,active,,
mcgill-crypto,McGill University Cryptography,Academic,3_Supporting,Americas,https://crypto.cs.mcgill.ca/,PQCrypto steering committee member; advanced cryptographic research,Verified,2026-02-13,No,No,Yes,No,No,No,No,0,,None,none,,url_needs_review,,,,2026-05-06,active,,
uc-cincinnati,University of Cincinnati Crypto,Academic,4_Contextual,Americas,https://homepages.uc.edu/~coudtj/,PQCrypto steering committee representation; lattice cryptography research,Verified,2026-02-13,Yes,No,Yes,No,No,No,No,0,,None,none,,url_authoritative,,,,2026-05-06,active,,
ntnu-crypto,Norwegian University of Science and Technology,Academic,4_Contextual,EMEA,https://www.ntnu.edu/,PQCrypto steering committee member; Nordic PQC research leadership,Verified,2026-02-13,No,No,Yes,No,No,No,No,0,,None,none,,url_authoritative,,,,2026-05-06,active,,
psu-crypto,Pennsylvania State University Crypto,Academic,4_Contextual,Americas,https://www.cse.psu.edu/,PQCrypto steering committee; code-based cryptography research,Verified,2026-02-13,No,No,Yes,No,No,No,No,0,,None,none,,url_authoritative,,,,2026-05-06,active,,
u-ryukyu,University of Ryukyu,Academic,4_Contextual,APAC,https://www.u-ryukyu.ac.jp/en/,Japanese PQCrypto research; regional PQC standardization collaboration,Verified,2026-02-13,No,No,Yes,No,No,No,No,0,,None,none,,url_needs_review,,,,2026-05-06,active,,
u-limoges-xlim,University of Limoges XLIM,Academic,4_Contextual,EMEA,https://www.xlim.fr/en,French research institute; PQCrypto steering committee member,Verified,2026-02-13,No,No,Yes,No,No,No,No,0,,None,none,,url_needs_review,,,,2026-05-06,active,,
iiit-kurnool,Indian Institute of Information Technology Kurnool,Academic,4_Contextual,APAC,https://www.iiitk.ac.in/,MeitY-sponsored PQC research projects (2025-2026),Verified,2026-02-13,No,No,Yes,No,No,No,No,0,,None,none,,url_needs_review,,,,2026-05-06,active,,
nist-csrc,NIST Computer Security Resource Center,Government,1_Authoritative,Americas,https://csrc.nist.gov/projects/post-quantum-cryptography,Primary PQC standardization authority; FIPS standards and technical specifications,Verified,2026-02-13,Yes,Yes,Yes,No,Yes,Yes,Yes,86,2026-05-07,Active,library,Fixed tagging: library_csv timeline_csv compliance_csv,url_authoritative,,,,2026-05-06,active,,
nist-news,NIST News & Events,Government,1_Authoritative,Americas,https://www.nist.gov/news-events,Official NIST announcements for PQC milestones and algorithm selections,Verified,2026-02-13,No,No,Yes,No,Yes,No,No,0,,Active,timeline,Fixed tagging: timeline_csv,url_authoritative,,,,2026-05-06,active,,
nsa-advisory,NSA Cybersecurity Advisory,Government,1_Authoritative,Americas,https://www.nsa.gov/Press-Room/Cybersecurity-Advisories-Guidance/,CNSA 2.0 guidance and National Security System requirements,Verified,2025-12-15,No,Yes,No,No,Yes,Yes,No,9,2026-05-07,Blocked,library,Fixed tagging: library_csv timeline_csv compliance_csv; media.defense.gov blocks automated access,url_authoritative,,,,2026-05-06,active,,
nsa-media,NSA Media Defense Portal,Government,1_Authoritative,Americas,https://media.defense.gov/,Official NSA/DoD technical documentation and FAQ releases,Verified,2025-12-15,No,Yes,No,No,No,No,No,0,,Blocked,library,media.defense.gov returns 403 for automated download,url_authoritative,,,,2026-05-06,active,,
cisa,CISA Quantum Page,Government,1_Authoritative,Americas,https://www.cisa.gov/quantum,Federal PQC product categories and procurement guidance (updated Jan 2026),Verified,2026-02-13,No,Yes,No,No,Yes,Yes,Yes,7,2026-05-07,Active,none,Fixed tagging: compliance_csv migrate_csv,url_authoritative,,,,2026-05-06,active,,
bsi,BSI Post-Quantum Cryptography,Government,1_Authoritative,EMEA,https://www.bsi.bund.de/EN/Themen/Unternehmen-und-Organisationen/Informationen-und-Empfehlungen/Quantentechnologien-und-Post-Quanten-Kryptografie/quantentechnologien-und-post-quanten-kryptografie_node.html,German Federal Office for Information Security PQC guidance and migration strategies,Verified,2026-02-13,No,Yes,No,No,Yes,Yes,No,13,2026-05-07,Active,library,Fixed tagging: library_csv timeline_csv compliance_csv,url_authoritative,,,,2026-05-06,active,,
anssi,ANSSI Cryptography Guidelines,Government,1_Authoritative,EMEA,https://www.ssi.gouv.fr/en/,French cybersecurity agency quantum transition recommendations,Verified,2026-02-13,No,Yes,No,No,Yes,Yes,No,14,2026-05-07,Active,library,Fixed tagging: library_csv timeline_csv compliance_csv,url_needs_review,,,,2026-05-06,active,,
ncsc-uk,NCSC UK Quantum Security,Government,1_Authoritative,EMEA,https://www.ncsc.gov.uk/whitepaper/quantum-safe-cryptography,UK National Cyber Security Centre quantum threat guidance,Verified,2026-02-13,No,Yes,No,No,Yes,No,No,3,2025-05-01,Blocked,library,Fixed tagging: library_csv timeline_csv compliance_csv; site requires JS rendering,url_authoritative,,,,2026-05-06,active,,
enisa,ENISA Post-Quantum Cryptography,Government,1_Authoritative,EMEA,https://www.enisa.europa.eu/topics/cryptography,EU cybersecurity agency PQC recommendations and threat analysis,Verified,2026-02-13,Yes,Yes,No,No,Yes,Yes,No,9,2026-05-07,Active,library,Fixed tagging: library_csv timeline_csv compliance_csv,url_authoritative,,,,2026-05-06,active,,
acsc,ACSC Australian Signals Directorate,Government,1_Authoritative,APAC,https://www.cyber.gov.au/,Australian Cyber Security Centre quantum security guidance,Verified,2025-12-15,No,Yes,No,No,Yes,Yes,No,1,2024-12-01,Active,timeline,Fixed tagging: timeline_csv compliance_csv,url_authoritative,,,,2026-05-06,active,,
cccs,CSE Canadian Centre for Cyber Security,Government,1_Authoritative,Americas,https://cyber.gc.ca/en/,Canadian cybersecurity guidance on quantum threats and PQC migration,Verified,2025-12-15,No,No,No,No,Yes,Yes,No,1,2026-05-07,Active,timeline,Fixed tagging: timeline_csv compliance_csv,url_needs_review,,,,2026-05-06,active,,
fed-reserve,Federal Reserve Economic Research,Government,2_Core,Americas,https://www.federalreserve.gov/econres/feds/,Economic and security analysis including HNDL threats to financial systems,Verified,2025-12-15,No,No,No,No,No,No,No,0,,Active,threats,Fixed tagging: timeline_csv,url_authoritative,,,,2026-05-06,active,,
ietf,IETF Datatracker,Standards_Body,1_Authoritative,Global,https://datatracker.ietf.org/,Internet protocol standards including TLS and PKI PQC specifications,Verified,2026-02-13,No,Yes,Yes,No,Yes,Yes,No,229,2026-05-07,Active,library,Fixed tagging: library_csv; primary source for PQC RFCs,url_authoritative,,,,2026-05-06,active,,
iso-iec-sc27,ISO/IEC JTC 1 SC 27,Standards_Body,1_Authoritative,Global,https://www.iso.org/committee/45306.html,International cryptography standards development,Verified,2025-12-15,No,Yes,Yes,No,No,Yes,No,3,2024-01-01,Blocked,none,Fixed tagging: library_csv; most standards paywalled,url_authoritative,,,,2026-05-06,active,,
etsi-cyber,ETSI Cyber Security,Standards_Body,1_Authoritative,EMEA,https://www.etsi.org/technologies/quantum-safe-cryptography,European telecommunications standards for quantum-safe protocols,Verified,2025-12-15,No,Yes,Yes,No,No,Yes,No,31,2026-03-25,Active,library,Fixed tagging: library_csv,url_authoritative,,,,2026-05-06,active,,
ieee-sa,IEEE Standards Association,Standards_Body,1_Authoritative,Global,https://standards.ieee.org/,Technical standards for quantum-safe implementations,Verified,2025-12-15,No,Yes,Yes,No,No,Yes,No,5,2025-01-01,Active,library,Fixed tagging: library_csv; some standards paywalled,url_authoritative,,,,2026-05-06,active,,
pki-consortium,PKI Consortium,Standards_Body,2_Core,Global,https://pkic.org/,Public key infrastructure industry coordination and PQC conferences,Verified,2025-12-15,Yes,Yes,No,No,Yes,No,No,2,2026-05-07,Active,library,,url_needs_review,,,,2026-05-06,active,,
pqcrypto-alliance,Post-Quantum Cryptography Alliance,Standards_Body,2_Core,Global,https://pqcrypto.org/,Research consortium coordinating PQC development and analysis,Verified,2025-12-15,No,No,Yes,No,No,No,No,0,,None,none,,url_authoritative,,,,2026-05-06,active,,
pqca,PQCA (Post-Quantum Cryptography Alliance),Standards_Body,2_Core,Americas,https://www.pqca.org/,Industry alliance for PQC adoption and standards harmonization,Verified,2025-12-15,No,No,Yes,No,No,No,No,0,,None,none,Fixed tagging: leaders_csv algorithm_csv,url_authoritative,,,,2026-05-06,active,,
tcg,Trusted Computing Group,Standards_Body,2_Core,Global,https://trustedcomputinggroup.org/,Hardware security standards including TPM PQC specifications,Verified,2025-12-15,No,Yes,Yes,No,Yes,Yes,No,4,2025-01-01,Blocked,library,TCG site blocks automated download,url_needs_review,,,,2026-05-06,active,,
fs-isac,FS-ISAC Financial Services,Industry_Workgroup,2_Core,Global,https://www.fs-isac.com/,Financial sector threat intelligence and PQC migration guidance,Verified,2025-12-15,No,Yes,No,Yes,No,Yes,No,2,2026-01-01,Active,threats,Fixed tagging: threats_csv,url_authoritative,,,,2026-05-06,active,,
mit-csail,MIT CSAIL Cryptography Group,Academic,3_Supporting,Americas,https://dci.mit.edu/,Post-quantum algorithm research and cryptanalysis,Verified,2025-12-15,No,Yes,Yes,No,No,No,No,0,,None,none,,url_authoritative,,,,2026-05-06,active,,
stanford-acg,Stanford Applied Crypto Group,Academic,3_Supporting,Americas,https://crypto.stanford.edu/,PQC protocol design and security analysis research,Verified,2025-12-15,No,Yes,Yes,No,No,No,No,0,,None,none,,url_authoritative,,,,2026-05-06,active,,
uwaterloo-iqc,University of Waterloo IQC,Academic,3_Supporting,Americas,https://uwaterloo.ca/institute-for-quantum-computing/,Quantum computing and post-quantum cryptography research institute,Verified,2025-12-15,No,No,Yes,No,Yes,No,No,0,,None,none,,url_needs_review,,,,2026-05-06,active,,
eth-zurich-crypto,ETH Zurich Cryptography Group,Academic,3_Supporting,EMEA,https://crypto.ethz.ch/,European PQC algorithm development and analysis,Verified,2025-12-15,No,Yes,Yes,No,No,No,No,0,,None,none,,url_needs_review,,,,2026-05-06,active,,
inria-crypto,INRIA France Cryptography,Academic,3_Supporting,EMEA,https://www.inria.fr/en,French national research institute for PQC algorithms,Verified,2025-12-15,Yes,Yes,Yes,No,No,No,No,0,,None,none,,url_needs_review,,,,2026-05-06,active,,
tue-coding,TU Eindhoven Coding Theory,Academic,3_Supporting,EMEA,https://www.tue.nl/en/research/research-groups/coding-theory-and-cryptology,Code-based and lattice-based PQC research,Verified,2025-12-15,Yes,Yes,Yes,No,No,No,No,0,,None,none,,url_authoritative,,,,2026-05-06,active,,
ku-leuven-cosic,KU Leuven COSIC,Academic,3_Supporting,EMEA,https://www.esat.kuleuven.be/cosic/,Belgian cryptography and security research center,Verified,2025-12-15,Yes,Yes,Yes,No,No,No,No,0,,None,none,,url_needs_review,,,,2026-05-06,active,,
u-toronto-sg,University of Toronto Smart Grid Security,Academic,4_Contextual,Americas,https://www.utoronto.ca/,Critical infrastructure quantum threat research,Verified,2025-12-15,No,No,No,Yes,No,No,No,0,,None,none,,url_needs_review,,,,2026-05-06,active,,
tsinghua-ql,Tsinghua University Quantum Lab,Academic,4_Contextual,APAC,https://www.tsinghua.edu.cn/en/,Chinese quantum computing and PQC research,Verified,2025-12-15,Yes,No,Yes,No,No,No,No,0,,None,none,,url_authoritative,,,,2026-05-06,active,,
nus-cqt,National University of Singapore CQT,Academic,3_Supporting,APAC,https://www.quantumlah.org/,Centre for Quantum Technologies PQC research,Verified,2025-12-15,No,No,Yes,No,No,No,No,0,,None,none,,url_needs_review,,,,2026-05-06,active,,
u-tokyo-q,University of Tokyo Quantum,Academic,4_Contextual,APAC,https://www.u-tokyo.ac.jp/en/,Japanese quantum security research programs,Verified,2025-12-15,No,No,Yes,No,No,No,No,0,,None,none,,url_needs_review,,,,2026-05-06,active,,
abi-research,ABI Research Technology Analysis,Industry_Analyst,4_Contextual,Global,https://www.abiresearch.com/,Industry technology forecasting including HSM and PQC adoption analysis,Verified,2025-12-15,No,No,No,No,No,No,No,0,,None,none,,url_needs_review,,,,2026-05-06,active,,
thales-research,Thales Data Threat Reports,Industry_Analyst,3_Supporting,Global,https://cpl.thalesgroup.com/resources,Annual cybersecurity threat assessments including quantum risks,Verified,2025-12-15,Yes,Yes,No,Yes,No,No,Yes,1,2025-06-02,Active,threats,Fixed tagging: threats_csv,url_authoritative,,,,2026-05-06,active,,
csa-cloud,Cloud Security Alliance,Industry_Workgroup,2_Core,Global,https://cloudsecurityalliance.org/,Cloud security standards including quantum-safe guidance,Verified,2025-12-15,No,No,No,Yes,No,No,No,0,,Active,threats,,url_needs_review,,,,2026-05-06,active,,
owasp,OWASP Quantum,Industry_Workgroup,2_Core,Global,https://owasp.org/,Application security guidance for quantum-safe development,Verified,2025-12-15,No,No,No,No,No,No,Yes,0,,None,none,,url_needs_review,,,,2026-05-06,active,,
lf-qsc,Linux Foundation QSC,Industry_Workgroup,3_Supporting,Global,https://www.linuxfoundation.org/,Open source quantum-safe cryptography implementations,Verified,2025-12-15,No,No,Yes,No,No,No,Yes,0,,None,none,,url_needs_review,,,,2026-05-06,active,,
oqs-project,Open Quantum Safe Project,Academic,2_Core,Global,https://openquantumsafe.org/,Open-source PQC library development and testing,Verified,2025-12-15,No,Yes,Yes,No,No,No,Yes,4,2026-01-01,Active,library,,url_authoritative,,,,2026-05-06,active,,
nist-ir,NIST IR Publications,Government,1_Authoritative,Americas,https://csrc.nist.gov/publications/search,"Implementation guidance and technical reports (IR 8413, IR 8547)",Verified,2025-12-15,No,Yes,Yes,No,No,No,No,0,,Active,library,Fixed tagging: library_csv timeline_csv,url_authoritative,,,,2026-05-06,active,,
cmvp,CMVP Cryptographic Module Validation,Government,1_Authoritative,Americas,https://csrc.nist.gov/projects/cryptographic-module-validation-program,FIPS 140-3 validation for PQC implementations,Verified,2025-12-15,No,No,Yes,No,No,Yes,Yes,0,,None,none,Fixed tagging: compliance_csv migrate_csv,url_authoritative,,,,2026-05-06,active,,
ncsc-nl,NCSC Netherlands Post-Quantum,Government,1_Authoritative,EMEA,https://www.ncsc.nl/,Dutch cybersecurity center quantum transition guidance,Verified,2025-12-15,No,Yes,No,No,Yes,Yes,No,1,2024-11-01,Active,library,Fixed tagging: library_csv timeline_csv compliance_csv,url_needs_review,,,,2026-05-06,active,,
cccs-crypto-std,CCCS Canadian Crypto Standards,Government,1_Authoritative,Americas,https://www.cyber.gc.ca/en/guidance/cryptographic-algorithms-unclassified-protected-protected-b-information-itsp40111,Canadian cryptographic algorithm guidance including PQC,Verified,2025-12-15,No,No,Yes,No,No,No,No,0,,Active,library,Fixed tagging: library_csv timeline_csv compliance_csv,url_needs_review,,,,2026-05-06,active,,
cryptrec,Japan CRYPTREC,Government,1_Authoritative,APAC,https://www.cryptrec.go.jp/en/,Japanese cryptographic standards evaluation project,Verified,2025-12-15,No,Yes,Yes,No,Yes,Yes,No,1,2026-05-07,Active,library,Fixed tagging: library_csv timeline_csv compliance_csv,url_needs_review,,,,2026-05-06,active,,
kisa,Korea KISA,Government,1_Authoritative,APAC,https://www.kisa.or.kr/eng/,Korean Internet & Security Agency PQC initiatives,Verified,2025-12-15,No,Yes,No,No,Yes,Yes,No,5,2025-01-31,Active,timeline,Fixed tagging: timeline_csv compliance_csv,url_authoritative,,,,2026-05-06,active,,
csa-singapore,Singapore CSA Cybersecurity,Government,1_Authoritative,APAC,https://www.csa.gov.sg/,Singapore Cyber Security Agency quantum readiness,Verified,2025-12-15,No,Yes,No,No,Yes,Yes,No,7,2026-05-07,Active,timeline,Fixed tagging: timeline_csv compliance_csv,url_authoritative,,,,2026-05-06,active,,
atarc,ATARC Federal Technology,Industry_Workgroup,4_Contextual,Americas,https://www.atarc.org/,Advanced Technology Academic Research Center supporting CISA PQC initiatives,Verified,2025-12-15,No,No,No,No,No,No,No,0,,None,none,,url_needs_review,,,,2026-05-06,active,,
fips-repo,FIPS Standards Repository,Government,1_Authoritative,Americas,https://csrc.nist.gov/publications/fips,Official FIPS 203/204/205/206 standards documentation,Verified,2025-12-15,No,Yes,Yes,No,No,Yes,No,0,,Active,library,Fixed tagging: library_csv compliance_csv,url_authoritative,,,,2026-05-06,active,,
arxiv-crypto,arXiv Cryptography,Academic,2_Core,Global,https://arxiv.org/list/cs.CR/recent,Pre-print repository for cutting-edge PQC research papers,Verified,2025-12-15,No,Yes,Yes,No,No,No,No,0,,None,none,,url_authoritative,,,,2026-05-06,active,,
iacr-eprint,IACR Cryptology ePrint,Academic,2_Core,Global,https://eprint.iacr.org/,International Association for Cryptologic Research preprint archive,Verified,2025-12-15,No,Yes,Yes,No,No,No,No,0,,None,none,,url_authoritative,,,,2026-05-06,active,,
bundesdruckerei,Bundesdruckerei Quantum ID,Government,2_Core,EMEA,https://www.bundesdruckerei.de/en,German government printer developing quantum-secure ID systems,Verified,2025-12-15,No,No,No,No,No,No,No,0,,Partial,timeline,Fixed tagging: timeline_csv,url_needs_review,,,,2026-05-06,active,,
qc-report,Quantum Computing Report,Industry_Analyst,4_Contextual,Global,https://quantumcomputingreport.com/,Industry news aggregator covering PQC implementations and vendor announcements,Verified,2025-12-15,No,No,No,No,No,No,No,0,,None,none,,url_needs_review,,,,2026-05-06,active,,
g7-ceg,G7 Cyber Expert Group,Government,2_Core,Global,https://home.treasury.gov/news/press-releases/sb0355,G7 CEG statement on coordinated PQC roadmap for financial sector (Jan 2026); 2035 migration target; chaired by U.S. Treasury and Bank of England,Verified,2026-02-13,No,Yes,No,Yes,Yes,Yes,No,4,2026-05-07,Active,threats,Fixed tagging: compliance_csv,url_authoritative,,,,2026-05-06,active,,
cisa-pqc-products,CISA PQC Product Categories,Government,2_Core,Americas,https://www.cisa.gov/resources-tools/resources/product-categories-technologies-use-post-quantum-cryptography-standards,Federal procurement guidance for PQC-capable products (Jan 2026); identifies product categories where PQC is widely available,Verified,2026-02-13,No,No,No,No,No,Yes,Yes,0,,None,none,Fixed tagging: compliance_csv migrate_csv,url_authoritative,,,,2026-05-06,active,,
eth-foundation,Ethereum Foundation PQC,Industry_Workgroup,3_Supporting,Global,https://ethereum.org/,Ethereum Foundation post-quantum security team (Jan 2026); dedicated PQC engineering with $2M research prizes and multi-client test networks,Verified,2026-02-13,No,Yes,Yes,Yes,Yes,No,Yes,12,2026-05-07,Active,library,Fixed tagging: timeline_csv,url_needs_review,,,,2026-05-06,active,,
ascx9,ASC X9 Financial Standards,Standards_Body,1_Authoritative,Americas,https://x9.org/,Accredited Standards Committee X9 for financial industry cryptographic and PKI standards including PQC readiness,Verified,2026-03-12,No,Yes,No,No,Yes,Yes,No,4,2025-08-05,Active,library,Added March 2026; 4 library records added; compliance entry for Finance & Banking,url_needs_review,,,,2026-05-06,active,,
ec,European Commission,Government,1_Authoritative,EMEA,https://digital-strategy.ec.europa.eu/,EU executive branch; PQC policy through eIDAS 2.0 and NIS2 directive; Horizon Europe quantum research funding,Verified,2026-03-28,No,No,No,Yes,Yes,Yes,No,0,,None,none,,url_authoritative,,,,2026-05-06,active,,
nato,NATO,Government,2_Core,Global,https://www.nato.int/,North Atlantic Treaty Organization; quantum-readiness strategy for allied defense,Verified,2026-03-28,No,No,No,Yes,Yes,No,No,0,,None,none,,url_needs_review,,,,2026-05-06,active,,
fda,U.S. Food and Drug Administration,Government,2_Core,Americas,https://www.fda.gov/,Medical device cybersecurity guidance including PQC requirements,Verified,2026-03-28,No,No,No,Yes,No,Yes,No,0,,None,none,,url_authoritative,,,,2026-05-06,active,,
fbi,Federal Bureau of Investigation,Government,2_Core,Americas,https://www.fbi.gov/,U.S. federal law enforcement; quantum threat intelligence,Verified,2026-03-28,No,No,No,Yes,No,No,No,0,,None,none,,url_authoritative,,,,2026-05-06,active,,
ftc,Federal Trade Commission,Government,2_Core,Americas,https://www.ftc.gov/,U.S. consumer protection; data security enforcement,Verified,2026-03-28,No,No,No,No,No,Yes,No,0,,None,none,,url_authoritative,,,,2026-05-06,active,,
omb,Office of Management and Budget,Government,1_Authoritative,Americas,https://www.whitehouse.gov/omb/,U.S. executive office; NSM-8 and NSM-10 mandating federal agency PQC migration,Verified,2026-03-28,No,No,No,No,Yes,Yes,No,0,,None,none,,url_authoritative,,,,2026-05-06,active,,
us-congress,United States Congress,Government,1_Authoritative,Americas,https://www.congress.gov/,U.S. legislature; Quantum Computing Cybersecurity Preparedness Act,Verified,2026-03-28,No,No,No,No,Yes,Yes,No,0,,None,none,,url_authoritative,,,,2026-05-06,active,,
us-treasury,U.S. Department of the Treasury,Government,2_Core,Americas,https://home.treasury.gov/,G7 CEG financial sector quantum risk assessment and PQC migration guidance,Verified,2026-03-28,No,No,No,Yes,Yes,Yes,No,0,,None,none,,url_authoritative,,,,2026-05-06,active,,
disa,Defense Information Systems Agency,Government,2_Core,Americas,https://www.disa.mil/,DoD information systems; CNSA 2.0 implementation for defense networks,Verified,2026-03-28,No,No,No,No,Yes,No,No,0,,None,none,,url_authoritative,,,,2026-05-06,active,,
hkma,Hong Kong Monetary Authority,Government,2_Core,APAC,https://www.hkma.gov.hk/,Hong Kong central banking; financial sector PQC readiness guidance,Verified,2026-03-28,No,No,No,Yes,Yes,Yes,No,0,,None,none,,url_authoritative,,,,2026-05-06,active,,
boe,Bank of England,Government,2_Core,EMEA,https://www.bankofengland.co.uk/,UK central bank; CMORG quantum risk assessment for financial infrastructure,Verified,2026-03-28,No,No,No,Yes,Yes,Yes,No,0,,None,none,,url_needs_review,,,,2026-05-06,active,,
bdf,Banque de France,Government,2_Core,EMEA,https://www.banque-france.fr/,French central bank; Project Leap quantum-safe cross-border payments,Verified,2026-03-28,No,No,No,Yes,Yes,No,No,0,,None,none,,url_needs_review,,,,2026-05-06,active,,
bundesbank,Deutsche Bundesbank,Government,2_Core,EMEA,https://www.bundesbank.de/,German central bank; quantum-safe financial infrastructure research,Verified,2026-03-28,No,No,No,No,Yes,No,No,0,,None,none,,url_needs_review,,,,2026-05-06,active,,
nukib,NUKIB Czech Republic,Government,2_Core,EMEA,https://www.nukib.cz/,Czech National Cyber and Information Security Agency; PQC migration guidance,Verified,2026-03-28,No,No,No,No,Yes,Yes,No,0,,None,none,,url_needs_review,,,,2026-05-06,active,,
nlncsa,NLNCSA Netherlands,Government,2_Core,EMEA,https://www.ncsc.nl/,Netherlands National Communication Security Agency; PQC transition,Verified,2026-03-28,No,No,No,No,Yes,No,No,0,,None,none,,url_needs_review,,,,2026-05-06,active,,
sncsa-sweden,Swedish NCSA,Government,2_Core,EMEA,https://www.msb.se/,Swedish National Communication Security Authority; PQC policy,Verified,2026-03-28,No,No,No,No,Yes,No,No,0,,None,none,,url_needs_review,,,,2026-05-06,active,,
bahrain-ncsc,Bahrain NCSC,Government,3_Supporting,EMEA,https://www.ncea.gov.bh/,Bahrain National Cyber Security Centre; Gulf region PQC readiness,Verified,2026-03-28,No,No,No,No,Yes,No,No,0,,None,none,,url_authoritative,,,,2026-05-06,active,,
saudi-nca,Saudi NCA,Government,2_Core,EMEA,https://nca.gov.sa/,Saudi National Cybersecurity Authority; national PQC strategy,Verified,2026-03-28,No,No,No,No,Yes,No,No,0,,None,none,,url_authoritative,,,,2026-05-06,active,,
uae-csc,UAE Cybersecurity Council,Government,2_Core,EMEA,https://www.csc.gov.ae/,UAE Cybersecurity Council; quantum-safe strategy,Verified,2026-03-28,No,No,No,No,Yes,No,No,0,,None,none,,url_authoritative,,,,2026-05-06,active,,
desc-dubai,Dubai Electronic Security Center,Government,3_Supporting,EMEA,https://www.desc.gov.ae/,Dubai Electronic Security Center; regional cybersecurity standards,Verified,2026-03-28,No,No,No,No,Yes,No,No,0,,None,none,,url_authoritative,,,,2026-05-06,active,,
incd-israel,Israel National Cyber Directorate,Government,2_Core,EMEA,https://www.gov.il/en/departments/israel_national_cyber_directorate/,Israel INCD; national PQC strategy and critical infrastructure protection,Verified,2026-03-28,No,No,No,No,Yes,No,No,0,,None,none,,url_authoritative,,,,2026-05-06,active,,
cert-in,CERT-In India,Government,2_Core,APAC,https://www.cert-in.org.in/,Indian Computer Emergency Response Team; cybersecurity advisories,Verified,2026-03-28,No,No,No,No,Yes,No,No,0,,None,none,,url_needs_review,,,,2026-05-06,active,,
nacsa-malaysia,NACSA Malaysia,Government,2_Core,APAC,https://www.nacsa.gov.my/,Malaysia National Cyber Security Agency; regional PQC coordination,Verified,2026-03-28,No,No,No,No,Yes,No,No,0,,None,none,,url_authoritative,,,,2026-05-06,active,,
imda-singapore,IMDA Singapore,Government,2_Core,APAC,https://www.imda.gov.sg/,Singapore Infocomm Media Development Authority; digital infrastructure PQC,Verified,2026-03-28,No,No,No,No,Yes,No,No,0,,None,none,,url_authoritative,,,,2026-05-06,active,,
oasis,OASIS,Standards_Body,2_Core,Global,https://www.oasis-open.org/,Organization for Structured Information Standards; PKCS#11 v3.2 and KMIP PQC,Verified,2026-03-28,No,Yes,No,No,No,Yes,No,0,,None,none,,url_needs_review,,,,2026-05-06,active,,
pci-ssc,PCI Security Standards Council,Standards_Body,2_Core,Global,https://www.pcisecuritystandards.org/,Payment Card Industry security standards; PCI DSS v4.0.1 crypto requirements,Verified,2026-03-28,No,No,No,Yes,No,Yes,No,0,,None,none,,url_needs_review,,,,2026-05-06,active,,
emvco,EMVCo,Standards_Body,2_Core,Global,https://www.emvco.com/,EMV payment standards body; quantum-safe payment card specifications,Verified,2026-03-28,No,No,No,Yes,No,Yes,No,0,,None,none,,url_needs_review,,,,2026-05-06,active,,
swift,SWIFT,Standards_Body,2_Core,Global,https://www.swift.com/,Society for Worldwide Interbank Financial Telecommunication; quantum-safe messaging,Verified,2026-03-28,No,No,No,Yes,No,Yes,No,0,,None,none,,url_authoritative,,,,2026-05-06,active,,
fido-alliance,FIDO Alliance,Standards_Body,2_Core,Global,https://fidoalliance.org/,Fast Identity Online standards; PQC roadmap for FIDO2/WebAuthn,Verified,2026-03-28,No,No,No,No,No,Yes,No,0,,None,none,,url_needs_review,,,,2026-05-06,active,,
gsma,GSMA,Standards_Body,2_Core,Global,https://www.gsma.com/,GSM Association; Post-Quantum Telco Network Taskforce and eSIM PQC specification,Verified,2026-03-28,No,No,No,Yes,No,Yes,No,0,,None,none,,url_needs_review,,,,2026-05-06,active,,
iec,International Electrotechnical Commission,Standards_Body,2_Core,Global,https://www.iec.ch/,IEC standards including IEC 62443 industrial automation and IEC 62351 power systems,Verified,2026-03-28,No,No,No,Yes,No,Yes,No,0,,None,none,,url_needs_review,,,,2026-05-06,active,,
ansi,American National Standards Institute,Standards_Body,3_Supporting,Americas,https://www.ansi.org/,U.S. national standards body; coordinates INCITS and X9 PQC standardization,Verified,2026-03-28,No,No,No,No,No,Yes,No,0,,None,none,,url_needs_review,,,,2026-05-06,active,,
unece,UNECE,Standards_Body,2_Core,Global,https://unece.org/,UN Economic Commission for Europe; WP.29 vehicle cybersecurity regulations,Verified,2026-03-28,No,No,No,Yes,No,Yes,No,0,,None,none,,url_needs_review,,,,2026-05-06,active,,
rtca,RTCA,Standards_Body,3_Supporting,Americas,https://www.rtca.org/,Radio Technical Commission for Aeronautics; DO-326A airworthiness cybersecurity,Verified,2026-03-28,No,No,No,Yes,No,Yes,No,0,,None,none,,url_authoritative,,,,2026-05-06,active,,
openssf,OpenSSF,Standards_Body,3_Supporting,Global,https://openssf.org/,Open Source Security Foundation; SLSA supply chain security framework,Verified,2026-03-28,No,No,No,No,No,Yes,No,0,,None,none,,url_needs_review,,,,2026-05-06,active,,
google,Google,Industry_Workgroup,2_Core,Global,https://cloud.google.com/security/encryption-in-transit,Chrome ML-KEM deployment; Cloud KMS PQC; Android PQC; Tink crypto library,Verified,2026-03-28,Yes,No,Yes,No,Yes,No,Yes,0,,None,none,,url_authoritative,,,,2026-05-06,active,,
microsoft,Microsoft,Industry_Workgroup,2_Core,Global,https://www.microsoft.com/en-us/security/,SymCrypt PQC; Windows Server PQC; Azure Key Vault; CNSA 2.0 target 2029,Verified,2026-03-28,Yes,No,Yes,No,Yes,No,Yes,0,,None,none,,url_needs_review,,,,2026-05-06,active,,
cloudflare,Cloudflare,Industry_Workgroup,3_Supporting,Global,https://www.cloudflare.com/,Early ML-KEM TLS deployment; PQC research and performance data,Verified,2026-03-28,Yes,No,Yes,No,Yes,No,No,0,,None,none,,url_needs_review,,,,2026-05-06,active,,
digicert,DigiCert,Industry_Workgroup,3_Supporting,Global,https://www.digicert.com/,PKI certificate authority; PQC certificate issuance and hybrid support,Verified,2026-03-28,Yes,No,No,No,No,No,Yes,0,,None,none,,url_needs_review,,,,2026-05-06,active,,
entrust,Entrust,Industry_Workgroup,3_Supporting,Global,https://www.entrust.com/,PKI and HSM vendor; PQC certificate solutions and nShield HSM PQC,Verified,2026-03-28,Yes,No,No,No,No,No,Yes,0,,None,none,,url_authoritative,,,,2026-05-06,active,,
keyfactor,Keyfactor,Industry_Workgroup,3_Supporting,Global,https://www.keyfactor.com/,PKI certificate lifecycle management; AgileSec crypto discovery and PQC tools,Verified,2026-03-28,Yes,No,No,No,No,No,Yes,0,,None,none,,url_needs_review,,,,2026-05-06,active,,
ntt-research,NTT Research,Academic,3_Supporting,APAC,https://ntt-research.com/,Japanese research lab; cryptographic protocol research and PQC studies,Verified,2026-03-28,No,No,Yes,No,No,No,No,0,,None,none,,url_needs_review,,,,2026-05-06,active,,
hhs,U.S. Dept of Health and Human Services (OCR),Government,1_Authoritative,North_America,https://www.hhs.gov/hipaa,HIPAA Security Rule enforcement; ePHI cryptographic controls,Verified,2026-03-28,No,No,No,Yes,No,Yes,No,0,,None,none,,url_authoritative,,,,2026-05-06,active,,
bis,Bank for International Settlements,Standards_Body,1_Authoritative,Global,https://www.bis.org/,BIS Project Leap Phase 2 — quantum-safe financial infrastructure,Verified,2026-03-28,Yes,No,No,Yes,No,Yes,No,0,,None,none,,url_needs_review,,,,2026-05-06,active,,
icao,International Civil Aviation Organization,Standards_Body,1_Authoritative,Global,https://www.icao.int/,ICAO Assembly Resolution A41-19; quantum-safe aviation cryptography,Verified,2026-03-28,No,No,No,Yes,No,No,No,0,,None,none,,url_authoritative,,,,2026-05-06,active,,
nrc,U.S. Nuclear Regulatory Commission,Government,1_Authoritative,North_America,https://www.nrc.gov/,10 CFR 73.54 cybersecurity requirements for nuclear facilities,Verified,2026-03-28,No,No,No,Yes,No,No,No,0,,None,none,,url_authoritative,,,,2026-05-06,active,,
era-rail,European Union Agency for Railways (ERA),Government,1_Authoritative,Europe,https://www.era.europa.eu/,EN 50159 railway communication security; PQC for rail systems,Verified,2026-03-28,No,No,No,Yes,No,No,No,0,,None,none,,url_authoritative,,,,2026-05-06,active,,
imo,International Maritime Organization,Standards_Body,1_Authoritative,Global,https://www.imo.org/,Maritime cyber risk management guidelines; quantum threat to shipping,Verified,2026-03-28,No,No,No,Yes,No,No,No,0,,None,none,,url_needs_review,,,,2026-05-06,active,,
wco,World Customs Organization,Standards_Body,1_Authoritative,Global,https://www.wcoomd.org/,WCO SAFE Framework of Standards; customs supply chain cryptography,Verified,2026-03-28,No,No,No,Yes,No,No,No,0,,None,none,,url_needs_review,,,,2026-05-06,active,,
nerc,North American Electric Reliability Corporation,Standards_Body,2_Core,North_America,https://www.nerc.com/,NERC CIP critical infrastructure protection standards for bulk power,Verified,2026-03-28,No,No,No,No,No,Yes,No,0,,None,none,,url_needs_review,,,,2026-05-06,active,,
gs1,GS1 (Global Standards One),Standards_Body,2_Core,Global,https://www.gs1.org/,"GS1 Global Standards for retail, supply chain, and healthcare barcoding",Verified,2026-03-28,No,No,No,Yes,No,No,No,0,,None,none,,url_needs_review,,,,2026-05-06,active,,
naic,National Association of Insurance Commissioners,Standards_Body,2_Core,North_America,https://www.naic.org/,NAIC Model Law MDL-668; insurance data security requirements,Verified,2026-03-28,No,No,No,Yes,No,No,No,0,,None,none,,url_needs_review,,,,2026-05-06,active,,
nydfs,New York Dept of Financial Services,Government,2_Core,North_America,https://www.dfs.ny.gov/,23 NYCRR 500 cybersecurity regulation for financial services,Verified,2026-03-28,No,No,No,Yes,No,No,No,0,,None,none,,url_authoritative,,,,2026-05-06,active,,
dcsa,Digital Container Shipping Association,Standards_Body,2_Core,Global,https://dcsa.org/,DCSA Electronic Bill of Lading standards; maritime digital security,Verified,2026-03-28,No,No,No,Yes,No,No,No,0,,None,none,,url_needs_review,,,,2026-05-06,active,,
awwa,American Water Works Association,Standards_Body,3_Supporting,North_America,https://www.awwa.org/,AWWA cybersecurity guidance for water utilities; critical infrastructure PQC,Verified,2026-03-28,No,No,No,Yes,No,No,No,0,,None,none,,url_needs_review,,,,2026-05-06,active,,
gri,Global Risk Institute,Academic,3_Supporting,Global,https://globalriskinstitute.org/,Global Risk Institute Quantum Threat Timeline; annual CRQC probability assessment,Verified,2026-03-28,No,No,No,Yes,No,No,No,0,,None,none,,url_needs_review,,,,2026-05-06,active,,
u-toronto,University of Toronto (Smart Grid Security Lab),Academic,3_Supporting,North_America,https://ece.utoronto.ca/,Smart grid security research; quantum threat analysis for energy infrastructure,Verified,2026-03-28,Yes,No,No,Yes,No,No,No,0,,None,none,,url_needs_review,,,,2026-05-06,active,,
tu-darmstadt,TU Darmstadt (CROSSING / ENCRYPTO),Academic,3_Supporting,Europe,https://www.tu-darmstadt.de/,CROSSING excellence cluster; secure and trustworthy IT; PQC algorithm co-authors,Verified,2026-03-28,Yes,No,No,No,No,No,No,0,,None,none,,url_needs_review,,,,2026-05-06,active,,
cwi-amsterdam,CWI Amsterdam (Centrum Wiskunde & Informatica),Academic,2_Core,Europe,https://www.cwi.nl/,Dutch national research institute for mathematics and computer science; PQC research,Verified,2026-03-28,Yes,No,No,No,No,No,No,0,,None,none,,url_needs_review,,,,2026-05-06,active,,
amazon-aws,Amazon Web Services,Industry_Workgroup,3_Supporting,Global,https://aws.amazon.com/,"AWS KMS, CloudHSM, IAM — FIPS 140-3 validated cloud key management and HSM services",Verified,2026-03-28,No,No,No,No,No,No,Yes,0,,None,none,,url_authoritative,,,,2026-05-06,active,,
apple,Apple Inc.,Industry_Workgroup,3_Supporting,Global,https://developer.apple.com/,Apple Security; iMessage PQ3 ML-KEM deployment; iOS/macOS cryptographic frameworks,Verified,2026-03-28,No,No,No,No,No,No,Yes,0,,None,none,,url_needs_review,,,,2026-05-06,active,,
cisco-systems,Cisco Systems,Industry_Workgroup,3_Supporting,Global,https://www.cisco.com/,"Network infrastructure PQC; IOS-XE, ASA, ISE — ML-KEM and hybrid TLS deployment",Verified,2026-03-28,No,No,No,No,No,No,Yes,0,,None,none,,url_needs_review,,,,2026-05-06,active,,
openssl-project,OpenSSL Project,Industry_Workgroup,2_Core,Global,https://www.openssl.org/,"OpenSSL 3.x PQC integration; OQS Provider for ML-KEM, ML-DSA, SLH-DSA support",Verified,2026-03-28,No,No,No,Yes,No,No,Yes,0,,None,none,,url_needs_review,,,,2026-05-06,active,,
wolfssl,wolfSSL,Industry_Workgroup,3_Supporting,Global,https://www.wolfssl.com/,Embedded TLS library with FIPS 140-3 validation and PQC algorithm support,Verified,2026-03-28,No,No,No,No,No,No,Yes,0,,None,none,,url_needs_review,,,,2026-05-06,active,,
bouncy-castle,Bouncy Castle (Legion of the Bouncy Castle),Industry_Workgroup,3_Supporting,Global,https://www.bouncycastle.org/,Open-source Java/.NET crypto library; comprehensive PQC implementation since 2023,Verified,2026-03-28,No,No,No,No,No,No,Yes,0,,None,none,,url_needs_review,,,,2026-05-06,active,,
fortinet,Fortinet,Industry_Workgroup,3_Supporting,Global,https://www.fortinet.com/,FortiGate next-gen firewall; PQC-ready VPN and network security products,Verified,2026-03-28,No,No,No,No,No,No,Yes,0,,None,none,,url_needs_review,,,,2026-05-06,active,,
palo-alto,Palo Alto Networks,Industry_Workgroup,3_Supporting,Global,https://www.paloaltonetworks.com/,SASE and NGFW with PQC-ready encryption; GlobalProtect VPN and Prisma SASE,Verified,2026-03-28,No,No,No,No,No,No,Yes,0,,None,none,,url_needs_review,,,,2026-05-06,active,,
juniper-networks,Juniper Networks,Industry_Workgroup,3_Supporting,Global,https://www.juniper.net/,Enterprise routing and security; SRX series with post-quantum encryption roadmap,Verified,2026-03-28,No,No,No,No,No,No,Yes,0,,None,none,,url_needs_review,,,,2026-05-06,active,,
nokia,Nokia,Industry_Workgroup,3_Supporting,Global,https://www.nokia.com/,5G network security and PQC readiness; quantum-safe transport networks,Verified,2026-03-28,No,No,No,No,No,No,Yes,0,,None,none,,url_needs_review,,,,2026-05-06,active,,
oracle,Oracle Corporation,Industry_Workgroup,3_Supporting,Global,https://www.oracle.com/,Oracle Database 26ai PQC encryption; Oracle Key Vault; Java 24+ PQC APIs,Verified,2026-03-28,No,No,No,No,No,No,Yes,0,,None,none,,url_needs_review,,,,2026-05-06,active,,
red-hat,Red Hat (IBM),Industry_Workgroup,3_Supporting,Global,https://www.redhat.com/,RHEL crypto policies; OpenShift and Fedora PQC-ready packages and OpenSSL integration,Verified,2026-03-28,No,No,No,No,No,No,Yes,0,,None,none,"
",url_needs_review,,,,2026-05-06,active,,
iccs-china,ICCS China,Standards_Body,2_Core,APAC,https://www.gmbz.org.cn/,Institute of Commercial Cryptography Standards; sector-specific body for commercial cryptography standardization in China (GMBZ standards),Verified,2026-03-28,No,Yes,No,No,No,No,No,0,,None,none,,url_authoritative,,,,2026-05-06,active,,
secg,Standards for Efficient Cryptography Group (SECG),Industry_Workgroup,2_Core,Global,https://www.secg.org/,Industry consortium developing elliptic curve cryptography standards; authored SEC 1 and SEC 2 including secp256k1 and secp256r1,Verified,2026-03-28,No,Yes,Yes,No,No,No,No,0,,None,none,,url_needs_review,,,,2026-05-06,active,,
wef,World Economic Forum (WEF),Industry_Analyst,2_Core,Global,https://www.weforum.org/,"Global multi-stakeholder platform; publishes PQC policy frameworks, quantum security leadership reports, and migration guidance",Verified,2026-03-28,Yes,Yes,No,No,No,No,No,0,,Blocked,none,WEF blocks automated downloads (403),url_needs_review,,,,2026-05-06,active,,
bitcoin-core,Bitcoin Core,Industry_Workgroup,2_Core,Global,https://bitcoin.org/,Open-source Bitcoin implementation and BIP repository; governs Bitcoin cryptographic standards including HD wallets and Schnorr signatures,Verified,2026-03-28,No,Yes,No,No,No,No,No,0,,None,none,,url_needs_review,,,,2026-05-06,active,,
satoshilabs,SatoshiLabs,Industry_Workgroup,3_Supporting,EMEA,https://satoshilabs.com/,Creator of Trezor hardware wallet; authors SLIP (SatoshiLabs Improvement Proposals) including SLIP-0010 key derivation from master seed,Verified,2026-03-28,No,Yes,No,No,No,No,No,0,,None,none,,url_needs_review,,,,2026-05-06,active,,
rosenpass,Rosenpass e.V.,Industry_Workgroup,3_Supporting,EMEA,https://rosenpass.eu/,German non-profit developing the Rosenpass post-quantum VPN protocol combining WireGuard with ML-KEM for hybrid quantum-safe tunnels,Verified,2026-03-28,No,Yes,No,No,No,No,No,0,,None,none,,url_needs_review,,,,2026-05-06,active,,
radboud-university,Radboud University,Academic,3_Supporting,EMEA,https://www.ru.nl/,Dutch research university with strong cryptographic research including PQC implementation analysis and side-channel security,Verified,2026-03-28,No,Yes,No,No,No,No,No,0,,None,none,,url_needs_review,,,,2026-05-06,active,,
federal-reserve,Federal Reserve,Government,1_Authoritative,Americas,https://www.federalreserve.gov/,US central banking system; issues financial stability guidance including HNDL (Harvest Now Decrypt Later) threat analysis,Verified,2026-03-28,No,Yes,No,Yes,No,No,No,0,,None,none,,url_authoritative,,,,2026-05-06,active,,
geneva-association,The Geneva Association,Industry_Analyst,3_Supporting,Global,https://www.genevaassociation.org/,Global insurance industry think tank; publishes systemic cyber risk research including quantum threat analysis for the insurance sector,Verified,2026-03-28,No,Yes,No,Yes,No,No,No,0,,None,none,,url_needs_review,,,,2026-05-06,active,,
ccss,Cryptocurrency Security Standard (CCSS),Industry_Workgroup,3_Supporting,Global,https://cryptoconsortium.org/standards/CCSS/,Open standard for securing cryptocurrency operations; maintained by the CryptoCurrency Certification Consortium (C4),Verified,2026-03-28,No,No,No,Yes,No,No,No,0,,None,none,,url_needs_review,,,,2026-05-06,active,,
aacs,AACS Licensing Administrator (AACS LA),Industry_Workgroup,3_Supporting,Global,https://www.aacsla.com/,Advanced Access Content System Licensing Administrator; defines content protection key management for Blu-ray and HD media formats,Verified,2026-03-28,No,No,No,Yes,No,No,No,0,,None,none,,url_needs_review,,,,2026-05-06,active,,
dvb-project,DVB Project,Industry_Workgroup,3_Supporting,EMEA,https://www.dvb.org/,Digital Video Broadcasting consortium; defines conditional access and security standards for digital television broadcast systems,Verified,2026-03-28,No,No,No,Yes,No,No,No,0,,None,none,,url_needs_review,,,,2026-05-06,active,,
forescout,Forescout Technologies,Industry_Analyst,3_Supporting,Americas,https://www.forescout.com/,Cybersecurity company; publishes device risk research including cryptographic exposure analysis in IoT and OT environments,Verified,2026-03-28,No,No,No,Yes,No,No,No,0,,None,none,,url_needs_review,,,,2026-05-06,active,,
gip-acyma,GIP ACYMA,Government,2_Core,EMEA,https://www.cybermalveillance.gouv.fr/,French national cyber awareness platform (Groupement Intérêt Public); coordinated by ANSSI; Dr. Jérôme Notin is executive director,Verified,2026-03-28,Yes,No,No,No,No,No,No,0,,None,none,,url_needs_review,,,,2026-05-06,active,,
secom,SECOM CO. LTD.,Industry_Workgroup,3_Supporting,APAC,https://www.secom.co.jp/,Major Japanese security services company; active in PQC research and security infrastructure; Tadahiko Ito is PQC researcher,Verified,2026-03-28,Yes,No,No,No,No,No,No,0,,None,none,,url_needs_review,,,,2026-05-06,active,,
pqstation,PQStation,Industry_Workgroup,4_Contextual,Global,https://pqstation.com/,Early-stage PQC startup providing post-quantum cryptography solutions,Verified,2026-05-06,Yes,No,No,No,No,No,No,0,,None,none,[Resolved 2026-05-06: verification_status updated from Pending to Verified],url_needs_review,,,,2026-05-06,active,,
aicpa,AICPA,Industry_Workgroup,2_Core,Americas,https://www.aicpa-cima.com/,American Institute of CPAs; issues SOC 2 and related assurance frameworks for service organizations and cloud providers,Verified,2026-03-28,No,No,No,No,No,Yes,No,0,,None,none,,url_needs_review,,,,2026-05-06,active,,
tbs-canada,Treasury Board of Canada Secretariat (TBS),Government,2_Core,Americas,https://www.tbs-sct.gc.ca/,Canadian federal body for digital and security policy; issues SPIN (Security and Privacy Notices) on cryptographic transitions and quantum readiness,Verified,2026-03-28,No,No,No,No,Yes,No,No,0,,None,none,,url_needs_review,,,,2026-05-06,active,,
china-telecom,China Telecom,Industry_Workgroup,3_Supporting,APAC,https://www.chinatelecom.com.cn/,Major Chinese state-owned telecommunications operator; deploying hybrid quantum-safe network infrastructure at scale,Verified,2026-03-28,No,No,No,No,Yes,No,No,0,,None,none,,url_needs_review,,,,2026-05-06,active,,
hk-legco,Hong Kong Legislative Council (LegCo),Government,2_Core,APAC,https://www.legco.gov.hk/,Hong Kong legislature; enacted Critical Infrastructure Cybersecurity Ordinance establishing cybersecurity requirements for essential services,Verified,2026-03-28,No,No,No,No,Yes,No,No,0,,None,none,,url_authoritative,,,,2026-05-06,active,,
c4ir-saudi,C4IR Saudi Arabia,Industry_Workgroup,3_Supporting,EMEA,https://www.c4irsaudiarabia.org/,WEF-affiliated Centre for the Fourth Industrial Revolution in Saudi Arabia; promotes quantum computing development and technology governance,Verified,2026-03-28,No,No,No,No,Yes,No,No,0,,None,none,,url_needs_review,,,,2026-05-06,active,,
pasqal,Pasqal,Industry_Workgroup,3_Supporting,EMEA,https://www.pasqal.com/,French quantum computing company building neutral-atom quantum processors; partnered with Aramco to deploy first quantum computer in Saudi Arabia,Verified,2026-03-28,No,No,No,No,Yes,No,No,0,,None,none,,url_needs_review,,,,2026-05-06,active,,
mozilla,Mozilla Foundation,Vendor,2_Core,Americas,https://www.mozilla.org/,"Developer of Firefox, Thunderbird, and NSS (Network Security Services). Firefox 124+ implements ML-KEM-768 hybrid TLS 1.3 PQC by default. NSS library underpins all Mozilla products and is the authoritative PQC TLS implementation for the Mozilla ecosystem.",Verified,2026-03-28,No,No,No,No,No,No,Yes,0,,Partial,products,Firefox and NSS in migrate catalog. QUBIP project deliverable and KhanNoumanAli PQC paper on file.,url_needs_review,,,,2026-05-06,active,,
sap,SAP SE,Vendor,3_Supporting,EMEA,https://www.sap.com/,"Enterprise software vendor. SAP Cryptographic Library 8.6 introduces ML-KEM (X25519MLKEM768) hybrid TLS key agreement across SAP ABAP, HANA, and cloud services. Community announcement: community.sap.com.",Verified,2026-03-28,No,No,No,No,No,No,Yes,0,,Partial,products,SAP Cryptographic Library in migrate catalog. SAP Community blog post on file.,url_needs_review,,,,2026-05-06,active,,
strongswan,strongSwan Project,Open Source Project,3_Supporting,EMEA,https://strongswan.org/,"Open-source IKEv2/IPsec reference VPN implementation widely deployed in enterprise and government networks. Implements ML-KEM hybrid key exchange and ML-DSA authentication in IKEv2 per FIPS 203/204. Maintained by HSR University of Applied Sciences Rapperswil, Switzerland.",Verified,2026-03-28,No,No,No,No,No,No,Yes,0,,Partial,products,strongSwan in migrate catalog. strongswanpqc.pdf and hybrid IPsec paper on file.,url_needs_review,,,,2026-05-06,active,,
openssh,OpenSSH Project,Open Source Project,2_Core,Global,https://openssh.com/,Reference SSH implementation maintained by the OpenBSD project. OpenSSH 9.0+ defaults to hybrid PQC key exchange (sntrup761x25519-sha512); 9.9 adds ML-KEM-768 hybrid (mlkem768x25519-sha256). Most widely deployed SSH implementation globally.,Verified,2026-03-28,No,No,No,No,No,No,Yes,0,,Partial,products,"OpenSSH in migrate catalog. openssh-pqc-2025-684.pdf, stebila paper, and OpenSSH PQC page on file.",url_needs_review,,,,2026-05-06,active,,
ericsson,Ericsson,Vendor,2_Core,Global,https://www.ericsson.com/en/security/quantum-safe-networks,Global telecom equipment vendor. Ericsson Quantum-Safe 5G roadmap targets 3GPP Rel-20/21 PQC integration. Quantum-safe networks architecture published at ericsson.com.,Verified,2026-03-28,No,No,No,No,No,No,Yes,0,,Pending,products,Ericsson Quantum-Safe 5G in migrate catalog. No local docs yet.,url_needs_review,,,,2026-05-06,active,,
github,GitHub,Code Repository,4_Contextual,Global,https://github.com,"Open-source code hosting platform; home to key PQC libraries including PQClean, liboqs forks, and IETF reference implementations",Verified,2026-03-31,No,Yes,No,No,No,No,No,0,,None,none,,url_authoritative,,,,2026-05-06,active,,
itu,ITU-T,Standards Body,2_Core,Global,https://www.itu.int/en/ITU-T/,International Telecommunication Union – Telecommunication Standardization Sector; develops X.1811 and related quantum-safe communication standards,Verified,2026-03-31,No,Yes,No,No,No,No,No,0,,None,none,,url_needs_review,,,,2026-05-06,active,,
intel,Intel Corporation,Industry,3_Supporting,Americas,https://www.intel.com/content/www/us/en/research/quantum-computing.html,Intel Labs quantum computing and post-quantum cryptography research; contributor to NIST PQC standardization and hardware acceleration,Verified,2026-03-31,No,Yes,No,No,No,No,No,0,,None,none,,url_needs_review,,,,2026-05-06,active,,
uefi-forum,UEFI Forum,Standards Body,3_Supporting,Global,https://uefi.org,Unified Extensible Firmware Interface Forum; maintains UEFI Secure Boot specifications with PQC signature migration requirements,Verified,2026-03-31,No,Yes,No,No,No,No,No,0,,None,none,,url_needs_review,,,,2026-05-06,active,,
signal,Signal Foundation,Industry,3_Supporting,Americas,https://signal.org/blog/pqxdh/,"Signal Foundation; developed and deployed PQXDH (Post-Quantum Extended Diffie-Hellman) for the Signal Protocol, first widely deployed PQC messaging upgrade",Verified,2026-03-31,No,Yes,No,No,No,No,No,0,,None,none,,url_needs_review,,,,2026-05-06,active,,
btq,BTQ Technologies Corp,Industry,4_Contextual,Americas,https://www.btq.com,Blockchain security company focused on PQC migration for distributed ledger systems; develops post-quantum consensus and signature schemes for blockchain,Verified,2026-03-31,No,Yes,No,No,No,No,No,0,,None,none,,url_needs_review,,,,2026-05-06,active,,
algorand,Algorand Foundation,Industry,4_Contextual,Global,https://algorand.com,Algorand blockchain protocol; actively developing PQC migration path for consensus and signature schemes on a live public blockchain network,Verified,2026-03-31,No,Yes,No,No,No,No,No,0,,None,none,,url_needs_review,,,,2026-05-06,active,,
idemia,IDEMIA,Industry,3_Supporting,EMEA,https://www.idemia.com,"Identity and security technology provider; develops PQC-ready identity documents, smart cards, and authentication hardware with government and banking deployments",Verified,2026-03-31,No,Yes,No,No,No,No,No,0,,None,none,,url_needs_review,,,,2026-05-06,active,,
infineon,Infineon Technologies,Industry,3_Supporting,EMEA,https://www.infineon.com/cms/en/discoveries/post-quantum-cryptography/,"Semiconductor manufacturer; produces PQC-capable security chips (OPTIGA™, SLx 9670) and contributes to NIST PQC standardization hardware validation",Verified,2026-03-31,No,Yes,No,No,No,No,No,0,,None,none,,url_authoritative,,,,2026-05-06,active,,
ciena,Ciena Corporation,Industry,3_Supporting,Americas,https://www.ciena.com,Optical networking company; deploying PQC in WaveLogic optical transport systems and developing quantum-safe key management for carrier networks,Verified,2026-03-31,No,Yes,No,No,No,No,No,0,,None,none,,url_needs_review,,,,2026-05-06,active,,
adva,Adtran Networks (formerly ADVA),Industry,3_Supporting,EMEA,https://www.adtran.com,Optical transport and edge networking company; shipping PQC-enabled FSP 3000 CloudConnect with QKD and hybrid PQC integration for carrier networks,Verified,2026-03-31,No,Yes,No,No,No,No,No,0,,None,none,,url_needs_review,,,,2026-05-06,active,,
mitre,MITRE Corporation,Industry,2_Core,Americas,https://pqc-coalition.org,"MITRE Corporation; leads the PQC Coalition — a multi-sector cooperative advancing quantum-safe migration guidance, interoperability testing, and sector-specific transition plans for critical infrastructure",Verified,2026-03-31,No,Yes,No,No,No,No,No,0,,None,none,,url_needs_review,,,,2026-05-06,active,,
etsi,ETSI — European Telecommunications Standards Institute,Standards_Body,1_Authoritative,Europe,https://www.etsi.org,"European standards body for telecommunications and cybersecurity, including ETSI TC CYBER PQC work.",Verified,2026-05-06,No,Yes,Yes,Yes,Yes,Yes,No,0,,None,none,"Added 2026-05-06: orphaned ID found in library, timeline, quantum_threats files.",url_authoritative,,,,2026-05-06,active,,
w3c,World Wide Web Consortium (W3C),Standards_Body,2_Core,Global,https://www.w3.org,International standards body for web technologies including WebCrypto API and related quantum-safe transition work.,Verified,2026-05-06,No,Yes,No,Yes,No,No,No,0,,None,none,"Added 2026-05-06: orphaned ID found in library, quantum_threats files.",url_needs_review,,,,2026-05-06,active,,
nzism,New Zealand Information Security Manual (NZISM),Government,1_Authoritative,Asia-Pacific,https://www.nzism.gcsb.govt.nz,New Zealand government information security manual published by GCSB. Covers PQC migration guidance for NZ government agencies.,Verified,2026-05-06,No,Yes,No,No,Yes,No,No,0,,None,none,"Added 2026-05-06: orphaned ID found in library, timeline files.",url_authoritative,,,,2026-05-06,active,,
sectigo,Sectigo,Industry_Vendor,3_Supporting,Americas,https://www.sectigo.com,Certificate authority and PKI vendor with PQC certificate issuance and hybrid certificate research publications.,Verified,2026-05-06,No,Yes,No,No,No,No,No,0,,None,none,Added 2026-05-06: orphaned ID found in library.,url_needs_review,,,,2026-05-06,active,,
google-quantum-ai,Google Quantum AI,Industry_Research,2_Core,Americas,https://quantumai.google,"Google's quantum computing research division. Relevant for quantum advantage benchmarks, timeline projections, and PQC implementation research.",Verified,2026-05-06,No,Yes,No,No,No,No,No,0,,None,none,Added 2026-05-06: orphaned ID found in library.,url_needs_review,,,,2026-05-06,active,,
applied-quantum,Applied Quantum,Industry_Vendor,3_Supporting,Americas,https://www.appliedquantum.com,PQC tooling and consulting vendor. Source for applied PQC implementation guidance and toolchain evaluations.,Verified,2026-05-06,No,Yes,No,No,No,No,No,0,,None,none,Added 2026-05-06: orphaned ID found in library.,url_needs_review,,,,2026-05-06,active,,
cambridge-jbs,Cambridge Judge Business School,Academic,3_Supporting,Europe,https://www.jbs.cam.ac.uk,"Business school research on quantum computing economic impact, cybersecurity governance, and enterprise PQC readiness.",Verified,2026-05-06,No,Yes,No,No,No,No,No,0,,None,none,Added 2026-05-06: orphaned ID found in library.,url_needs_review,,,,2026-05-06,active,,
charter-of-trust,Charter of Trust,Industry_Workgroup,3_Supporting,Global,https://www.charteroftrust.com,Multi-industry cybersecurity initiative (Siemens-led) including PQC transition commitments from major industrial and technology companies.,Verified,2026-05-06,No,Yes,No,No,No,No,No,0,,None,none,Added 2026-05-06: orphaned ID found in library.,url_needs_review,,,,2026-05-06,active,,
deloitte,Deloitte,Consulting,4_Contextual,Global,https://www2.deloitte.com,"Professional services firm with PQC enterprise readiness frameworks, industry surveys, and migration advisory publications.",Verified,2026-05-06,No,Yes,No,No,No,No,No,0,,None,none,Added 2026-05-06: orphaned ID found in library.,url_needs_review,,,,2026-05-06,active,,
dod-cio,U.S. Department of Defense CIO,Government,1_Authoritative,Americas,https://dodcio.defense.gov,"DoD Chief Information Officer. Issues PQC migration directives, zero-trust architecture mandates, and CNSA 2.0 implementation guidance for defense contractors.",Verified,2026-05-06,No,Yes,No,No,No,Yes,No,0,,None,none,Added 2026-05-06: orphaned ID found in library.,url_authoritative,,,,2026-05-06,active,,
forrester,Forrester Research,Analyst_Firm,4_Contextual,Americas,https://www.forrester.com,"Technology analyst firm with PQC enterprise adoption research, vendor evaluations, and security investment guidance.",Verified,2026-05-06,No,Yes,No,No,No,No,No,0,,None,none,Added 2026-05-06: orphaned ID found in library.,url_needs_review,,,,2026-05-06,active,,
ibm-ibv,IBM Institute for Business Value,Industry_Research,3_Supporting,Americas,https://www.ibm.com/thought-leadership/institute-business-value,"IBM research arm publishing enterprise quantum readiness surveys, PQC adoption benchmarks, and CxO quantum threat perspectives.",Verified,2026-05-06,No,Yes,No,No,No,No,No,0,,None,none,Added 2026-05-06: orphaned ID found in library.,url_authoritative,,,,2026-05-06,active,,
infosec-global,InfoSec Global,Industry_Vendor,3_Supporting,Americas,https://www.infosecglobal.com,"Cryptographic discovery and agility vendor. Source for cryptographic inventory tooling, algorithm deprecation planning, and enterprise PQC migration methodology.",Verified,2026-05-06,No,Yes,No,No,No,No,Yes,0,,None,none,Added 2026-05-06: orphaned ID found in library.,url_needs_review,,,,2026-05-06,active,,
meta-engineering,Meta Engineering,Industry_Research,3_Supporting,Americas,https://engineering.fb.com,Meta's engineering blog and research publications including open-source PQC integration work in Fizz (TLS library) and Folly.,Verified,2026-05-06,No,Yes,No,No,No,No,No,0,,None,none,Added 2026-05-06: orphaned ID found in library.,url_needs_review,,,,2026-05-06,active,,
microsoft-security,Microsoft Security,Industry_Research,2_Core,Americas,https://www.microsoft.com/en-us/security,"Microsoft Security research and product announcements including Azure PQC readiness, SymCrypt PQC integration, and Windows PQC migration.",Verified,2026-05-06,No,Yes,No,No,No,No,No,0,,None,none,Added 2026-05-06: orphaned ID found in library.,url_needs_review,,,,2026-05-06,active,,
oasis-open,OASIS Open,Standards_Body,2_Core,Global,https://www.oasis-open.org,"Open standards consortium responsible for SAML, OpenDocument, and emerging PQC-related identity and messaging standards.",Verified,2026-05-06,No,Yes,No,No,No,No,No,0,,None,none,Added 2026-05-06: orphaned ID found in library.,url_needs_review,,,,2026-05-06,active,,
fireblocks,,,2_Core,global,,,,,,,,,,,,0,,,,,,Fireblocks,industry,fireblocks.com,2026-05-06,active,,
hyperledger,,,2_Core,global,,,,,,,,,,,,0,,,,,,Hyperledger Foundation,standards,hyperledger.org,2026-05-06,active,,
openid-foundation,,,2_Core,global,,,,,,,,,,,,0,,,,,,OpenID Foundation,standards,openid.net,2026-05-06,active,,
niap,,,1_Authoritative,us,,,,,,,,,,,,0,,,,,,NIAP (National Information Assurance Partnership),government,niap-ccevs.org,2026-05-06,active,,
coinbase,,,3_Supporting,us,,,,,,,,,,,,0,,,,,,Coinbase,industry,coinbase.com,2026-05-06,active,,
ledger-wallet,,,2_Core,eu,,,,,,,,,,,,0,,,,,,Ledger,industry,ledger.com,2026-05-06,active,,
anchorage-digital,,,3_Supporting,us,,,,,,,,,,,,0,,,,,,Anchorage Digital,industry,anchorage.com,2026-05-06,active,,
dfns,,,3_Supporting,eu,,,,,,,,,,,,0,,,,,,DFNS,industry,dfns.io,2026-05-06,active,,
bitgo,,,3_Supporting,us,,,,,,,,,,,,0,,,,,,BitGo,industry,bitgo.com,2026-05-06,active,,
zodia,,,3_Supporting,uk,,,,,,,,,,,,0,,,,,,Zodia Custody,industry,zodia.io,2026-05-06,active,,
komainu,,,3_Supporting,global,,,,,,,,,,,,0,,,,,,Komainu,industry,komainu.com,2026-05-06,active,,
copper-crypto,,,3_Supporting,uk,,,,,,,,,,,,0,,,,,,Copper Technologies,industry,copper.co,2026-05-06,active,,
cardano-iohk,,,3_Supporting,global,,,,,,,,,,,,0,,,,,,Cardano / IOG (IOHK),industry,iohk.io,2026-05-06,active,,
polkadot,,,3_Supporting,global,,,,,,,,,,,,0,,,,,,Web3 Foundation / Polkadot,industry,web3.foundation,2026-05-06,active,,
aptos-foundation,,,3_Supporting,global,,,,,,,,,,,,0,,,,,,Aptos Foundation,industry,aptoslabs.com,2026-05-06,active,,
taurus-group,,,3_Supporting,eu,,,,,,,,,,,,0,,,,,,Taurus Group,industry,taurusgroup.com,2026-05-06,active,,
avax-foundation,,,3_Supporting,global,,,,,,,,,,,,0,,,,,,Avalanche / Ava Labs,industry,avax.network,2026-05-06,active,,
sui-foundation,,,3_Supporting,global,,,,,,,,,,,,0,,,,,,Sui Foundation,industry,sui.io,2026-05-06,active,,
solana-foundation,,,3_Supporting,global,,,,,,,,,,,,0,,,,,,Solana Foundation,industry,solana.com,2026-05-06,active,,
iota-foundation,,,3_Supporting,global,,,,,,,,,,,,0,,,,,,IOTA Foundation,industry,iota.org,2026-05-06,active,,
cosmos-interchain,,,3_Supporting,global,,,,,,,,,,,,0,,,,,,Cosmos / Interchain Foundation,industry,cosmos.network,2026-05-06,active,,
jpmorganchase,,,2_Core,us,,,,,,,,,,,,0,,,,,,JPMorgan Chase,industry,jpmorgan.com,2026-05-06,active,,
epc-eu,,,2_Core,eu,,,,,,,,,,,,0,,,,,,European Payments Council,standards,epc-cep.eu,2026-05-06,active,,
cabf,,,1_Authoritative,global,,,,,,,,,,,,0,,,,,,CA/Browser Forum,standards,cabforum.org,2026-05-06,active,,
csc-cloudsig,,,2_Core,global,,,,,,,,,,,,0,,,,,,Cloud Signature Consortium,standards,cloudsignatureconsortium.org,2026-05-06,active,,
fpki,,,1_Authoritative,us,,,,,,,,,,,,0,,,,,,Federal PKI Policy Authority,government,idmanagement.gov,2026-05-06,active,,
3gpp,,,1_Authoritative,global,,,,,,,,,,,,0,,,,,,3GPP,standards,3gpp.org,2026-05-06,active,,
msit-korea,,,1_Authoritative,apac,,,,,,,,,,,,0,,,,,,"MSIT (Ministry of Science and ICT, Korea)",government,msit.go.kr,2026-05-06,active,,
ccn-spain,,,1_Authoritative,eu,,,,,,,,,,,,0,,,,,,"CCN (Centro Criptológico Nacional, Spain)",government,ccn.cni.es,2026-05-06,active,,
moda-uae,,,1_Authoritative,me,,,,,,,,,,,,0,,,,,,MODA (UAE Ministry of Digital Affairs),government,mbrgi.ae,2026-05-06,active,,
mas-singapore,,,1_Authoritative,apac,,,,,,,,,,,,0,,,,,,MAS (Monetary Authority of Singapore),government,mas.gov.sg,2026-05-06,active,,
tii-uae,,,2_Core,me,,,,,,,,,,,,0,,,,,,Technology Innovation Institute (UAE),research,tii.ae,2026-05-06,active,,
cbj-jordan,,,1_Authoritative,me,,,,,,,,,,,,0,,,,,,Central Bank of Jordan,government,cbj.gov.jo,2026-05-06,active,,
iti-dc,,,2_Core,us,,,,,,,,,,,,0,,,,,,Information Technology Industry Council,industry,itic.org,2026-05-06,active,,
auc-africa,,,1_Authoritative,africa,,,,,,,,,,,,0,,,,,,African Union Commission,government,au.int,2026-05-06,active,,
ndpc-nigeria,,,1_Authoritative,africa,,,,,,,,,,,,0,,,,,,Nigeria Data Protection Commission,government,ndpc.gov.ng,2026-05-06,active,,
odpc-kenya,,,1_Authoritative,africa,,,,,,,,,,,,0,,,,,,Office of Data Protection Commissioner (Kenya),government,odpc.go.ke,2026-05-06,active,,
ised-canada,,,1_Authoritative,na,,,,,,,,,,,,0,,,,,,"ISED (Innovation, Science and Economic Development Canada)",government,ised-isde.canada.ca,2026-05-06,active,,
cacr-china,,,2_Core,apac,,,,,,,,,,,,0,,,,,,CACR (Chinese Assoc. for Cryptologic Research),standards,cacrnet.org.cn,2026-05-06,active,,
cac-china,,,2_Core,apac,,,,,,,,,,,,0,,,,,,CAC (Cyberspace Administration of China),government,cac.gov.cn,2026-05-06,active,,
europol,,,1_Authoritative,eu,,,,,,,,,,,,0,,,,,,Europol,government,europol.europa.eu,2026-05-06,active,,
nedo-japan,,,1_Authoritative,apac,,,,,,,,,,,,0,,,,,,NEDO (New Energy & Industrial Technology Dev. Org.),government,nedo.go.jp,2026-05-06,active,,
dsit-uk,,,1_Authoritative,uk,,,,,,,,,,,,0,,,,,,"DSIT (Dept. for Science, Innovation & Technology, UK)",government,dsit.gov.uk,2026-05-06,active,,
disr-australia,,,1_Authoritative,apac,,,,,,,,,,,,0,,,,,,"DISR (Dept. of Industry, Science and Resources, Australia)",government,industry.gov.au,2026-05-06,active,,
mcit,,,1_Authoritative,me,,,,,,,,,,,,0,,,,,,MCIT (Ministry of Communications & IT),government,mcit.gov.sa,2026-05-06,active,,
sealsq,,,2_Core,eu,,,,,,,,,,,,0,,,,,,SEALSQ Corp,industry,sealsq.com,2026-05-06,active,,
cmorg,,,1_Authoritative,uk,,,,,,,,,,,,0,,,,,,Cross Market Operational Resilience Group (CMORG),standards,bankofengland.co.uk,2026-05-06,active,,
tno-nl,,,2_Core,eu,,,,,,,,,,,,0,,,,,,TNO (Netherlands Org. for Applied Scientific Research),research,tno.nl,2026-05-06,active,,
5g-americas,,,2_Core,global,,,,,,,,,,,,0,,,,,,5G Americas,standards,5gamericas.org,2026-05-06,active,,
gsa-us,,,1_Authoritative,us,,,,,,,,,,,,0,,,,,,GSA Federal Acquisition Service,government,gsa.gov,2026-05-06,active,,
us-tsa,,,1_Authoritative,us,,,,,,,,,,,,0,,,,,,US TSA (Transportation Security Administration),government,tsa.dhs.gov,2026-05-06,active,,
fra-us,,,1_Authoritative,us,,,,,,,,,,,,0,,,,,,FRA (Federal Railroad Administration),government,railroads.dot.gov,2026-05-06,active,,
ferc,,,1_Authoritative,us,,,,,,,,,,,,0,,,,,,FERC (Federal Energy Regulatory Commission),government,ferc.gov,2026-05-06,active,,
epa-us,,,1_Authoritative,us,,,,,,,,,,,,0,,,,,,US EPA (Environmental Protection Agency),government,epa.gov,2026-05-06,active,,
us-doe-ed,,,1_Authoritative,us,,,,,,,,,,,,0,,,,,,US Department of Education,government,ed.gov,2026-05-06,active,,
internet2,,,2_Core,us,,,,,,,,,,,,0,,,,,,Internet2,research,internet2.edu,2026-05-06,active,,
apnic,,,2_Core,apac,,,,,,,,,,,,0,,,,,,APNIC (Asia Pacific Network Information Centre),standards,apnic.net,2026-05-06,active,,
viavi,,,3_Supporting,us,,,,,,,,,,,,0,,,,,,VIAVI Solutions,industry,viavisolutions.com,2026-05-06,active,,
boi-israel,,,1_Authoritative,me,,,,,,,,,,,,0,,,,,,Bank of Israel,government,boi.org.il,2026-05-06,active,,
mckinsey,McKinsey & Company,Industry_Analyst,3_Supporting,Global,https://www.mckinsey.com/capabilities/quantumblack/our-insights,Global management consulting firm; publishes PQC and quantum readiness research and strategic guidance,Verified,2026-05-10,No,Yes,No,No,No,No,No,1,2026-05-10,Active,library,Added 2026-05-10: restored library records require valid trust path,url_authoritative,McKinsey & Company,Industry_Analyst,mckinsey.com,2026-05-10,active,,
ponemon,Ponemon Institute,Industry_Analyst,3_Supporting,Americas,https://www.ponemon.org/,Independent IT security research institute; publishes PKI and cryptography trends surveys,Verified,2026-05-10,No,Yes,No,No,No,No,No,2,2026-05-10,Active,library,Added 2026-05-10: restored library records require valid trust path,url_authoritative,Ponemon Institute,Industry_Analyst,ponemon.org,2026-05-10,active,,
appviewx,AppViewX,Industry_Workgroup,3_Supporting,Americas,https://www.appviewx.com/,Certificate lifecycle management and PKI automation vendor; publishes PQC migration guidance,Verified,2026-05-10,No,Yes,No,No,No,No,Yes,1,2026-05-10,Active,library,Added 2026-05-10: restored library records require valid trust path,url_authoritative,AppViewX,Industry_Workgroup,appviewx.com,2026-05-10,active,,
gartner,Gartner,Industry_Analyst,3_Supporting,Global,https://www.gartner.com/en/information-technology/insights/quantum-computing,Global IT research and advisory firm; Hype Cycle and strategic guidance on PQC adoption,Verified,2026-05-10,No,Yes,No,No,No,No,No,1,2026-05-10,Active,library,Added 2026-05-10: restored library records require valid trust path,url_authoritative,Gartner,Industry_Analyst,gartner.com,2026-05-10,active,,
venafi,Venafi (CyberArk),Industry_Workgroup,3_Supporting,Americas,https://venafi.com/,Machine identity management vendor (acquired by CyberArk); publishes PKI and PQC readiness research,Verified,2026-05-10,No,Yes,No,No,No,No,Yes,2,2026-05-10,Active,library,Added 2026-05-10: restored library records require valid trust path,url_authoritative,Venafi (CyberArk),Industry_Workgroup,venafi.com,2026-05-10,active,,
