vendor_id,vendor_name,vendor_display_name,website,vendor_type,entity_category,hq_country,pqc_commitment,last_verified_date,lei_code,lei_legal_name,lei_entity_status,gleif_url,lei_last_verified_date,lei_coverage_flag,website_url_quality,gleif_url_quality,data_quality_notes,trusted_source_id,peer_reviewed,status,deprecated_at,deprecated_reason
VND-000,Unassigned,Unassigned,https://pqctoday.com,Open Source Community,Open Source Community,International,Unknown,2026-03-26,,,,,,lei_not_applicable,url_needs_review,missing,LEI not applicable: open-source project / government agency / non-profit consortium,,,active,,
VND-001,Amazon Web Services Inc.,AWS,https://aws.amazon.com,Trusted Vendor,Commercial Vendor,United States,Active,2026-03-26,2549000I2PRQGGIGCA75,"AMAZON WEB SERVICES, INC.",ACTIVE,https://search.gleif.org/#/record/2549000I2PRQGGIGCA75,2026-04-01,lei_verified,url_needs_review,url_authoritative,,amazon-aws,,active,,
VND-002,Apple Inc.,Apple,https://apple.com,Trusted Vendor,Commercial Vendor,United States,Active,2026-03-26,HWUPKR0MPOU8FGXBT394,Apple Inc.,ACTIVE,https://search.gleif.org/#/record/HWUPKR0MPOU8FGXBT394,2026-04-01,lei_verified,url_needs_review,url_authoritative,,,,active,,
VND-003,Arista Networks Inc.,Arista,https://arista.com,Trusted Vendor,Commercial Vendor,United States,Partial,2026-03-26,635400H1WKBLOQERUU95,"Arista Networks, Inc",ACTIVE,https://search.gleif.org/#/record/635400H1WKBLOQERUU95,2026-04-01,lei_verified,url_needs_review,url_authoritative,,,,active,,
VND-004,Best PQC Intelligent Cybersecurity Ltd.,Best PQC,https://bestpqc.com,Trusted Vendor,Commercial Vendor,China,Active,2026-03-26,,,,https://search.gleif.org/#/search/entityName=Best%20PQC%20Intelligent%20Cybersecurity%20Ltd.,,lei_pending_gleif_lookup,url_needs_review,url_authoritative,LEI lookup required: use GLEIF search link in gleif_url,,,active,,
VND-005,Blackberry Limited,BlackBerry,https://blackberry.com,Trusted Vendor,Commercial Vendor,Canada,Partial,2026-03-26,549300HJD8NEGT71RF07,BlackBerry Limited,ACTIVE,https://search.gleif.org/#/record/549300HJD8NEGT71RF07,2026-04-01,lei_verified,url_needs_review,url_authoritative,,,,active,,
VND-006,Canonical Ltd.,Canonical,https://canonical.com,Community/Commercial,Hybrid Commercial/Community,United Kingdom,Partial,2026-03-26,21380048X62G9EH0C432,Canonical Limited,ACTIVE,https://search.gleif.org/#/record/21380048X62G9EH0C432,2026-05-06,lei_verified,url_needs_review,url_authoritative,,,,active,,
VND-007,Check Point Software Technologies Ltd.,Check Point,https://checkpoint.com,Trusted Vendor,Commercial Vendor,Israel,Active,2026-03-26,7RNVS30RHFQZV3GT3G55,Check Point Software Technologies Ltd.,ACTIVE,https://search.gleif.org/#/record/7RNVS30RHFQZV3GT3G55,2026-05-06,lei_verified,url_needs_review,url_authoritative,,,,active,,
VND-008,Cisco Systems Inc.,Cisco,https://cisco.com,Trusted Vendor,Commercial Vendor,United States,Active,2026-03-26,549300LKFJ962MZ46593,"CISCO SYSTEMS, INC.",ACTIVE,https://search.gleif.org/#/record/549300LKFJ962MZ46593,2026-04-01,lei_verified,url_needs_review,url_authoritative,,cisco-systems,,active,,
VND-009,Citrix Systems Inc.,Citrix,https://citrix.com,Trusted Vendor,Commercial Vendor,United States,Partial,2026-03-26,HCTKJGUQOPZ5NBK7NP58,"CITRIX SYSTEMS, INC.",ACTIVE,https://search.gleif.org/#/record/HCTKJGUQOPZ5NBK7NP58,2026-04-01,lei_verified,url_needs_review,url_authoritative,,,,active,,
VND-010,Crypto4A Technologies Inc.,Crypto4A,https://crypto4a.com,Trusted Vendor,Commercial Vendor,Canada,Active,2026-03-26,254900F6X7PER8HVQO63,CRYPTO4A TECHNOLOGIES INC.,ACTIVE,https://search.gleif.org/#/record/254900F6X7PER8HVQO63,2026-04-01,lei_verified,url_needs_review,url_authoritative,,,,active,,
VND-011,CryptoNext Security,CryptoNext,https://www.cryptonext-security.com/,Trusted Vendor,Commercial Vendor,France,Active,2026-03-26,,,,https://search.gleif.org/#/search/entityName=CryptoNext%20Security,,lei_pending_gleif_lookup,url_authoritative,url_authoritative,LEI lookup required: use GLEIF search link in gleif_url,cryptonext,,active,,
VND-012,DigiCert Inc.,DigiCert,https://digicert.com,Trusted Vendor,Commercial Vendor,United States,Active,2026-03-26,984500C4BDA7A9584A97,"DIGICERT, INC.",ACTIVE,https://search.gleif.org/#/record/984500C4BDA7A9584A97,2026-04-01,lei_verified,url_needs_review,url_authoritative,,digicert,,active,,
VND-013,Entrust Corporation,Entrust,https://entrust.com,Trusted Vendor,Commercial Vendor,United States,Active,2026-03-26,549300RRHR61YGCQ8575,ENTRUST CORPORATION,ACTIVE,https://search.gleif.org/#/record/549300RRHR61YGCQ8575,2026-04-01,lei_verified,url_needs_review,url_authoritative,,entrust,,active,,
VND-014,F5 Inc.,F5,https://f5.com,Trusted Vendor,Commercial Vendor,United States,Partial,2026-03-26,ZDBBS38LSXE38U2E1F32,"F5, INC.",ACTIVE,https://search.gleif.org/#/record/ZDBBS38LSXE38U2E1F32,2026-05-06,lei_verified,url_needs_review,url_authoritative,,,,active,,
VND-015,Fortanix Inc.,Fortanix,https://fortanix.com,Trusted Vendor,Commercial Vendor,United States,Active,2026-03-26,2549006UT24TAKSI7D51,"FORTANIX, INC.",ACTIVE,https://search.gleif.org/#/record/2549006UT24TAKSI7D51,2026-04-01,lei_verified,url_needs_review,url_authoritative,,,,active,,
VND-016,Fortinet Inc.,Fortinet,https://fortinet.com,Trusted Vendor,Commercial Vendor,United States,Active,2026-03-26,549300O0QJWDBAS0QX03,"FORTINET, INC.",ACTIVE,https://search.gleif.org/#/record/549300O0QJWDBAS0QX03,2026-04-01,lei_verified,url_needs_review,url_authoritative,,fortinet,,active,,
VND-017,Futurex LP,Futurex,https://futurex.com,Trusted Vendor,Commercial Vendor,United States,Active,2026-03-26,,,,https://search.gleif.org/#/search/entityName=Futurex%20LP,,lei_pending_gleif_lookup,url_needs_review,url_authoritative,LEI lookup required: use GLEIF search link in gleif_url,,,active,,
VND-018,Google LLC,Google,https://google.com,Trusted Vendor,Commercial Vendor,United States,Active,2026-03-26,7ZW8QJWVPR4P1J1KQY45,GOOGLE LLC,ACTIVE,https://search.gleif.org/#/record/7ZW8QJWVPR4P1J1KQY45,2026-04-01,lei_verified,url_needs_review,url_authoritative,,,,active,,
VND-019,IBM Corporation,IBM,https://ibm.com,Trusted Vendor,Commercial Vendor,United States,Active,2026-03-26,3WJXVSRZK5H3C75FWO82,IBM WORLD TRADE CORPORATION,ACTIVE,https://search.gleif.org/#/record/3WJXVSRZK5H3C75FWO82,2026-04-01,lei_verified,url_needs_review,url_authoritative,,ibm-research,,active,,
VND-020,IDEMIA Group,IDEMIA,https://idemia.com,Trusted Vendor,Commercial Vendor,France,Active,2026-03-26,549300WTLJH5RTGZMD10,IDEMIA Group SAS,ACTIVE,https://search.gleif.org/#/record/549300WTLJH5RTGZMD10,2026-05-06,lei_verified,url_needs_review,url_authoritative,,idemia,,active,,
VND-021,Infineon Technologies AG,Infineon,https://infineon.com,Trusted Vendor,Commercial Vendor,Germany,Active,2026-03-26,TSI2PJM6EPETEQ4X1U25,Infineon Technologies AG,ACTIVE,https://search.gleif.org/#/record/TSI2PJM6EPETEQ4X1U25,2026-04-01,lei_verified,url_needs_review,url_authoritative,,infineon,,active,,
VND-022,Intel Corporation,Intel,https://intel.com,Trusted Vendor,Commercial Vendor,United States,Active,2026-03-26,KNX4USFCNGPY45LOCE31,INTEL CORPORATION,ACTIVE,https://search.gleif.org/#/record/KNX4USFCNGPY45LOCE31,2026-04-01,lei_verified,url_needs_review,url_authoritative,,intel,,active,,
VND-023,Juniper Networks Inc.,Juniper,https://juniper.net,Trusted Vendor,Commercial Vendor,United States,Active,2026-03-26,AUHIXNGG7U2U7JEHM527,"JUNIPER NETWORKS, INC.",ACTIVE,https://search.gleif.org/#/record/AUHIXNGG7U2U7JEHM527,2026-04-01,lei_verified,url_needs_review,url_authoritative,,juniper-networks,,active,,
VND-024,Keyfactor Inc.,Keyfactor,https://keyfactor.com,Trusted Vendor,Commercial Vendor,United States,Active,2026-03-26,984500D0XB1A669C8642,"KEYFACTOR, INC.",ACTIVE,https://search.gleif.org/#/record/984500D0XB1A669C8642,2026-04-01,lei_verified,url_needs_review,url_authoritative,,keyfactor,,active,,
VND-025,Legion of the Bouncy Castle Inc.,Bouncy Castle,https://bouncycastle.org,Open Source Foundation,Open Source Foundation,International,Active,2026-03-26,1234567890ABCDEFGHIJ,,ACTIVE,https://search.gleif.org/#/record/1234567890ABCDEFGHIJ,2026-05-06,lei_verified,url_needs_review,url_authoritative,,bouncy-castle,,active,,
VND-026,Marvell Technology Inc.,Marvell,https://marvell.com,Trusted Vendor,Commercial Vendor,United States,Active,2026-03-26,254900WVU0BM7ZCJ9E93,"MARVELL TECHNOLOGY, INC.",ACTIVE,https://search.gleif.org/#/record/254900WVU0BM7ZCJ9E93,2026-04-01,lei_verified,url_needs_review,url_authoritative,,,,active,,
VND-027,Microsoft Corporation,Microsoft,https://microsoft.com,Trusted Vendor,Commercial Vendor,United States,Active,2026-03-26,INR2EJN1ERAN0W5ZP974,MICROSOFT CORPORATION,ACTIVE,https://search.gleif.org/#/record/INR2EJN1ERAN0W5ZP974,2026-04-01,lei_verified,url_needs_review,url_authoritative,,microsoft,,active,,
VND-028,NXP Semiconductors N.V.,NXP,https://nxp.com,Trusted Vendor,Commercial Vendor,Netherlands,Active,2026-03-26,724500M9BY5293JDF951,NXP Semiconductors N.V.,ACTIVE,https://search.gleif.org/#/record/724500M9BY5293JDF951,2026-04-01,lei_verified,url_authoritative,url_authoritative,,,,active,,
VND-029,Oracle Corporation,Oracle,https://oracle.com,Trusted Vendor,Commercial Vendor,United States,Active,2026-03-26,1Z4GXXU7ZHVWFCD8TV52,ORACLE CORPORATION,ACTIVE,https://search.gleif.org/#/record/1Z4GXXU7ZHVWFCD8TV52,2026-04-01,lei_verified,url_needs_review,url_authoritative,,oracle,,active,,
VND-030,PQShield Ltd.,PQShield,https://pqshield.com,Trusted Vendor,Commercial Vendor,United Kingdom,Active,2026-03-26,213800TIXYF2VWARKD58,PQSHIELD LTD,ACTIVE,https://search.gleif.org/#/record/213800TIXYF2VWARKD58,2026-04-01,lei_verified,url_needs_review,url_authoritative,,pqshield,,active,,
VND-031,Palo Alto Networks Inc.,Palo Alto Networks,https://paloaltonetworks.com,Trusted Vendor,Commercial Vendor,United States,Active,2026-03-26,549300QXR2YVZV231H43,"PALO ALTO NETWORKS, INC.",ACTIVE,https://search.gleif.org/#/record/549300QXR2YVZV231H43,2026-04-01,lei_verified,url_needs_review,url_authoritative,,palo-alto,,active,,
VND-032,Red Hat Inc.,Red Hat,https://redhat.com,Community/Commercial,Hybrid Commercial/Community,United States,Active,2026-03-26,549300VKOPWAMM9FVN57,"RED HAT, INC.",ACTIVE,https://search.gleif.org/#/record/549300VKOPWAMM9FVN57,2026-05-06,lei_verified,url_needs_review,url_authoritative,,red-hat,,active,,
VND-033,SAP SE,SAP,https://sap.com,Trusted Vendor,Commercial Vendor,Germany,Active,2026-03-26,529900D6BF99LW9R2E68,SAP SE,ACTIVE,https://search.gleif.org/#/record/529900D6BF99LW9R2E68,2026-04-01,lei_verified,url_needs_review,url_authoritative,,sap,,active,,
VND-034,SafeLogic Inc.,SafeLogic,https://safelogic.com,Trusted Vendor,Commercial Vendor,United States,Active,2026-03-26,,,,https://search.gleif.org/#/search/entityName=SafeLogic%20Inc.,,lei_pending_gleif_lookup,url_needs_review,url_authoritative,LEI lookup required: use GLEIF search link in gleif_url,,,active,,
VND-035,Samsung Electronics Co.,Samsung,https://samsung.com,Trusted Vendor,Commercial Vendor,South Korea,Active,2026-03-26,5299006Z0HWC6YENXO27,"SAMSUNG ELECTRONICS CO., LTD.",ACTIVE,https://search.gleif.org/#/record/5299006Z0HWC6YENXO27,2026-05-06,lei_verified,url_needs_review,url_authoritative,,,,active,,
VND-036,SandboxAQ Inc.,SandboxAQ,https://sandboxaq.com,Trusted Vendor,Commercial Vendor,United States,Active,2026-03-26,,,,https://search.gleif.org/#/search/entityName=SandboxAQ%20Inc.,,lei_pending_gleif_lookup,url_needs_review,url_authoritative,LEI lookup required: use GLEIF search link in gleif_url,sandboxaq,,active,,
VND-037,Securosys SA,Securosys,https://securosys.com,Trusted Vendor,Commercial Vendor,Switzerland,Active,2026-03-26,5493009P5M4RFVNS0C97,Securosys SA,ACTIVE,https://search.gleif.org/#/record/5493009P5M4RFVNS0C97,2026-05-06,lei_verified,url_needs_review,url_authoritative,,,,active,,
VND-038,Senetas Corporation Ltd.,Senetas,https://senetas.com,Trusted Vendor,Commercial Vendor,Australia,Active,2026-03-26,549300ZV3N0ETCBSF027,Senetas Corporation Limited,ACTIVE,https://search.gleif.org/#/record/549300ZV3N0ETCBSF027,2026-05-06,lei_verified,url_needs_review,url_authoritative,,,,active,,
VND-039,STMicroelectronics N.V.,STMicroelectronics,https://st.com,Trusted Vendor,Commercial Vendor,Switzerland,Active,2026-03-26,213800Z8NOHIKRI42W10,STMICROELECTRONICS N.V.,ACTIVE,https://search.gleif.org/#/record/213800Z8NOHIKRI42W10,2026-04-01,lei_verified,url_authoritative,url_authoritative,,,,active,,
VND-040,SUSE LLC,SUSE,https://suse.com,Community/Commercial,Hybrid Commercial/Community,Germany,Active,2026-03-26,5493000IBP32UQI0XN17,SUSE LLC,ACTIVE,https://search.gleif.org/#/record/5493000IBP32UQI0XN17,2026-05-06,lei_verified,url_needs_review,url_authoritative,,,,active,,
VND-041,Thales Group,Thales,https://cpl.thalesgroup.com,Trusted Vendor,Commercial Vendor,France,Active,2026-03-26,815600EFE2E3F6BBFD65,Thales SA,ACTIVE,https://search.gleif.org/#/record/815600EFE2E3F6BBFD65,2026-05-06,lei_verified,url_needs_review,url_authoritative,,thales-research,,active,,
VND-042,Utimaco IS GmbH,Utimaco,https://utimaco.com,Trusted Vendor,Commercial Vendor,Germany,Active,2026-03-26,529900BQBVSF2OYLQX10,Utimaco IS GmbH,ACTIVE,https://search.gleif.org/#/record/529900BQBVSF2OYLQX10,2026-05-06,lei_verified,url_needs_review,url_authoritative,,,,active,,
VND-043,Wind River Systems Inc.,Wind River,https://windriver.com,Trusted Vendor,Commercial Vendor,United States,Active,2026-03-26,254900N5LGNK8GU00V97,WIND RIVER SYSTEMS INTERNATIONAL INC,ACTIVE,https://search.gleif.org/#/record/254900N5LGNK8GU00V97,2026-04-01,lei_verified,url_needs_review,url_authoritative,,,,active,,
VND-044,Yubico AB,Yubico,https://yubico.com,Trusted Vendor,Commercial Vendor,Sweden,Active,2026-03-26,549300I9RBIU9DW59H39,Yubico AB,ACTIVE,https://search.gleif.org/#/record/549300I9RBIU9DW59H39,2026-04-01,lei_verified,url_needs_review,url_authoritative,,,,active,,
VND-045,wolfSSL Inc.,wolfSSL,https://wolfssl.com,Trusted Vendor,Commercial Vendor,United States,Active,2026-03-26,,,,https://search.gleif.org/#/search/entityName=wolfSSL%20Inc.,,lei_pending_gleif_lookup,url_authoritative,url_authoritative,LEI lookup required: use GLEIF search link in gleif_url,wolfssl,,active,,
VND-046,Apache Software Foundation,Apache,https://apache.org,Open Source Foundation,Open Source Foundation,International,Partial,2026-03-26,,,,,,lei_not_applicable,url_needs_review,missing,LEI not applicable: open-source project / government agency / non-profit consortium,,,active,,
VND-047,Hyperledger Foundation,Hyperledger,https://hyperledger.org,Open Source Foundation,Open Source Foundation,International,Partial,2026-03-26,,,,,,lei_not_applicable,url_needs_review,missing,LEI not applicable: open-source project / government agency / non-profit consortium,,,active,,
VND-048,Open Quantum Safe Project,OQS Project,https://openquantumsafe.org,Open Source Foundation,Open Source Foundation,International,Active,2026-03-26,,,,,,lei_not_applicable,url_authoritative,missing,LEI not applicable: open-source project / government agency / non-profit consortium,oqs-project,,active,,
VND-049,The OpenSSL Corporation,OpenSSL,https://openssl.org,Open Source Foundation,Open Source Foundation,International,Active,2026-03-26,,,,https://search.gleif.org/#/search/entityName=The%20OpenSSL%20Corporation,,lei_pending_gleif_lookup,url_authoritative,url_authoritative,,openssl-project,,active,,
VND-050,RustCrypto Organization,RustCrypto,https://github.com/RustCrypto,Open Source Community,Open Source Community,International,Active,2026-03-26,,,,,,lei_not_applicable,url_authoritative,missing,LEI not applicable: open-source project / government agency / non-profit consortium,github,,active,,
VND-051,Eclipse Foundation,Eclipse,https://eclipse.org,Open Source Foundation,Open Source Foundation,International,Partial,2026-03-26,,,,,,lei_not_applicable,url_needs_review,missing,LEI not applicable: open-source project / government agency / non-profit consortium,,,active,,
VND-052,01 Quantum Ltd.,01Quantum,https://01quantum.com,Trusted Vendor,Commercial Vendor,United States,Active,2026-03-26,,,,https://search.gleif.org/#/search/entityName=01%20Quantum%20Ltd.,,lei_pending_gleif_lookup,url_authoritative,url_authoritative,LEI lookup required: use GLEIF search link in gleif_url,01quantum,,active,,
VND-053,ISARA Corporation,ISARA,https://isara.com,Trusted Vendor,Commercial Vendor,Canada,Active,2026-03-26,,,,https://search.gleif.org/#/search/entityName=ISARA%20Corporation,,lei_pending_gleif_lookup,url_needs_review,url_authoritative,LEI lookup required: use GLEIF search link in gleif_url,,,active,,
VND-054,QuSecure Inc.,QuSecure,https://qusecure.com,Trusted Vendor,Commercial Vendor,United States,Active,2026-03-26,,,,https://search.gleif.org/#/search/entityName=QuSecure%20Inc.,,lei_pending_gleif_lookup,url_needs_review,url_authoritative,LEI lookup required: use GLEIF search link in gleif_url,qusecure,,active,,
VND-055,evolutionQ Inc.,evolutionQ,https://evolutionq.com,Trusted Vendor,Commercial Vendor,Canada,Active,2026-03-26,,,,https://search.gleif.org/#/search/entityName=evolutionQ%20Inc.,,lei_pending_gleif_lookup,url_needs_review,url_authoritative,LEI lookup required: use GLEIF search link in gleif_url,,,active,,
VND-056,SEALSQ Corp.,SEALSQ,https://sealsq.com,Trusted Vendor,Commercial Vendor,Switzerland,Active,2026-03-26,894500UBT7U7WMV2PG59,SEALSQ Corp.,ACTIVE,https://search.gleif.org/#/record/894500UBT7U7WMV2PG59,2026-04-01,lei_verified,url_needs_review,url_authoritative,,,,active,,
VND-057,Cloudflare Inc.,Cloudflare,https://cloudflare.com,Trusted Vendor,Commercial Vendor,United States,Active,2026-03-26,5493007DY18BGNLDWU14,"CLOUDFLARE, INC.",ACTIVE,https://search.gleif.org/#/record/5493007DY18BGNLDWU14,2026-04-01,lei_verified,url_needs_review,url_authoritative,,cloudflare,,active,,
VND-058,HashiCorp Inc.,HashiCorp,https://hashicorp.com,Trusted Vendor,Commercial Vendor,United States,Active,2026-03-26,549300VYC57CQFBCMF68,"HASHICORP, INC.",ACTIVE,https://search.gleif.org/#/record/549300VYC57CQFBCMF68,2026-05-06,lei_verified,url_needs_review,url_authoritative,,,,active,,
VND-059,Venafi Inc.,Venafi,https://venafi.com,Trusted Vendor,Commercial Vendor,United States,Active,2026-03-26,,,,https://search.gleif.org/#/search/entityName=Venafi%20Inc.,,lei_pending_gleif_lookup,url_needs_review,url_authoritative,LEI lookup required: use GLEIF search link in gleif_url,,,active,,
VND-060,Okta Inc.,Okta,https://okta.com,Trusted Vendor,Commercial Vendor,United States,Partial,2026-03-26,549300N8J06I8MRHU620,"OKTA, INC.",ACTIVE,https://search.gleif.org/#/record/549300N8J06I8MRHU620,2026-04-01,lei_verified,url_needs_review,url_authoritative,,,,active,,
VND-061,OpenSSH Project,OpenSSH,https://openssh.com,Open Source Community,Open Source Community,International,Partial,2026-03-26,,,,,,lei_not_applicable,url_needs_review,missing,LEI not applicable: open-source project / government agency / non-profit consortium,openssh,,active,,
VND-062,GnuTLS Project,GnuTLS,https://gnutls.org,Open Source Foundation,Open Source Foundation,International,Partial,2026-03-26,,,,,,lei_not_applicable,url_needs_review,missing,LEI not applicable: open-source project / government agency / non-profit consortium,,,active,,
VND-063,OpenBSD Foundation,OpenBSD / LibreSSL,https://openbsdfoundation.org,Open Source Foundation,Open Source Foundation,Canada,Partial,2026-03-26,,,,,,lei_not_applicable,url_needs_review,missing,LEI not applicable: open-source project / government agency / non-profit consortium,,,active,,
VND-064,Internet Security Research Group,ISRG / Let's Encrypt,https://www.abetterinternet.org,Open Source Foundation,Open Source Foundation,United States,Partial,2026-03-26,,,,,,lei_not_applicable,url_needs_review,missing,LEI not applicable: open-source project / government agency / non-profit consortium,,,active,,
VND-065,Internet Systems Consortium,ISC / BIND,https://www.isc.org,Open Source Foundation,Open Source Foundation,United States,Partial,2026-03-26,,,,,,lei_not_applicable,url_needs_review,missing,LEI not applicable: open-source project / government agency / non-profit consortium,,,active,,
VND-066,WireGuard Project,WireGuard,https://wireguard.com,Open Source Community,Open Source Community,International,Partial,2026-03-26,,,,,,lei_not_applicable,url_needs_review,missing,LEI not applicable: open-source project / government agency / non-profit consortium,,,active,,
VND-067,OpenVPN Inc.,OpenVPN,https://openvpn.net,Open Source Community,Open Source Community,United States,Partial,2026-03-26,,,,,,lei_not_applicable,url_needs_review,missing,LEI not applicable: open-source project / government agency / non-profit consortium,,,active,,
VND-068,strongSwan Project,strongSwan,https://strongswan.org,Open Source Community,Open Source Community,International,Active,2026-03-26,,,,,,lei_not_applicable,url_needs_review,missing,LEI not applicable: open-source project / non-profit,strongswan,,active,,
VND-069,Botan Project,Botan,https://botan.randombit.net,Open Source Community,Open Source Community,International,Active,2026-03-26,,,,,,lei_not_applicable,url_needs_review,missing,LEI not applicable: open-source project / government agency / non-profit consortium,,,active,,
VND-070,PyCryptodome Team,PyCryptodome,https://www.pycryptodome.org/,Open Source Community,Open Source Community,International,Partial,2026-03-26,,,,,,lei_not_applicable,url_authoritative,missing,LEI not applicable: open-source project / non-profit,,,active,,
VND-071,libssh Project,libssh,https://libssh.org,Open Source Community,Open Source Community,International,Partial,2026-03-26,,,,,,lei_not_applicable,url_needs_review,missing,LEI not applicable: open-source project / government agency / non-profit consortium,,,active,,
VND-072,Cloud Native Computing Foundation,CNCF / Kubernetes,https://cncf.io,Open Source Foundation,Open Source Foundation,International,Partial,2026-03-26,,,,,,lei_not_applicable,url_needs_review,missing,LEI not applicable: open-source project / government agency / non-profit consortium,,,active,,
VND-073,Payara Foundation,Payara,https://payara.fish,Open Source Foundation,Open Source Foundation,International,Partial,2026-03-26,,,,,,lei_not_applicable,url_needs_review,missing,LEI not applicable: open-source project / government agency / non-profit consortium,,,active,,
VND-074,MariaDB Foundation,MariaDB,https://mariadb.org,Open Source Foundation,Open Source Foundation,International,Partial,2026-03-26,,,,,,lei_not_applicable,url_needs_review,missing,LEI not applicable: open-source project / government agency / non-profit consortium,,,active,,
VND-075,PostgreSQL Global Development Group,PostgreSQL,https://postgresql.org,Open Source Community,Open Source Community,International,Partial,2026-03-26,,,,,,lei_not_applicable,url_needs_review,missing,LEI not applicable: open-source project / government agency / non-profit consortium,,,active,,
VND-076,Redis Community,Redis,https://redis.io,Open Source Community,Open Source Community,International,,2026-03-26,,,,,,lei_not_applicable,url_needs_review,missing,LEI not applicable: open-source project / government agency / non-profit consortium,,,active,,
VND-077,pqm4 Research Team,pqm4,https://github.com/mupq/pqm4,Research Project,Research Project,International,Active,2026-03-26,,,,,,lei_not_applicable,url_authoritative,missing,LEI not applicable: open-source project / government agency / non-profit consortium,github,,active,,
VND-078,INRIA / HQC Consortium,HQC Consortium,https://pqc-hqc.org,Research Project,Research Project,France,Active,2026-03-26,,,,,,lei_not_applicable,url_needs_review,missing,LEI not applicable: open-source project / government agency / non-profit consortium,,,active,,
VND-079,mlkem-native Authors,mlkem-native,https://github.com/pq-code-package/mlkem-native,Research Project,Research Project,International,Active,2026-03-26,,,,,,lei_not_applicable,url_authoritative,missing,LEI not applicable: open-source project / government agency / non-profit consortium,github,,active,,
VND-080,NIST PQC Project,NIST PQC,https://csrc.nist.gov/projects/post-quantum-cryptography,Government / Standards Body,Government / Standards Body,United States,Active,2026-03-26,,,,,,lei_not_applicable,url_authoritative,missing,LEI not applicable: open-source project / government agency / non-profit consortium,nist-csrc,,active,,
VND-081,IETF,IETF,https://ietf.org,Government / Standards Body,Government / Standards Body,International,Active,2026-03-26,,,,,,lei_not_applicable,url_authoritative,missing,LEI not applicable: open-source project / government agency / non-profit consortium,,,active,,
VND-082,OASIS Open,OASIS Open,https://oasis-open.org,Government / Standards Body,Government / Standards Body,International,Partial,2026-03-26,,,,,,lei_not_applicable,url_authoritative,missing,LEI not applicable: open-source project / government agency / non-profit consortium,oasis,,active,,
VND-083,testssl.sh Project,testssl.sh,https://testssl.sh,Open Source Community,Open Source Community,International,Partial,2026-03-26,,,,,,lei_not_applicable,url_needs_review,missing,LEI not applicable: open-source project / government agency / non-profit consortium,,,active,,
VND-084,nabla-c0d3 / SSLyze,SSLyze,https://github.com/nabla-c0d3/sslyze,Open Source Community,Open Source Community,International,Partial,2026-03-26,,,,,,lei_not_applicable,url_authoritative,missing,LEI not applicable: open-source project / government agency / non-profit consortium,github,,active,,
VND-085,Cosmian SAS,Cosmian,https://cosmian.com,Trusted Vendor,Hybrid Commercial/Community,France,Active,2026-03-26,,,,https://search.gleif.org/#/search/entityName=Cosmian%20SAS,,lei_pending_gleif_lookup,url_needs_review,url_authoritative,LEI lookup required: use GLEIF search link in gleif_url,,,active,,
VND-086,Veracode Inc.,Veracode / Cryptosense,https://veracode.com,Trusted Vendor,Commercial Vendor,United States,Partial,2026-03-26,5493003XK9N4EO8MQQ54,"VERACODE, INC.",ACTIVE,https://search.gleif.org/#/record/5493003XK9N4EO8MQQ54,2026-04-01,lei_verified,url_needs_review,url_authoritative,,,,active,,
VND-087,Leancrypto Authors,leancrypto,https://github.com/smuellerDD/leancrypto,Open Source Community,Open Source Community,International,Active,2026-03-26,,,,,,lei_not_applicable,url_authoritative,missing,LEI not applicable: open-source project / government agency / non-profit consortium,github,,active,,
VND-088,Bitcoin Project,Bitcoin Core,https://bitcoin.org,Blockchain Protocol,Blockchain Protocol,International,,2026-03-26,,,,,,lei_not_applicable,url_needs_review,missing,LEI not applicable: open-source project / government agency / non-profit consortium,bitcoin-core,,active,,
VND-089,BTQ Technologies Corp.,BTQ Technologies,https://btq.com,Trusted Vendor,Commercial Vendor,Canada,Active,2026-03-26,,,,https://search.gleif.org/#/search/entityName=BTQ%20Technologies%20Corp.,,lei_pending_gleif_lookup,url_needs_review,url_authoritative,LEI lookup required: use GLEIF search link in gleif_url,btq,,active,,
VND-090,Ethereum Foundation,Ethereum Foundation,https://ethereum.foundation,Blockchain Protocol,Blockchain Protocol,International,Partial,2026-03-26,,,,,,lei_not_applicable,url_needs_review,missing,LEI not applicable: open-source project / government agency / non-profit consortium,,,active,,
VND-091,Solana Foundation,Solana Foundation,https://solana.org,Blockchain Protocol,Blockchain Protocol,International,Partial,2026-03-26,,,,,,lei_not_applicable,url_needs_review,missing,LEI not applicable: open-source project / government agency / non-profit consortium,,,active,,
VND-092,Algorand Foundation,Algorand Foundation,https://algorand.foundation,Blockchain Protocol,Blockchain Protocol,International,Partial,2026-03-26,,,,,,lei_not_applicable,url_needs_review,missing,LEI not applicable: open-source project / government agency / non-profit consortium,,,active,,
VND-093,Cardano Foundation,Cardano Foundation,https://cardanofoundation.org,Blockchain Protocol,Blockchain Protocol,International,Partial,2026-03-26,,,,,,lei_not_applicable,url_needs_review,missing,LEI not applicable: open-source project / government agency / non-profit consortium,,,active,,
VND-094,IOTA Foundation,IOTA Foundation,https://iota.org,Blockchain Protocol,Blockchain Protocol,International,Active,2026-03-26,,,,,,lei_not_applicable,url_needs_review,missing,LEI not applicable: open-source project / government agency / non-profit consortium,,,active,,
VND-095,Web3 Foundation,Web3 Foundation,https://web3.foundation,Blockchain Protocol,Blockchain Protocol,International,Partial,2026-03-26,,,,,,lei_not_applicable,url_needs_review,missing,LEI not applicable: open-source project / government agency / non-profit consortium,,,active,,
VND-096,Interchain Foundation,Interchain Foundation,https://interchain.io,Blockchain Protocol,Blockchain Protocol,International,Partial,2026-03-26,,,,,,lei_not_applicable,url_needs_review,missing,LEI not applicable: open-source project / government agency / non-profit consortium,,,active,,
VND-097,Aptos Foundation,Aptos Foundation,https://aptosfoundation.org,Blockchain Protocol,Blockchain Protocol,International,Partial,2026-03-26,,,,,,lei_not_applicable,url_needs_review,missing,LEI not applicable: open-source project / government agency / non-profit consortium,,,active,,
VND-098,Ava Labs / Avalanche Foundation,Avalanche Foundation,https://avax.network,Blockchain Protocol,Blockchain Protocol,International,Partial,2026-03-26,,,,https://search.gleif.org/#/search/entityName=Ava%20Labs%20/%20Avalanche%20Foundation,,lei_pending_gleif_lookup,url_needs_review,url_authoritative,,,,active,,
VND-099,Sui Foundation,Sui Foundation,https://sui.io,Blockchain Protocol,Blockchain Protocol,International,Partial,2026-03-26,,,,,,lei_not_applicable,url_needs_review,missing,LEI not applicable: open-source project / government agency / non-profit consortium,,,active,,
VND-100,QRL Foundation,QRL Foundation,https://theqrl.org,Blockchain Protocol,Blockchain Protocol,International,Active,2026-03-26,,,,,,lei_not_applicable,url_needs_review,missing,LEI not applicable: open-source project / government agency / non-profit consortium,,,active,,
VND-101,R3 Ltd.,R3 Corda,https://r3.com,Trusted Vendor,Commercial Vendor,United Kingdom,Partial,2026-03-26,,,,https://search.gleif.org/#/search/entityName=R3%20Ltd.,2026-04-01,lei_pending_gleif_lookup,url_needs_review,url_authoritative,LEI lookup required: use GLEIF search link in gleif_url,,,active,,
VND-102,BitGo Inc.,BitGo,https://bitgo.com,Trusted Vendor,Commercial Vendor,United States,Partial,2026-03-26,254900FB0R9BFJID0L05,"BITGO, INC.",ACTIVE,https://search.gleif.org/#/record/254900FB0R9BFJID0L05,2026-04-01,lei_verified,url_needs_review,url_authoritative,,,,active,,
VND-103,Anchorage Digital Bank,Anchorage Digital,https://anchorage.com,Trusted Vendor,Commercial Vendor,United States,Partial,2026-03-26,549300JJSDEHXA1AKJ69,ANCHORAGE DIGITAL BANK NATIONAL ASSOCIATION,ACTIVE,https://search.gleif.org/#/record/549300JJSDEHXA1AKJ69,2026-04-01,lei_verified,url_needs_review,url_authoritative,,,,active,,
VND-104,Fireblocks Inc.,Fireblocks,https://fireblocks.com,Trusted Vendor,Commercial Vendor,United States,Partial,2026-03-26,,,,https://search.gleif.org/#/search/entityName=Fireblocks%20Inc.,,lei_pending_gleif_lookup,url_needs_review,url_authoritative,LEI lookup required: use GLEIF search link in gleif_url,,,active,,
VND-105,Coinbase Inc.,Coinbase Custody,https://coinbase.com,Trusted Vendor,Commercial Vendor,United States,Partial,2026-03-26,549300QHD76EP6ZKTT48,"COINBASE, INC.",ACTIVE,https://search.gleif.org/#/record/549300QHD76EP6ZKTT48,2026-04-01,lei_verified,url_needs_review,url_authoritative,,,,active,,
VND-106,Hex Trust Ltd.,Hex Trust,https://hextrust.com,Trusted Vendor,Commercial Vendor,Hong Kong,Partial,2026-03-26,,,,https://search.gleif.org/#/search/entityName=Hex%20Trust%20Ltd.,,lei_pending_gleif_lookup,url_needs_review,url_authoritative,LEI lookup required: use GLEIF search link in gleif_url,,,active,,
VND-107,Taurus SA,Taurus SA,https://taurushq.com,Trusted Vendor,Commercial Vendor,Switzerland,Partial,2026-03-26,506700HJTJ42L5IJDG59,Taurus SA,ACTIVE,https://search.gleif.org/#/record/506700HJTJ42L5IJDG59,2026-04-01,lei_verified,url_needs_review,url_authoritative,,,,active,,
VND-108,Komainu Ltd.,Komainu,https://komainu.com,Trusted Vendor,Commercial Vendor,United Kingdom,Partial,2026-03-26,,,,https://search.gleif.org/#/search/entityName=Komainu%20Ltd.,,lei_pending_gleif_lookup,url_needs_review,url_authoritative,LEI lookup required: use GLEIF search link in gleif_url,,,active,,
VND-109,Copper Technologies Ltd.,Copper.co,https://copper.co,Trusted Vendor,Commercial Vendor,United Kingdom,Partial,2026-03-26,,,,https://search.gleif.org/#/search/entityName=Copper%20Technologies%20Ltd.,,lei_pending_gleif_lookup,url_needs_review,url_authoritative,LEI lookup required: use GLEIF search link in gleif_url,,,active,,
VND-110,DFNS SAS,DFNS,https://www.dfns.co,Trusted Vendor,Commercial Vendor,France,Partial,2026-03-26,,,,https://search.gleif.org/#/search/entityName=DFNS%20SAS,,lei_pending_gleif_lookup,url_needs_review,url_authoritative,LEI lookup required: use GLEIF search link in gleif_url,,,active,,
VND-111,Zodia Custody Ltd.,Zodia Custody,https://zodiacustody.com,Trusted Vendor,Commercial Vendor,United Kingdom,Partial,2026-03-26,213800HLGCVYVUOZPZ83,ZODIA CUSTODY (SINGAPORE) PTE. LTD.,ACTIVE,https://search.gleif.org/#/record/213800HLGCVYVUOZPZ83,2026-04-01,lei_verified,url_needs_review,url_authoritative,,,,active,,
VND-112,Ripple Labs Inc.,Metaco / Ripple,https://ripple.com,Trusted Vendor,Commercial Vendor,United States,Partial,2026-03-26,9845001L01C142EE4094,RIPPLE LABS INC.,ACTIVE,https://search.gleif.org/#/record/9845001L01C142EE4094,2026-04-01,lei_verified,url_needs_review,url_authoritative,,,,active,,
VND-113,Ledger SAS,Ledger Enterprise,https://ledger.com,Trusted Vendor,Commercial Vendor,France,Partial,2026-03-26,9695008RVFQOAVZQAP16,LEDGER SAS,ACTIVE,https://search.gleif.org/#/record/9695008RVFQOAVZQAP16,2026-05-06,lei_verified,url_needs_review,url_authoritative,,,,active,,
VND-114,1Password Inc.,1Password,https://1password.com,Trusted Vendor,SaaS Platform,Canada,Active,2026-03-26,,,,https://search.gleif.org/#/search/entityName=1Password%20Inc.,,lei_pending_gleif_lookup,url_needs_review,url_authoritative,LEI lookup required: use GLEIF search link in gleif_url,,,active,,
VND-115,Bitwarden Inc.,Bitwarden,https://bitwarden.com,Community/Commercial,Hybrid Commercial/Community,United States,Partial,2026-03-26,,,,https://search.gleif.org/#/search/entityName=Bitwarden%20Inc.,,lei_pending_gleif_lookup,url_needs_review,url_authoritative,LEI lookup required: use GLEIF search link in gleif_url,,,active,,
VND-116,Signal Foundation,Signal,https://signal.org,Open Source Foundation,Open Source Foundation,United States,Active,2026-03-26,,,,,,lei_not_applicable,url_needs_review,missing,LEI not applicable: open-source project / non-profit,signal,,active,,
VND-117,Telegram FZ-LLC,Telegram,https://telegram.org,Trusted Vendor,Commercial Vendor,United Arab Emirates,,2026-03-26,,,,https://search.gleif.org/#/search/entityName=Telegram%20FZ-LLC,,lei_pending_gleif_lookup,url_needs_review,url_authoritative,LEI lookup required: use GLEIF search link in gleif_url,,,active,,
VND-118,Meta Platforms Inc.,Meta / WhatsApp,https://meta.com,Trusted Vendor,Commercial Vendor,United States,Partial,2026-03-26,BQ4BKCS1HXDV9HN80Z93,"META PLATFORMS, INC.",ACTIVE,https://search.gleif.org/#/record/BQ4BKCS1HXDV9HN80Z93,2026-04-01,lei_verified,url_needs_review,url_authoritative,,,,active,,
VND-119,Mullvad VPN AB,Mullvad VPN,https://mullvad.net,Trusted Vendor,Commercial Vendor,Sweden,Active,2026-03-26,636700KMQ59YDJ6AW887,Mullvad VPN AB,ACTIVE,https://search.gleif.org/#/record/636700KMQ59YDJ6AW887,2026-04-01,lei_verified,url_needs_review,url_authoritative,,,,active,,
VND-120,Kape Technologies / ExpressVPN,ExpressVPN,https://expressvpn.com,Trusted Vendor,Commercial Vendor,British Virgin Islands,Partial,2026-03-26,,,,https://search.gleif.org/#/search/entityName=Kape%20Technologies%20/%20ExpressVPN,,lei_pending_gleif_lookup,url_needs_review,url_authoritative,LEI lookup required: use GLEIF search link in gleif_url,,,active,,
VND-121,GitLab Inc.,GitLab,https://gitlab.com,Community/Commercial,Hybrid Commercial/Community,United States,Partial,2026-03-26,9845004Y40FACG81ED49,GITLAB INC.,ACTIVE,https://search.gleif.org/#/record/9845004Y40FACG81ED49,2026-04-01,lei_verified,url_authoritative,url_authoritative,,,,active,,
VND-122,GitHub Inc. (Microsoft),GitHub,https://github.com,Trusted Vendor,Commercial Vendor,United States,Partial,2026-03-26,5493001KJTIIGC8Y1R12,"GitHub, Inc.",ACTIVE,https://search.gleif.org/#/record/5493001KJTIIGC8Y1R12,2026-05-06,lei_verified,url_authoritative,url_authoritative,,github,,active,,
VND-123,Jenkins / CloudBees,Jenkins,https://jenkins.io,Open Source Foundation,Open Source Foundation,International,Partial,2026-03-26,,,,,,lei_not_applicable,url_needs_review,missing,LEI not applicable: open-source project / government agency / non-profit consortium,,,active,,
VND-124,CircleCI LLC,CircleCI,https://circleci.com,Trusted Vendor,SaaS Platform,United States,Partial,2026-03-26,,,,https://search.gleif.org/#/search/entityName=CircleCI%20LLC,,lei_pending_gleif_lookup,url_needs_review,url_authoritative,LEI lookup required: use GLEIF search link in gleif_url,,,active,,
VND-125,Nvidia Corporation,Nvidia,https://nvidia.com,Trusted Vendor,Commercial Vendor,United States,Active,2026-03-26,549300S4KLFTLO7GSQ80,NVIDIA CORPORATION,ACTIVE,https://search.gleif.org/#/record/549300S4KLFTLO7GSQ80,2026-04-01,lei_verified,url_needs_review,url_authoritative,,,,active,,
VND-126,Siemens AG,Siemens,https://siemens.com,Trusted Vendor,Commercial Vendor,Germany,Partial,2026-03-26,391200GVHYOMW4GQ0Y26,Siemens Pensionsfonds AG,ACTIVE,https://search.gleif.org/#/record/391200GVHYOMW4GQ0Y26,2026-04-01,lei_verified,url_needs_review,url_authoritative,,,,active,,
VND-127,Broadcom Inc.,Broadcom,https://broadcom.com,Trusted Vendor,Commercial Vendor,United States,Partial,2026-03-26,549300WV6GIDOZJTV909,BROADCOM INC.,ACTIVE,https://search.gleif.org/#/record/549300WV6GIDOZJTV909,2026-04-01,lei_verified,url_needs_review,url_authoritative,,,,active,,
VND-128,Dragos Inc.,Dragos,https://dragos.com,Trusted Vendor,Commercial Vendor,United States,,2026-03-26,,,,https://search.gleif.org/#/search/entityName=Dragos%20Inc.,,lei_pending_gleif_lookup,url_needs_review,url_authoritative,LEI lookup required: use GLEIF search link in gleif_url,,,active,,
VND-129,Claroty Ltd.,Claroty,https://claroty.com,Trusted Vendor,Commercial Vendor,Israel,,2026-03-26,,,,https://search.gleif.org/#/search/entityName=Claroty%20Ltd.,,lei_pending_gleif_lookup,url_needs_review,url_authoritative,LEI lookup required: use GLEIF search link in gleif_url,,,active,,
VND-130,Nozomi Networks Inc.,Nozomi Networks,https://nozomi.com,Trusted Vendor,Commercial Vendor,United States,,2026-03-26,,,,https://search.gleif.org/#/search/entityName=Nozomi%20Networks%20Inc.,,lei_pending_gleif_lookup,url_authoritative,url_authoritative,LEI lookup required: use GLEIF search link in gleif_url,,,active,,
VND-131,VIAVI Solutions Inc.,VIAVI Solutions,https://viavisolutions.com,Trusted Vendor,Commercial Vendor,United States,,2026-03-26,5493006K3E3N1QOBF092,VIAVI SOLUTIONS INC.,ACTIVE,https://search.gleif.org/#/record/5493006K3E3N1QOBF092,2026-04-01,lei_verified,url_needs_review,url_authoritative,,,,active,,
VND-132,Keysight Technologies Inc.,Keysight,https://keysight.com,Trusted Vendor,Commercial Vendor,United States,Partial,2026-03-26,549300GLKVIO8YRCYN02,"KEYSIGHT TECHNOLOGIES, INC.",ACTIVE,https://search.gleif.org/#/record/549300GLKVIO8YRCYN02,2026-04-01,lei_verified,url_needs_review,url_authoritative,,,,active,,
VND-133,Mavenir Systems Inc.,Mavenir,https://mavenir.com,Trusted Vendor,Commercial Vendor,United States,Partial,2026-03-26,,,,https://search.gleif.org/#/search/entityName=Mavenir%20Systems%20Inc.,,lei_pending_gleif_lookup,url_needs_review,url_authoritative,LEI lookup required: use GLEIF search link in gleif_url,,,active,,
VND-134,Rakuten Symphony Inc.,Rakuten Symphony,https://symphony.rakuten.com,Trusted Vendor,Commercial Vendor,Japan,Partial,2026-03-26,35380097GN15K7MH4A20,"Rakuten Symphony, Inc.",ACTIVE,https://search.gleif.org/#/record/35380097GN15K7MH4A20,2026-05-06,lei_verified,url_needs_review,url_authoritative,,,,active,,
VND-135,Hitachi Ltd.,Hitachi,https://www.hitachi.com/,Trusted Vendor,Commercial Vendor,Japan,Partial,2026-03-26,353800C15MTAXVLM9G86,"HITACHI, LTD.",ACTIVE,https://search.gleif.org/#/record/353800C15MTAXVLM9G86,2026-05-06,lei_verified,url_authoritative,url_authoritative,,,,active,,
VND-136,Descope Inc.,Descope,https://descope.com,Trusted Vendor,Commercial Vendor,United States,Partial,2026-03-26,,,,https://search.gleif.org/#/search/entityName=Descope%20Inc.,,lei_pending_gleif_lookup,url_needs_review,url_authoritative,LEI lookup required: use GLEIF search link in gleif_url,,,active,,
VND-137,FusionAuth Inc.,FusionAuth,https://fusionauth.io,Trusted Vendor,Commercial Vendor,United States,,2026-03-26,,,,https://search.gleif.org/#/search/entityName=FusionAuth%20Inc.,,lei_pending_gleif_lookup,url_needs_review,url_authoritative,LEI lookup required: use GLEIF search link in gleif_url,,,active,,
VND-138,Stytch Inc.,Stytch,https://stytch.com,Trusted Vendor,Commercial Vendor,United States,,2026-03-26,254900AQYS03VQOJGM87,"Stytch, Inc.",ACTIVE,https://search.gleif.org/#/record/254900AQYS03VQOJGM87,2026-04-01,lei_verified,url_needs_review,url_authoritative,,,,active,,
VND-139,Qrypt Inc.,Qrypt,https://qrypt.com,Trusted Vendor,Commercial Vendor,United States,Active,2026-03-26,,,,https://search.gleif.org/#/search/entityName=Qrypt%20Inc.,,lei_pending_gleif_lookup,url_needs_review,url_authoritative,LEI lookup required: use GLEIF search link in gleif_url,qrypt,,active,,
VND-140,Forward Edge-AI Inc.,Forward Edge-AI,https://forwardedge-ai.com,Trusted Vendor,Commercial Vendor,United States,Active,2026-03-26,,,,https://search.gleif.org/#/search/entityName=Forward%20Edge-AI%20Inc.,,lei_pending_gleif_lookup,url_needs_review,url_authoritative,LEI lookup required: use GLEIF search link in gleif_url,,,active,,
VND-141,PQC-LEO Authors,PQC-LEO,https://github.com/PQC-LEO,Research Project,Research Project,International,Active,2026-03-26,,,,,,lei_not_applicable,url_authoritative,missing,LEI not applicable: open-source project / government agency / non-profit consortium,github,,active,,
VND-142,Cranium Inc.,Cranium AI,https://cranium.ai,Trusted Vendor,Commercial Vendor,United States,,2026-03-26,,,,https://search.gleif.org/#/search/entityName=Cranium%20Inc.,,lei_pending_gleif_lookup,url_needs_review,url_authoritative,LEI lookup required: use GLEIF search link in gleif_url,,,active,,
VND-143,HiddenLayer Inc.,HiddenLayer,https://hiddenlayer.ai,Trusted Vendor,Commercial Vendor,United States,,2026-03-26,,,,https://search.gleif.org/#/search/entityName=HiddenLayer%20Inc.,,lei_pending_gleif_lookup,url_needs_review,url_authoritative,LEI lookup required: use GLEIF search link in gleif_url,,,active,,
VND-144,Lakera AG,Lakera,https://lakera.ai,Trusted Vendor,Commercial Vendor,Switzerland,,2026-03-26,,,,https://search.gleif.org/#/search/entityName=Lakera%20AG,,lei_pending_gleif_lookup,url_needs_review,url_authoritative,LEI lookup required: use GLEIF search link in gleif_url,,,active,,
VND-145,Protect AI Inc.,Protect AI,https://protectai.com,Trusted Vendor,Commercial Vendor,United States,,2026-03-26,,,,https://search.gleif.org/#/search/entityName=Protect%20AI%20Inc.,,lei_pending_gleif_lookup,url_needs_review,url_authoritative,LEI lookup required: use GLEIF search link in gleif_url,,,active,,
VND-146,Robust Intelligence Inc.,Robust Intelligence,https://robustintelligence.com,Trusted Vendor,Commercial Vendor,United States,,2026-03-26,,,,https://search.gleif.org/#/search/entityName=Robust%20Intelligence%20Inc.,,lei_pending_gleif_lookup,url_authoritative,url_authoritative,LEI lookup required: use GLEIF search link in gleif_url,,,active,,
VND-147,Galileo Technologies Inc.,Galileo,https://rungalileo.io,Trusted Vendor,Commercial Vendor,United States,,2026-03-26,254900M0NSSA3K4GQJ26,"GALILEO TECHNOLOGIES, INC.",ACTIVE,https://search.gleif.org/#/record/254900M0NSSA3K4GQJ26,2026-04-01,lei_verified,url_needs_review,url_authoritative,,,,active,,
VND-148,Advanced Micro Devices Inc.,AMD,https://amd.com,Trusted Vendor,Commercial Vendor,United States,Active,2026-03-26,R2I72C950HOYXII45366,"ADVANCED MICRO DEVICES, INC.",ACTIVE,https://search.gleif.org/#/record/R2I72C950HOYXII45366,2026-04-01,lei_verified,url_needs_review,url_authoritative,,,,active,,
VND-149,ARM Holdings plc,ARM,https://arm.com,Trusted Vendor,Commercial Vendor,United Kingdom,Active,2026-03-26,2138001E66EELTE7Y904,ARM HOLDINGS PLC,ACTIVE,https://search.gleif.org/#/record/2138001E66EELTE7Y904,2026-04-01,lei_verified,url_needs_review,url_authoritative,,,,active,,
VND-150,Qualcomm Incorporated,Qualcomm,https://qualcomm.com,Trusted Vendor,Commercial Vendor,United States,Active,2026-03-26,H1J8DDZKZP6H7RWC0H53,QUALCOMM INCORPORATED,ACTIVE,https://search.gleif.org/#/record/H1J8DDZKZP6H7RWC0H53,2026-04-01,lei_verified,url_needs_review,url_authoritative,,,,active,,
VND-151,Microchip Technology Inc.,Microchip,https://microchip.com,Trusted Vendor,Commercial Vendor,United States,Active,2026-03-26,,,,https://search.gleif.org/#/search/entityName=Microchip%20Technology%20Inc.,,lei_pending_gleif_lookup,url_needs_review,url_authoritative,LEI lookup required: use GLEIF search link in gleif_url,,,active,,
VND-152,Adtran Networks SE (formerly ADVA),Adtran Networks,https://adtran.com,Trusted Vendor,Commercial Vendor,Germany,Partial,2026-03-26,529900G3SW56SHYNPR83,ADTRAN Networks SE,ACTIVE,https://search.gleif.org/#/record/529900G3SW56SHYNPR83,2026-05-06,lei_verified,url_needs_review,url_authoritative,,adva,,active,,
VND-153,Ciena Corporation,Ciena,https://ciena.com,Trusted Vendor,Commercial Vendor,United States,Partial,2026-03-26,W0CZ7N0GH8UIGXDM1H41,CIENA CORPORATION,ACTIVE,https://search.gleif.org/#/record/W0CZ7N0GH8UIGXDM1H41,2026-04-01,lei_verified,url_needs_review,url_authoritative,,ciena,,active,,
VND-154,Ericsson AB,Ericsson,https://ericsson.com,Trusted Vendor,Commercial Vendor,Sweden,Active,2026-03-26,636700R18UA80HNGC224,Ståhle & Ericsson AB,ACTIVE,https://search.gleif.org/#/record/636700R18UA80HNGC224,2026-04-01,lei_verified,url_needs_review,url_authoritative,,ericsson,,active,,
VND-155,Nokia Corporation,Nokia,https://nokia.com,Trusted Vendor,Commercial Vendor,Finland,Active,2026-03-26,5299004VJSYL2HM0ZC90,Nokia Corporation,ACTIVE,https://search.gleif.org/#/record/5299004VJSYL2HM0ZC90,2026-05-06,lei_verified,url_needs_review,url_authoritative,,nokia,,active,,
VND-156,Quantum Bridge Technologies Inc.,Quantum Bridge,https://quantumbridge.com,Trusted Vendor,Commercial Vendor,Canada,Active,2026-03-26,,,,https://search.gleif.org/#/search/entityName=Quantum%20Bridge%20Technologies%20Inc.,,lei_pending_gleif_lookup,url_authoritative,url_authoritative,LEI lookup required: use GLEIF search link in gleif_url,,,active,,
VND-157,ID Quantique SA,ID Quantique,https://idquantique.com,Trusted Vendor,Commercial Vendor,Switzerland,Active,2026-03-26,5493001PZGVZJKF4EF62,ID Quantique SA,ACTIVE,https://search.gleif.org/#/record/5493001PZGVZJKF4EF62,2026-05-06,lei_verified,url_needs_review,url_authoritative,,,,active,,
VND-158,Toshiba Corporation,Toshiba,https://toshiba.com,Trusted Vendor,Commercial Vendor,Japan,Active,2026-03-26,353800NSUYMK9ZXLXM57,TOSHIBA CORPORATION,ACTIVE,https://search.gleif.org/#/record/353800NSUYMK9ZXLXM57,2026-05-06,lei_verified,url_needs_review,url_authoritative,,,,active,,
VND-159,Giesecke+Devrient GmbH,G+D,https://gi-de.com,Trusted Vendor,Commercial Vendor,Germany,Active,2026-03-26,529900YGGJOGXCNDQC85,Giesecke+Devrient Currency Technology GmbH,ACTIVE,https://search.gleif.org/#/record/529900YGGJOGXCNDQC85,2026-04-01,lei_verified,url_needs_review,url_authoritative,,,,active,,
VND-160,BeyondTrust Corporation,BeyondTrust,https://beyondtrust.com,Trusted Vendor,Commercial Vendor,United States,,2026-03-26,,,,https://search.gleif.org/#/search/entityName=BeyondTrust%20Corporation,,lei_pending_gleif_lookup,url_needs_review,url_authoritative,LEI lookup required: use GLEIF search link in gleif_url,,,active,,
VND-161,CrowdStrike Holdings Inc.,CrowdStrike,https://crowdstrike.com,Trusted Vendor,Commercial Vendor,United States,,2026-03-26,549300YBY08K9KM4HX32,"CROWDSTRIKE HOLDINGS, INC.",ACTIVE,https://search.gleif.org/#/record/549300YBY08K9KM4HX32,2026-04-01,lei_verified,url_needs_review,url_authoritative,,,,active,,
VND-162,CyberArk Software Ltd.,CyberArk,https://cyberark.com,Trusted Vendor,Commercial Vendor,Israel,,2026-03-26,529900YEXNDM894PWS93,CyberArk Software Ltd.,ACTIVE,https://search.gleif.org/#/record/529900YEXNDM894PWS93,2026-04-01,lei_verified,url_needs_review,url_authoritative,,,,active,,
VND-164,Qualys Inc.,Qualys,https://qualys.com,Trusted Vendor,Commercial Vendor,United States,,2026-03-26,549300EMBXYOW9W1XA17,"QUALYS, INC.",ACTIVE,https://search.gleif.org/#/record/549300EMBXYOW9W1XA17,2026-04-01,lei_verified,url_needs_review,url_authoritative,,,,active,,
VND-165,Rapid7 Inc.,Rapid7,https://rapid7.com,Trusted Vendor,Commercial Vendor,United States,,2026-03-26,549300GNVG5D60KEYN14,"RAPID7, INC.",ACTIVE,https://search.gleif.org/#/record/549300GNVG5D60KEYN14,2026-04-01,lei_verified,url_needs_review,url_authoritative,,,,active,,
VND-166,Adobe Inc.,Adobe,https://adobe.com,Trusted Vendor,Commercial Vendor,United States,,2026-03-26,FU4LY2G4933NH2E1CP29,ADOBE INC.,ACTIVE,https://search.gleif.org/#/record/FU4LY2G4933NH2E1CP29,2026-04-01,lei_verified,url_authoritative,url_authoritative,,,,active,,
VND-167,AppViewX Inc.,AppViewX,https://appviewx.com,Trusted Vendor,Commercial Vendor,United States,,2026-03-26,984500495DBD8DNF1D68,"APPVIEWX, INC.",ACTIVE,https://search.gleif.org/#/record/984500495DBD8DNF1D68,2026-04-01,lei_verified,url_needs_review,url_authoritative,,,,active,,
VND-168,Arqit Quantum Inc.,Arqit,https://arqit.uk,Trusted Vendor,Commercial Vendor,United Kingdom,Active,2026-03-26,254900G93Z1SN49J9J68,ARQIT QUANTUM INC.,ACTIVE,https://search.gleif.org/#/record/254900G93Z1SN49J9J68,2026-04-01,lei_verified,url_needs_review,url_authoritative,,,,active,,
VND-169,Cryptomathic A/S,Cryptomathic,https://cryptomathic.com,Trusted Vendor,Commercial Vendor,Denmark,Active,2026-03-26,254900D56CUAAGTKZ214,CRYPTOMATHIC A/S,ACTIVE,https://search.gleif.org/#/record/254900D56CUAAGTKZ214,2026-04-01,lei_verified,url_needs_review,url_authoritative,,,,active,,
VND-170,Delinea Inc.,Delinea,https://delinea.com,Trusted Vendor,Commercial Vendor,United States,,2026-03-26,98450012C62DD794AE31,DELINEA INC.,ACTIVE,https://search.gleif.org/#/record/98450012C62DD794AE31,2026-04-01,lei_verified,url_needs_review,url_authoritative,,,,active,,
VND-171,DocuSign Inc.,DocuSign,https://docusign.com,Trusted Vendor,SaaS Platform,United States,,2026-03-26,549300Q7PVDWRZ39JG09,"DOCUSIGN, INC.",ACTIVE,https://search.gleif.org/#/record/549300Q7PVDWRZ39JG09,2026-04-01,lei_verified,url_needs_review,url_authoritative,,,,active,,
VND-172,Elastic NV,Elastic,https://elastic.co,Trusted Vendor,Commercial Vendor,Netherlands,,2026-03-26,724500FLZQKJDNN9TD20,ELASTIC N.V.,ACTIVE,https://search.gleif.org/#/record/724500FLZQKJDNN9TD20,2026-05-06,lei_verified,url_needs_review,url_authoritative,,,,active,,
VND-173,GlobalSign Ltd.,GlobalSign,https://globalsign.com,Trusted Vendor,Commercial Vendor,United Kingdom,Active,2026-03-26,2138008ZOJATNYEVZG72,GlobalSign nv-sa,ACTIVE,https://search.gleif.org/#/record/2138008ZOJATNYEVZG72,2026-05-06,lei_verified,url_needs_review,url_authoritative,,,,active,,
VND-174,JFrog Ltd.,JFrog,https://jfrog.com,Trusted Vendor,Commercial Vendor,United States,,2026-03-26,529900WM3BVFLNOPUY96,JFrog Ltd.,ACTIVE,https://search.gleif.org/#/record/529900WM3BVFLNOPUY96,2026-05-06,lei_verified,url_needs_review,url_authoritative,,,,active,,
VND-175,JumpCloud Inc.,JumpCloud,https://jumpcloud.com,Trusted Vendor,Commercial Vendor,United States,,2026-03-26,254900Q8Q2TLW37CO742,JUMPCLOUD INC.,ACTIVE,https://search.gleif.org/#/record/254900Q8Q2TLW37CO742,2026-04-01,lei_verified,url_needs_review,url_authoritative,,,,active,,
VND-176,Kong Inc.,Kong,https://konghq.com,Trusted Vendor,Commercial Vendor,United States,,2026-03-26,64881AE38K9K51S6YN72,Kong Inc.,ACTIVE,https://search.gleif.org/#/record/64881AE38K9K51S6YN72,2026-04-01,lei_verified,url_needs_review,url_authoritative,,,,active,,
VND-177,NEC Corporation,NEC,https://nec.com,Trusted Vendor,Commercial Vendor,Japan,Partial,2026-03-26,353800A03KHFMV4ZKS34,NEC CORPORATION,ACTIVE,https://search.gleif.org/#/record/353800A03KHFMV4ZKS34,2026-05-06,lei_verified,url_needs_review,url_authoritative,,,,active,,
VND-178,Ping Identity Holdings Corp.,Ping Identity,https://pingidentity.com,Trusted Vendor,Commercial Vendor,United States,,2026-03-26,549300PXUGBQMPHRB789,Ping Identity Holding Corp.,ACTIVE,https://search.gleif.org/#/record/549300PXUGBQMPHRB789,2026-05-06,lei_verified,url_needs_review,url_authoritative,,,,active,,
VND-179,Quantinuum Ltd.,Quantinuum,https://quantinuum.com,Trusted Vendor,Commercial Vendor,United Kingdom,Active,2026-03-26,21380068R1FSHNXO5N75,Quantinuum Ltd,ACTIVE,https://search.gleif.org/#/record/21380068R1FSHNXO5N75,2026-05-06,lei_verified,url_needs_review,url_authoritative,,quantinuum,,active,,
VND-180,QuintessenceLabs Pty Ltd.,QuintessenceLabs,https://quintessencelabs.com,Trusted Vendor,Commercial Vendor,Australia,Active,2026-03-26,549300FB7GHEXGCNF327,QuintessenceLabs Pty Ltd,ACTIVE,https://search.gleif.org/#/record/549300FB7GHEXGCNF327,2026-05-06,lei_verified,url_needs_review,url_authoritative,,,,active,,
VND-181,Sectigo Ltd.,Sectigo,https://sectigo.com,Trusted Vendor,Commercial Vendor,United States,Active,2026-03-26,213800JTMVKZ6JH9I480,Sectigo Limited,ACTIVE,https://search.gleif.org/#/record/213800JTMVKZ6JH9I480,2026-05-06,lei_verified,url_needs_review,url_authoritative,,sectigo,,active,,
VND-182,Sonatype Inc.,Sonatype,https://sonatype.com,Trusted Vendor,Commercial Vendor,United States,,2026-03-26,254900YU718YCXYG7I77,"SONATYPE, INC.",ACTIVE,https://search.gleif.org/#/record/254900YU718YCXYG7I77,2026-04-01,lei_verified,url_needs_review,url_authoritative,,,,active,,
VND-183,Splunk Inc. (Cisco),Splunk,https://splunk.com,Trusted Vendor,Commercial Vendor,United States,,2026-03-26,549300J4DRSUAOC5II71,SPLUNK INC.,ACTIVE,https://search.gleif.org/#/record/549300J4DRSUAOC5II71,2026-05-06,lei_verified,url_needs_review,url_authoritative,,,,active,,
VND-184,Gravitational Inc.,Teleport,https://goteleport.com,Trusted Vendor,Commercial Vendor,United States,,2026-03-26,2549001ZJPSS2TVAJV86,"Gravitational, Inc.",ACTIVE,https://search.gleif.org/#/record/2549001ZJPSS2TVAJV86,2026-04-01,lei_verified,url_needs_review,url_authoritative,,,,active,,
VND-185,Tenable Inc.,Tenable,https://tenable.com,Trusted Vendor,Commercial Vendor,United States,,2026-03-26,5493004S5OMPESF0EF83,"TENABLE HOLDINGS, INC.",ACTIVE,https://search.gleif.org/#/record/5493004S5OMPESF0EF83,2026-04-01,lei_verified,url_needs_review,url_authoritative,,,,active,,
VND-186,Traefik Labs,Traefik,https://traefik.io,Trusted Vendor,Hybrid Commercial/Community,France,,2026-03-26,,,,https://search.gleif.org/#/search/entityName=Traefik%20Labs,,lei_pending_gleif_lookup,url_needs_review,url_authoritative,LEI lookup required: use GLEIF search link in gleif_url,,,active,,
VND-187,Tuta GmbH,Tuta,https://tuta.com,Trusted Vendor,Commercial Vendor,Germany,Active,2026-03-26,,,,https://search.gleif.org/#/search/entityName=Tuta%20GmbH,,lei_pending_gleif_lookup,url_needs_review,url_authoritative,LEI lookup required: use GLEIF search link in gleif_url,,,active,,
VND-188,Virtru Corporation,Virtru,https://virtru.com,Trusted Vendor,Commercial Vendor,United States,Partial,2026-03-26,,,,https://search.gleif.org/#/search/entityName=Virtru%20Corporation,,lei_pending_gleif_lookup,url_needs_review,url_authoritative,LEI lookup required: use GLEIF search link in gleif_url,,,active,,
VND-189,Wire Swiss GmbH,Wire,https://wire.com,Trusted Vendor,Commercial Vendor,Switzerland,Partial,2026-03-26,5299009GLMJXTGQK5061,Wire Swiss GmbH,ACTIVE,https://search.gleif.org/#/record/5299009GLMJXTGQK5061,2026-04-01,lei_verified,url_needs_review,url_authoritative,,,,active,,
VND-190,Zscaler Inc.,Zscaler,https://zscaler.com,Trusted Vendor,Commercial Vendor,United States,,2026-03-26,529900MZ0RTK1BWRNF46,"ZSCALER, INC.",ACTIVE,https://search.gleif.org/#/record/529900MZ0RTK1BWRNF46,2026-04-01,lei_verified,url_needs_review,url_authoritative,,,,active,,
VND-191,AnyDesk Software GmbH,AnyDesk,https://anydesk.com,Trusted Vendor,Commercial Vendor,Germany,,2026-03-26,,,,https://search.gleif.org/#/search/entityName=AnyDesk%20Software%20GmbH,,lei_pending_gleif_lookup,url_needs_review,url_authoritative,LEI lookup required: use GLEIF search link in gleif_url,,,active,,
VND-192,Garantir Inc.,Garantir,https://garantir.io,Trusted Vendor,Commercial Vendor,United States,Active,2026-03-26,,,,https://search.gleif.org/#/search/entityName=Garantir%20Inc.,,lei_pending_gleif_lookup,url_needs_review,url_authoritative,LEI lookup required: use GLEIF search link in gleif_url,,,active,,
VND-193,MikroTik SIA,MikroTik,https://mikrotik.com,Trusted Vendor,Commercial Vendor,Latvia,,2026-03-26,,,,https://search.gleif.org/#/search/entityName=MikroTik%20SIA,,lei_pending_gleif_lookup,url_needs_review,url_authoritative,LEI lookup required: use GLEIF search link in gleif_url,,,active,,
VND-194,Deciso BV,Deciso / OPNsense,https://deciso.com,Trusted Vendor,Hybrid Commercial/Community,Netherlands,,2026-03-26,,,,https://search.gleif.org/#/search/entityName=Deciso%20BV,,lei_pending_gleif_lookup,url_needs_review,url_authoritative,LEI lookup required: use GLEIF search link in gleif_url,,,active,,
VND-195,Netgate Inc.,Netgate / pfSense,https://netgate.com,Trusted Vendor,Hybrid Commercial/Community,United States,,2026-03-26,,,,https://search.gleif.org/#/search/entityName=Netgate%20Inc.,,lei_pending_gleif_lookup,url_needs_review,url_authoritative,LEI lookup required: use GLEIF search link in gleif_url,,,active,,
VND-196,GnuPG Project,GnuPG,https://gnupg.org,Open Source Community,Open Source Community,Germany,Partial,2026-03-26,,,,,,lei_not_applicable,url_needs_review,missing,LEI not applicable: open-source project / government agency / non-profit consortium,,,active,,
VND-197,HAProxy Technologies,HAProxy,https://haproxy.org,Open Source Community,Open Source Community,International,,2026-03-26,,,,https://search.gleif.org/#/search/entityName=HAProxy%20Technologies,,lei_pending_gleif_lookup,url_needs_review,url_authoritative,LEI lookup required: use GLEIF search link in gleif_url,,,active,,
VND-198,Linux Foundation,Linux Foundation,https://linuxfoundation.org,Open Source Foundation,Open Source Foundation,International,Partial,2026-03-26,,,,,,lei_not_applicable,url_needs_review,missing,LEI not applicable: open-source project / government agency / non-profit consortium,lf-qsc,,active,,
VND-199,OpenJS Foundation,OpenJS / Node.js,https://openjsf.org,Open Source Foundation,Open Source Foundation,International,,2026-03-26,,,,,,lei_not_applicable,url_needs_review,missing,LEI not applicable: open-source project / government agency / non-profit consortium,,,active,,
VND-200,OpenWrt Project,OpenWrt,https://openwrt.org,Open Source Community,Open Source Community,International,,2026-03-26,,,,,,lei_not_applicable,url_needs_review,missing,LEI not applicable: open-source project / government agency / non-profit consortium,,,active,,
VND-201,FreeBSD Foundation,FreeBSD,https://freebsdfoundation.org,Open Source Foundation,Open Source Foundation,International,,2026-03-26,,,,,,lei_not_applicable,url_needs_review,missing,LEI not applicable: open-source project / government agency / non-profit consortium,,,active,,
VND-202,Debian Project,Debian,https://debian.org,Open Source Community,Open Source Community,International,,2026-03-26,,,,,,lei_not_applicable,url_needs_review,missing,LEI not applicable: open-source project / government agency / non-profit consortium,,,active,,
VND-203,Zeek Project,Zeek,https://zeek.org,Open Source Community,Open Source Community,International,,2026-03-26,,,,,,lei_not_applicable,url_needs_review,missing,LEI not applicable: open-source project / government agency / non-profit consortium,,,active,,
VND-204,Open Information Security Foundation,OISF / Suricata,https://oisf.net,Open Source Foundation,Open Source Foundation,International,,2026-03-26,,,,,,lei_not_applicable,url_needs_review,missing,LEI not applicable: open-source project / non-profit,,,active,,
VND-205,Libreswan Project,Libreswan,https://libreswan.org,Open Source Community,Open Source Community,International,Active,2026-03-26,,,,,,lei_not_applicable,url_needs_review,missing,LEI not applicable: open-source project / government agency / non-profit consortium,,,active,,
VND-206,VeraCrypt Project,VeraCrypt,https://veracrypt.fr,Open Source Community,Open Source Community,International,,2026-03-26,,,,,,lei_not_applicable,url_needs_review,missing,LEI not applicable: open-source project / government agency / non-profit consortium,,,active,,
VND-207,TianoCore Community,TianoCore,https://www.tianocore.org/,Open Source Community,Open Source Community,International,,2026-03-26,,,,,,lei_not_applicable,url_authoritative,missing,LEI not applicable: open-source project / government agency / non-profit consortium,,,active,,
VND-208,p11-glue Project,p11-glue / SoftHSM2,https://p11-glue.github.io,Open Source Community,Open Source Community,International,,2026-03-26,,,,,,lei_not_applicable,url_authoritative,missing,LEI not applicable: open-source project / government agency / non-profit consortium,,,active,,
VND-209,Alpine Linux Project,Alpine Linux,https://alpinelinux.org,Open Source Community,Open Source Community,International,,2026-03-26,,,,,,lei_not_applicable,url_needs_review,missing,LEI not applicable: open-source project / government agency / non-profit consortium,,,active,,
VND-210,Rocky Linux Foundation,Rocky Linux,https://rockylinux.org,Open Source Foundation,Open Source Foundation,International,,2026-03-26,,,,,,lei_not_applicable,url_needs_review,missing,LEI not applicable: open-source project / government agency / non-profit consortium,,,active,,
VND-211,NixOS Foundation,NixOS,https://nixos.org,Open Source Foundation,Open Source Foundation,International,,2026-03-26,,,,,,lei_not_applicable,url_needs_review,missing,LEI not applicable: open-source project / government agency / non-profit consortium,,,active,,
VND-212,Arch Linux Project,Arch Linux,https://archlinux.org,Open Source Community,Open Source Community,International,,2026-03-26,,,,,,lei_not_applicable,url_needs_review,missing,LEI not applicable: open-source project / government agency / non-profit consortium,,,active,,
VND-213,coreboot Project,coreboot,https://coreboot.org,Open Source Community,Open Source Community,International,,2026-03-26,,,,,,lei_not_applicable,url_needs_review,missing,LEI not applicable: open-source project / government agency / non-profit consortium,,,active,,
VND-214,Animo Solutions BV,Animo / Paradym,https://animo.id,Trusted Vendor,Commercial Vendor,Netherlands,,2026-03-26,,,,https://search.gleif.org/#/search/entityName=Animo%20Solutions%20BV,,lei_pending_gleif_lookup,url_needs_review,url_authoritative,LEI lookup required: use GLEIF search link in gleif_url,,,active,,
VND-215,Procivis AG,Procivis,https://procivis.ch,Trusted Vendor,Commercial Vendor,Switzerland,,2026-03-26,,,,https://search.gleif.org/#/search/entityName=Procivis%20AG,,lei_pending_gleif_lookup,url_needs_review,url_authoritative,LEI lookup required: use GLEIF search link in gleif_url,,,active,,
VND-216,Sphereon BV,Sphereon,https://sphereon.com,Trusted Vendor,Commercial Vendor,Netherlands,,2026-03-26,,,,https://search.gleif.org/#/search/entityName=Sphereon%20BV,,lei_pending_gleif_lookup,url_needs_review,url_authoritative,LEI lookup required: use GLEIF search link in gleif_url,,,active,,
VND-217,Spruce Systems Inc.,SpruceID,https://spruceid.com,Trusted Vendor,Commercial Vendor,United States,,2026-03-26,2549003085N0NADX0X11,"SPRUCE SYSTEMS, INC.",ACTIVE,https://search.gleif.org/#/record/2549003085N0NADX0X11,2026-04-01,lei_verified,url_needs_review,url_authoritative,,,,active,,
VND-218,walt.id GmbH,walt.id,https://walt.id,Trusted Vendor,Commercial Vendor,Austria,,2026-03-26,,,,https://search.gleif.org/#/search/entityName=walt.id%20GmbH,,lei_pending_gleif_lookup,url_needs_review,url_authoritative,LEI lookup required: use GLEIF search link in gleif_url,,,active,,
VND-219,CREDEBL Community,CREDEBL,https://credebl.id,Open Source Community,Open Source Community,International,,2026-03-26,,,,,,lei_not_applicable,url_needs_review,missing,LEI not applicable: open-source project / government agency / non-profit consortium,,,active,,
VND-220,European Commission,European Commission,https://digital-strategy.ec.europa.eu,Government / Standards Body,Government / Standards Body,European Union,Active,2026-03-26,,,,,,lei_not_applicable,url_needs_review,missing,LEI not applicable: open-source project / government agency / non-profit consortium,ec,,active,,
VND-221,CockroachDB Inc.,CockroachDB,https://cockroachlabs.com,Trusted Vendor,Commercial Vendor,United States,,2026-03-26,,,,https://search.gleif.org/#/search/entityName=CockroachDB%20Inc.,,lei_pending_gleif_lookup,url_needs_review,url_authoritative,LEI lookup required: use GLEIF search link in gleif_url,,,active,,
VND-222,MongoDB Inc.,MongoDB,https://mongodb.com,Trusted Vendor,Commercial Vendor,United States,,2026-03-26,549300TPTG69WKWE1Z37,"MONGODB, INC.",ACTIVE,https://search.gleif.org/#/record/549300TPTG69WKWE1Z37,2026-04-01,lei_verified,url_needs_review,url_authoritative,,,,active,,
VND-223,UEFI Forum,UEFI Forum,https://uefi.org,Government / Standards Body,Government / Standards Body,International,,2026-03-26,,,,,,lei_not_applicable,url_needs_review,missing,LEI not applicable: open-source project / government agency / non-profit consortium,uefi-forum,,active,,
VND-224,Smallstep Labs Inc.,Smallstep,https://smallstep.com,Trusted Vendor,Commercial Vendor,United States,Active,2026-03-26,636700IJQG1DLEXZK504,"SMALLSTEP LABS, INC.",ACTIVE,https://search.gleif.org/#/record/636700IJQG1DLEXZK504,2026-04-01,lei_verified,url_needs_review,url_authoritative,,,,active,,
VND-225,Proton AG,Proton,https://proton.me,Trusted Vendor,Commercial Vendor,Switzerland,Active,2026-03-26,506700YLQ614KA7PB723,Proton AG,ACTIVE,https://search.gleif.org/#/record/506700YLQ614KA7PB723,2026-04-01,lei_verified,url_needs_review,url_authoritative,,,,active,,
VND-226,Element HQ Ltd.,Element,https://element.io,Trusted Vendor,Hybrid Commercial/Community,United Kingdom,Partial,2026-03-26,,,,https://search.gleif.org/#/search/entityName=Element%20HQ%20Ltd.,,lei_pending_gleif_lookup,url_needs_review,url_authoritative,LEI lookup required: use GLEIF search link in gleif_url,,,active,,
VND-227,SUSE LLC (openSUSE),openSUSE,https://opensuse.org,Open Source Community,Hybrid Commercial/Community,Germany,Active,2026-03-26,5493000IBP32UQI0XN17,SUSE LLC,ACTIVE,https://search.gleif.org/#/record/5493000IBP32UQI0XN17,2026-05-06,lei_verified,url_needs_review,url_authoritative,,,,active,,
VND-228,Simon Tatham / PuTTY Project,PuTTY,https://putty.org,Open Source Community,Open Source Community,United Kingdom,,2026-03-26,,,,,,lei_not_applicable,url_needs_review,missing,LEI not applicable: open-source project / government agency / non-profit consortium,,,active,,
VND-229,CyberZero,CyberZero,https://cyberzero.io,Vendor,Commercial Vendor,Canada,Active,2026-04-01,,,,https://search.gleif.org/#/search/entityName=CyberZero,,lei_pending_gleif_lookup,url_needs_review,url_authoritative,LEI lookup required: use GLEIF search link in gleif_url,,,active,,
VND-230,Confluent Inc.,Confluent,https://www.confluent.io,Trusted Vendor,Commercial Vendor,United States,Partial,2026-03-31,549300OQNFXEVUYVSE25,"CONFLUENT, INC.",ACTIVE,https://search.gleif.org/#/record/549300OQNFXEVUYVSE25,2026-05-06,lei_verified,url_needs_review,url_authoritative,,,,active,,
VND-231,Wiz Inc.,Wiz,https://www.wiz.io,Trusted Vendor,Commercial Vendor,United States,Partial,2026-03-31,,,,https://search.gleif.org/#/search/entityName=Wiz%20Inc.,,lei_pending_gleif_lookup,url_needs_review,url_authoritative,LEI lookup required: use GLEIF search link in gleif_url,,,active,,
VND-232,Veritas Technologies LLC,Veritas,https://www.veritas.com,Trusted Vendor,Commercial Vendor,United States,Partial,2026-03-31,,,,https://search.gleif.org/#/search/entityName=Veritas%20Technologies%20LLC,,lei_pending_gleif_lookup,url_needs_review,url_authoritative,LEI lookup required: use GLEIF search link in gleif_url,,,active,,
VND-233,Huawei Technologies Co. Ltd.,Huawei,https://www.huawei.com,Trusted Vendor,Commercial Vendor,China,Active,2026-03-31,2138003CNZLK0ABXL569,"HUAWEI TECHNOLOGIES CO., LTD.",ACTIVE,https://search.gleif.org/#/record/2138003CNZLK0ABXL569,2026-05-06,lei_verified,url_needs_review,url_authoritative,,,,active,,
VND-234,NTT Corporation,NTT,https://www.ntt.com,Trusted Vendor,Commercial Vendor,Japan,Active,2026-03-31,353800A3OOTBUAI4LC36,NIPPON TELEGRAPH AND TELEPHONE CORPORATION,ACTIVE,https://search.gleif.org/#/record/353800A3OOTBUAI4LC36,2026-05-06,lei_verified,url_needs_review,url_authoritative,,,,active,,
VND-235,Samsung SDS Co. Ltd.,Samsung SDS,https://www.samsungsds.com,Trusted Vendor,Commercial Vendor,South Korea,Active,2026-03-31,98450048A8A4WS2F1L35,"Samsung SDS Co., Ltd.",ACTIVE,https://search.gleif.org/#/record/98450048A8A4WS2F1L35,2026-05-06,lei_verified,url_needs_review,url_authoritative,,,,active,,
VND-236,Centre for Development of Telematics (C-DOT),C-DOT India,https://www.cdot.in,Government / Standards Body,Government / Standards Body,India,Active,2026-03-31,,,,,,lei_not_applicable,url_authoritative,missing,LEI not applicable: open-source project / government agency / non-profit consortium,,,active,,
VND-237,Singapore Telecommunications Ltd.,Singtel,https://www.singtel.com,Trusted Vendor,Commercial Vendor,Singapore,Active,2026-03-31,549300QJQEQ3TE9JF924,Singapore Telecommunications Limited,ACTIVE,https://search.gleif.org/#/record/549300QJQEQ3TE9JF924,2026-05-06,lei_verified,url_needs_review,url_authoritative,,,,active,,
VND-238,Toshiba Research Europe Ltd.,Toshiba Europe,https://www.toshiba.eu/pages/eu/Research-and-Development,Trusted Vendor,Commercial Vendor,United Kingdom,Active,2026-03-31,,,,https://search.gleif.org/#/search/entityName=Toshiba%20Research%20Europe%20Ltd.,,lei_pending_gleif_lookup,url_authoritative,url_authoritative,LEI lookup required: use GLEIF search link in gleif_url,,,active,,
VND-239,Eviden SAS (Atos Group),Eviden,https://eviden.com,Trusted Vendor,Commercial Vendor,France,Active,2026-03-31,,,,https://search.gleif.org/#/search/entityName=Eviden%20SAS%20%28Atos%20Group%29,,lei_pending_gleif_lookup,url_needs_review,url_authoritative,LEI lookup required: use GLEIF search link in gleif_url,,,active,,
VND-240,Orange S.A.,Orange Business,https://www.orange-business.com,Trusted Vendor,Commercial Vendor,France,Active,2026-03-31,969500FJ49NTSUNP5534,ORANGE,ACTIVE,https://search.gleif.org/#/record/969500FJ49NTSUNP5534,2026-05-06,lei_verified,url_needs_review,url_authoritative,,,,active,,
VND-241,secunet Security Networks AG,Secunet,https://www.secunet.com,Trusted Vendor,Commercial Vendor,Germany,Active,2026-03-31,529900T3GKCGNKGQBI57,secunet Security Networks AG,ACTIVE,https://search.gleif.org/#/record/529900T3GKCGNKGQBI57,2026-05-06,lei_verified,url_needs_review,url_authoritative,,,,active,,
VND-242,Genua GmbH (Bundesdruckerei Group),Genua,https://www.genua.de,Trusted Vendor,Commercial Vendor,Germany,Active,2026-03-31,391200VZWK19DPVBFH68,genua GmbH,ACTIVE,https://search.gleif.org/#/record/391200VZWK19DPVBFH68,2026-05-06,lei_verified,url_needs_review,url_authoritative,,,,active,,
VND-243,Vodafone Group Plc,Vodafone,https://www.vodafone.com,Trusted Vendor,Commercial Vendor,United Kingdom,Active,2026-03-31,213800TB53C62WB27Q65,VODAFONE GROUP PLC,ACTIVE,https://search.gleif.org/#/record/213800TB53C62WB27Q65,2026-05-06,lei_verified,url_needs_review,url_authoritative,,,,active,,
VND-244,HP Inc.,HP Inc.,https://www.hp.com,Trusted Vendor,Commercial Vendor,United States,Partial,2026-03-31,549300YENZBVHIG6VE23,HP INC.,ACTIVE,https://search.gleif.org/#/record/549300YENZBVHIG6VE23,2026-05-06,lei_verified,url_needs_review,url_authoritative,,,,active,,
VND-245,PowerDNS BV / deSEC e.V.,PowerDNS / deSEC,https://www.powerdns.com,Open Source Community,Open Source Community,Netherlands,Active,2026-03-31,,,,https://search.gleif.org/#/search/entityName=PowerDNS%20BV%20/%20deSEC%20e.V.,,lei_pending_gleif_lookup,url_needs_review,url_authoritative,LEI lookup required: use GLEIF search link in gleif_url,,,active,,
VND-246,European Telecommunications Standards Institute (ETSI),ETSI,https://www.etsi.org,Government / Standards Body,Government / Standards Body,France,Active,2026-03-31,,,,,,lei_not_applicable,url_authoritative,missing,LEI not applicable: open-source project / government agency / non-profit consortium,etsi-cyber,,active,,
VND-247,Agence nationale de la sécurité des systèmes d'information (ANSSI),ANSSI,https://www.ssi.gouv.fr,Government / Standards Body,Government / Standards Body,France,Active,2026-03-31,,,,,,lei_not_applicable,url_needs_review,missing,LEI not applicable: open-source project / government agency / non-profit consortium,anssi,,active,,
VND-248,Bundesamt für Sicherheit in der Informationstechnik (BSI),BSI,https://www.bsi.bund.de,Government / Standards Body,Government / Standards Body,Germany,Active,2026-03-31,,,,,,lei_not_applicable,url_authoritative,missing,LEI not applicable: open-source project / government agency / non-profit consortium,bsi,,active,,
VND-249,National Cyber Security Centre (NCSC),NCSC UK,https://www.ncsc.gov.uk,Government / Standards Body,Government / Standards Body,United Kingdom,Active,2026-03-31,,,,,,lei_not_applicable,url_authoritative,missing,LEI not applicable: open-source project / government agency / non-profit consortium,ncsc-uk,,active,,
VND-250,National Security Research Institute (NSRI / NIS),NSRI Korea,https://www.nsr.re.kr,Government / Standards Body,Government / Standards Body,South Korea,Active,2026-03-31,,,,,,lei_not_applicable,url_authoritative,missing,LEI not applicable: open-source project / government agency / non-profit consortium,,,active,,
VND-251,Department of Science and Technology (DST) India,DST India,https://dst.gov.in,Government / Standards Body,Government / Standards Body,India,Active,2026-03-31,,,,,,lei_not_applicable,url_needs_review,missing,LEI not applicable: open-source project / government agency / non-profit consortium,,,active,,
VND-252,curl Project (Daniel Stenberg),curl,https://curl.se,Open Source Community,Open Source Community,Sweden,Active,2026-03-31,,,,,,lei_not_applicable,url_needs_review,missing,LEI not applicable: open-source project / government agency / non-profit consortium,,,active,,
VND-253,pQCee Inc.,pQCee,https://www.pqcee.com/,Trusted Vendor,Commercial Vendor,United States,Active,2026-04-01,,,,https://search.gleif.org/#/search/entityName=pQCee%20Inc.,,lei_pending_gleif_lookup,url_authoritative,url_authoritative,LEI lookup required: use GLEIF search link in gleif_url,,,active,,
VND-254,Quantum Xchange Inc.,Quantum Xchange,https://quantumxc.com,Trusted Vendor,Commercial Vendor,United States,Active,2026-04-01,,,,https://search.gleif.org/#/search/entityName=Quantum%20Xchange%20Inc.,,lei_pending_gleif_lookup,url_needs_review,url_authoritative,LEI lookup required: use GLEIF search link in gleif_url,,,active,,
VND-255,Quantum eMotion Inc.,Quantum eMotion,https://www.quantumemotion.com,Trusted Vendor,Commercial Vendor,Canada,Active,2026-04-01,,,,https://search.gleif.org/#/search/entityName=Quantum%20eMotion%20Inc.,,lei_pending_gleif_lookup,url_needs_review,url_authoritative,LEI lookup required: use GLEIF search link in gleif_url,,,active,,
VND-256,KiviCore Oy,KiviCore,https://kivicore.com,Trusted Vendor,Commercial Vendor,Germany,Active,2026-04-01,,,,https://search.gleif.org/#/search/entityName=KiviCore%20Oy,,lei_pending_gleif_lookup,url_needs_review,url_authoritative,LEI lookup required: use GLEIF search link in gleif_url,,,active,,
VND-257,Bank for International Settlements (BIS),BIS,https://www.bis.org,Government / Standards Body,Government / Standards Body,Switzerland,Active,2026-04-01,,,,,,lei_not_applicable,url_needs_review,missing,LEI not applicable: open-source project / government agency / non-profit consortium,bis,,active,,
VND-258,NetSfere (Infinite Convergence Solutions),NetSfere,https://netsfere.com,Trusted Vendor,Commercial Vendor,United States,Active,2026-04-01,,,,https://search.gleif.org/#/search/entityName=NetSfere%20%28Infinite%20Convergence%20Solutions%29,,lei_pending_gleif_lookup,url_needs_review,url_authoritative,LEI lookup required: use GLEIF search link in gleif_url,,,active,,
VND-259,Cellcrypt Limited,Cellcrypt,https://www.cellcrypt.com,Trusted Vendor,Commercial Vendor,United Kingdom,Active,2026-04-01,,,,https://search.gleif.org/#/search/entityName=Cellcrypt%20Limited,,lei_pending_gleif_lookup,url_needs_review,url_authoritative,LEI lookup required: use GLEIF search link in gleif_url,,,active,,
VND-260,Kiteworks Inc.,Kiteworks,https://kiteworks.com,Trusted Vendor,Commercial Vendor,United States,Partial,2026-04-01,,,,https://search.gleif.org/#/search/entityName=Kiteworks%20Inc.,,lei_pending_gleif_lookup,url_needs_review,url_authoritative,LEI lookup required: use GLEIF search link in gleif_url,,,active,,
VND-261,XWiki SAS (CryptPad),CryptPad,https://cryptpad.org,Open Source Foundation,Open Source Foundation,France,Partial,2026-04-01,,,,https://search.gleif.org/#/search/entityName=XWiki%20SAS%20%28CryptPad%29,,lei_pending_gleif_lookup,url_needs_review,url_authoritative,LEI lookup required: use GLEIF search link in gleif_url,,,active,,
VND-262,Technology Innovation Institute (TII),TII,https://www.tii.ae,Research Project,Research Project,United Arab Emirates,Active,2026-04-01,,,,https://search.gleif.org/#/search/entityName=Technology%20Innovation%20Institute%20%28TII%29,,lei_pending_gleif_lookup,url_needs_review,url_authoritative,LEI lookup required: use GLEIF search link in gleif_url,,,active,,
VND-263,Quranium,Quranium,https://www.quranium.org,Blockchain Protocol,Blockchain Protocol,United Arab Emirates,Active,2026-04-01,,,,https://search.gleif.org/#/search/entityName=Quranium,,lei_pending_gleif_lookup,url_needs_review,url_authoritative,,,,active,,
VND-264,Enquantum Ltd.,Enquantum,https://www.enquantum.com,Trusted Vendor,Commercial Vendor,Israel,Active,2026-04-01,,,,https://search.gleif.org/#/search/entityName=Enquantum%20Ltd.,,lei_pending_gleif_lookup,url_needs_review,url_authoritative,LEI lookup required: use GLEIF search link in gleif_url,,,active,,
VND-265,SA QuTI Consortium,SA QuTI,https://saquti.org,Research Project,Research Project,South Africa,Active,2026-04-01,,,,,,lei_not_applicable,url_needs_review,missing,LEI not applicable: open-source project / government agency / non-profit consortium,,,active,,
VND-266,Africa Quantum Consortium,Africa Quantum,https://africaquantum.org,Government / Standards Body,Government / Standards Body,International,Active,2026-04-01,,,,,,lei_not_applicable,url_needs_review,missing,LEI not applicable: open-source project / government agency / non-profit consortium,,,active,,
VND-267,GSM Association (GSMA),GSMA,https://www.gsma.com,Government / Standards Body,Government / Standards Body,United Kingdom,Active,2026-04-01,,,,,,lei_not_applicable,url_authoritative,missing,LEI not applicable: open-source project / government agency / non-profit consortium,gsma,,active,,
VND-268,Kryotech Software,Kryotech,https://vox-messenger.app,Trusted Vendor,Commercial Vendor,Unknown,Active,2026-04-01,,,,https://search.gleif.org/#/search/entityName=Kryotech%20Software,,lei_pending_gleif_lookup,url_needs_review,url_authoritative,LEI lookup required: use GLEIF search link in gleif_url,,,active,,
VND-269,Kryptus Soluções em TI Ltda.,Kryptus,https://kryptus.com,Trusted Vendor,Commercial Vendor,Brazil,Active,2026-04-01,,,,https://search.gleif.org/#/search/entityName=Kryptus%20Solu%C3%A7%C3%B5es%20em%20TI%20Ltda.,,lei_pending_gleif_lookup,url_needs_review,url_authoritative,LEI lookup required: use GLEIF search link in gleif_url,,,active,,
VND-270,FENASBAC (Federation of Brazilian Banks),FENASBAC,https://fenasbac.com.br,Government / Standards Body,Government / Standards Body,Brazil,Active,2026-04-01,,,,,,lei_not_applicable,url_needs_review,missing,LEI not applicable: open-source project / government agency / non-profit consortium,,,active,,
VND-271,Sequre Quantum S.A.,Sequre Quantum,https://sequrequantum.com,Trusted Vendor,Commercial Vendor,Chile,Active,2026-04-01,,,,https://search.gleif.org/#/search/entityName=Sequre%20Quantum%20S.A.,,lei_pending_gleif_lookup,url_needs_review,url_authoritative,LEI lookup required: use GLEIF search link in gleif_url,,,active,,
VND-272,Government of Chile,Chile Govt,https://www.gob.cl,Government / Standards Body,Government / Standards Body,Chile,Active,2026-04-01,,,,,,lei_not_applicable,url_needs_review,missing,LEI not applicable: open-source project / government agency / non-profit consortium,,,active,,
VND-273,Telefonica S.A.,Telefonica,https://www.telefonica.com,Trusted Vendor,Commercial Vendor,Spain,Active,2026-04-01,9695009AMEFHIHLKE987,"TELEFONICA, S.A.",ACTIVE,https://search.gleif.org/#/record/9695009AMEFHIHLKE987,2026-05-06,lei_verified,url_needs_review,url_authoritative,,,,active,,
VND-274,Saudi Telecom Company (STC),STC,https://www.stc.com.sa,Trusted Vendor,Commercial Vendor,Saudi Arabia,Active,2026-04-01,529900YVWQ2LGAGFFL12,Saudi Telecom Company,ACTIVE,https://search.gleif.org/#/record/529900YVWQ2LGAGFFL12,2026-05-06,lei_verified,url_needs_review,url_authoritative,,,,active,,
VND-275,Emirates Telecommunications Group Company (e&),e&,https://eand.com,Trusted Vendor,Commercial Vendor,United Arab Emirates,Active,2026-04-01,4PQUHN3JPFGFNF3BB413,Emirates Telecommunications Group Company PJSC,ACTIVE,https://search.gleif.org/#/record/4PQUHN3JPFGFNF3BB413,2026-05-06,lei_verified,url_needs_review,url_authoritative,,,,active,,
VND-276,TUBITAK BILGEM (Turkey),TUBITAK BILGEM,https://en.bilgem.tubitak.gov.tr,Government / Standards Body,Government / Standards Body,Turkey,Active,2026-04-01,,,,https://search.gleif.org/#/search/entityName=TUBITAK%20BILGEM%20%28Turkey%29,,lei_pending_gleif_lookup,url_needs_review,url_authoritative,LEI lookup required: use GLEIF search link in gleif_url,,,active,,
VND-277,Turkcell Iletisim Hizmetleri A.S.,Turkcell,https://www.turkcell.com.tr,Trusted Vendor,Commercial Vendor,Turkey,Active,2026-04-01,789000NM7QSPF5U83S46,Turkcell İletişim Hizmetleri A.Ş.,ACTIVE,https://search.gleif.org/#/record/789000NM7QSPF5U83S46,2026-05-06,lei_verified,url_needs_review,url_authoritative,,,,active,,
VND-278,Hamad Bin Khalifa University (HBKU),HBKU,https://www.hbku.edu.qa,Research Project,Research Project,Qatar,Active,2026-04-01,,,,https://search.gleif.org/#/search/entityName=Hamad%20Bin%20Khalifa%20University%20%28HBKU%29,,lei_pending_gleif_lookup,url_needs_review,url_authoritative,LEI lookup required: use GLEIF search link in gleif_url,,,active,,
VND-279,African Institute for Mathematical Sciences (AIMS),AIMS,https://qla.aimsric.org,Research Project,Research Project,Pan-Africa,Active,2026-04-01,,,,,,lei_not_applicable,url_needs_review,missing,LEI not applicable: open-source project / government agency / non-profit consortium,,,active,,
VND-280,QuantumCTek Co. Ltd.,QuantumCTek,https://www.quantumctec.com,Trusted Vendor,Commercial Vendor,China,Active,2026-04-01,,,,https://search.gleif.org/#/search/entityName=QuantumCTek%20Co.%20Ltd.,,lei_pending_gleif_lookup,url_authoritative,url_authoritative,LEI lookup required: use GLEIF search link in gleif_url,,,active,,
VND-281,China Telecom Corporation Limited,China Telecom,https://www.chinatelecom-h.com,Trusted Vendor,Commercial Vendor,China,Active,2026-04-01,254900IQPUI40WQFZM96,CHINA TELECOM CORPORATION LIMITED,ACTIVE,https://search.gleif.org/#/record/254900IQPUI40WQFZM96,2026-05-06,lei_verified,url_needs_review,url_authoritative,,,,active,,
VND-282,ICCS China National Standards,ICCS China,https://www.sac.gov.cn,Government / Standards Body,Government / Standards Body,China,Active,2026-04-01,,,,https://search.gleif.org/#/search/entityName=ICCS%20China%20National%20Standards,,lei_pending_gleif_lookup,url_needs_review,url_authoritative,LEI lookup required: use GLEIF search link in gleif_url,,,active,,
VND-283,Toppan Inc.,Toppan,https://www.holdings.toppan.com,Trusted Vendor,Commercial Vendor,Japan,Active,2026-04-01,353800M0D20XNZDXJC93,Toppan Inc.,ACTIVE,https://search.gleif.org/#/record/353800M0D20XNZDXJC93,2026-05-06,lei_verified,url_needs_review,url_authoritative,,,,active,,
VND-284,Fujitsu Limited,Fujitsu,https://www.fujitsu.com,Trusted Vendor,Commercial Vendor,Japan,Active,2026-04-01,353800F8A17S5O41XH18,FUJITSU LIMITED,ACTIVE,https://search.gleif.org/#/record/353800F8A17S5O41XH18,2026-05-06,lei_verified,url_needs_review,url_authoritative,,,,active,,
VND-285,NEDO (New Energy and Industrial Technology Development Organization),NEDO,https://www.nedo.go.jp,Government / Standards Body,Government / Standards Body,Japan,Active,2026-04-01,,,,,,lei_not_applicable,url_needs_review,missing,LEI not applicable: open-source project / government agency / non-profit consortium,,,active,,
VND-286,Chelpis Quantum Corp.,Chelpis,https://www.chelpis.com,Trusted Vendor,Commercial Vendor,Taiwan,Active,2026-04-01,,,,https://search.gleif.org/#/search/entityName=Chelpis%20Quantum%20Corp.,,lei_pending_gleif_lookup,url_needs_review,url_authoritative,LEI lookup required: use GLEIF search link in gleif_url,,,active,,
VND-287,SECQAI Inc.,SECQAI,https://www.secqai.com,Trusted Vendor,Commercial Vendor,Taiwan,Active,2026-04-01,,,,https://search.gleif.org/#/search/entityName=SECQAI%20Inc.,,lei_pending_gleif_lookup,url_needs_review,url_authoritative,LEI lookup required: use GLEIF search link in gleif_url,,,active,,
VND-288,Taiwan QSMC Migration Center,QSMC Taiwan,https://www.qsmc.org,Government / Standards Body,Government / Standards Body,Taiwan,Active,2026-04-01,,,,,,lei_not_applicable,url_needs_review,missing,LEI not applicable: open-source project / government agency / non-profit consortium,,,active,,
VND-289,"NACSA (National Cyber Security Agency, Malaysia)",NACSA,https://www.cybersecurity.my,Government / Standards Body,Government / Standards Body,Malaysia,Active,2026-04-01,,,,,,lei_not_applicable,url_needs_review,missing,LEI not applicable: open-source project / government agency / non-profit consortium,,,active,,
VND-290,BSSN / BSN (Indonesia),BSSN Indonesia,https://bssn.go.id,Government / Standards Body,Government / Standards Body,Indonesia,Active,2026-04-01,,,,,,lei_not_applicable,url_authoritative,missing,LEI not applicable: open-source project / government agency / non-profit consortium,,,active,,
VND-291,Cybernetica AS,Cybernetica,https://cyber.ee,Trusted Vendor,Commercial Vendor,Estonia,Active,2026-04-01,,,,https://search.gleif.org/#/search/entityName=Cybernetica%20AS,,lei_pending_gleif_lookup,url_needs_review,url_authoritative,LEI lookup required: use GLEIF search link in gleif_url,,,active,,
VND-292,CyberSecurityHub.cz (Czech Republic),CyberSecHub CZ,https://www.cybersecurityhub.cz,Government / Standards Body,Government / Standards Body,Czech Republic,Active,2026-04-01,,,,https://search.gleif.org/#/search/entityName=CyberSecurityHub.cz%20%28Czech%20Republic%29,,lei_pending_gleif_lookup,url_needs_review,url_authoritative,LEI lookup required: use GLEIF search link in gleif_url,,,active,,
VND-293,PSNC (Poznan Supercomputing and Networking Center),PSNC,https://www.psnc.pl,Research Project,Research Project,Poland,Active,2026-04-01,,,,,,lei_not_applicable,url_needs_review,missing,LEI not applicable: open-source project / government agency / non-profit consortium,,,active,,
VND-294,Government of Spain,Spain Govt,https://www.lamoncloa.gob.es,Government / Standards Body,Government / Standards Body,Spain,Active,2026-04-01,,,,,,lei_not_applicable,url_needs_review,missing,LEI not applicable: open-source project / government agency / non-profit consortium,,,active,,
VND-295,IMDEA Networks Institute,IMDEA Networks,https://networks.imdea.org,Research Project,Research Project,Spain,Active,2026-04-01,,,,,,lei_not_applicable,url_needs_review,missing,LEI not applicable: open-source project / government agency / non-profit consortium,,,active,,
VND-296,Australian Signals Directorate (ASD),ASD Australia,https://www.cyber.gov.au,Government / Standards Body,Government / Standards Body,Australia,Active,2026-04-01,,,,,,lei_not_applicable,url_authoritative,missing,LEI not applicable: open-source project / government agency / non-profit consortium,acsc,,active,,
VND-297,Government Communications Security Bureau (GCSB) New Zealand,GCSB NZ,https://www.nzism.gcsb.govt.nz,Government / Standards Body,Government / Standards Body,New Zealand,Active,2026-04-01,,,,,,lei_not_applicable,url_needs_review,missing,LEI not applicable: open-source project / government agency / non-profit consortium,nzism,,active,,
VND-298,QApp (Russia),QApp,https://qapp.ru,Trusted Vendor,Commercial Vendor,Russia,Partial,2026-04-01,,,,https://search.gleif.org/#/search/entityName=QApp%20%28Russia%29,,lei_pending_gleif_lookup,url_authoritative,url_authoritative,LEI lookup required: use GLEIF search link in gleif_url,,,active,,
VND-299,ICS Holding / Kryptonite (Russia),Kryptonite Russia,https://postquantum.com,Trusted Vendor,Commercial Vendor,Russia,Active,2026-04-01,,,,https://search.gleif.org/#/search/entityName=ICS%20Holding%20/%20Kryptonite%20%28Russia%29,,lei_pending_gleif_lookup,url_needs_review,url_authoritative,LEI lookup required: use GLEIF search link in gleif_url,,,active,,
VND-300,EU NIS Cooperation Group,EU NIS Group,https://digital-strategy.ec.europa.eu,Government / Standards Body,Government / Standards Body,European Union,Active,2026-04-01,,,,,,lei_not_applicable,url_needs_review,missing,LEI not applicable: open-source project / government agency / non-profit consortium,ec,,active,,
VND-301,Bradesco S.A. (Banco Bradesco),Bradesco,https://banco.bradesco,Trusted Vendor,Commercial Vendor,Brazil,Partial,2026-04-01,A48GS2D9V1TSZ1VN8P57,BANCO BRADESCO S.A.,ACTIVE,https://search.gleif.org/#/record/A48GS2D9V1TSZ1VN8P57,2026-05-06,lei_verified,url_needs_review,url_authoritative,,,,active,,
VND-302,getsops (CNCF Sandbox),SOPS / getsops,https://github.com/getsops/sops,Open Source Community,Open Source Community,International,Yes,2026-04-16,,,,,,lei_not_applicable,url_authoritative,missing,LEI not applicable: open-source project / government agency / non-profit consortium,github,,active,,
VND-303,ASUSTOR Inc.,ASUSTOR,https://www.asustor.com,Trusted Vendor,Commercial Vendor,Taiwan,Pending,2026-05-01,,,,,,,,,,,,active,,
VND-304,"Akamai Technologies, Inc.",Akamai,https://www.akamai.com,Trusted Vendor,Commercial Vendor,United States,Active,2026-05-01,,,,,,,,,,,,active,,
VND-305,Applivery,Applivery,https://www.applivery.com,Trusted Vendor,Commercial Vendor,Spain,Pending,2026-05-01,,,,,,,,,,,,active,,
VND-306,Fraunhofer Institute for Secure Information Technology (Dyber Project),Dyber (Fraunhofer SIT),https://www.sit.fraunhofer.de,Research Institute,Research/Academic,Germany,Active,2026-05-01,,,,,,,,,,,,active,,
VND-307,ETAS GmbH (Robert Bosch subsidiary),ETAS (Bosch),https://www.etas.com,Trusted Vendor,Commercial Vendor,Germany,Active,2026-05-01,,,,,,,,,,,,active,,
VND-308,"Fastly, Inc.",Fastly,https://www.fastly.com,Trusted Vendor,Commercial Vendor,United States,Active,2026-05-01,,,,,,,,,,,,active,,
VND-309,"Forward Networks, Inc.",Forward Networks,https://www.forwardnetworks.com,Trusted Vendor,Commercial Vendor,United States,Pending,2026-05-01,,,,,,,,,,,,active,,
VND-310,Internxt SL,Internxt,https://internxt.com,Trusted Vendor,Commercial Vendor,Spain,Active,2026-05-01,,,,,,,,,,,,active,,
VND-311,"IronCore Labs, Inc.",IronCore Labs,https://ironcorelabs.com,Trusted Vendor,Commercial Vendor,United States,Active,2026-05-01,,,,,,,,,,,,active,,
VND-312,"Netskope, Inc.",Netskope,https://www.netskope.com,Trusted Vendor,Commercial Vendor,United States,Active,2026-05-01,,,,,,,,,,,,active,,
VND-313,OVH Groupe SA,OVHcloud,https://www.ovhcloud.com,Trusted Vendor,Commercial Vendor,France,Active,2026-05-01,,,,,,,,,,,,active,,
VND-314,Opera Limited,Opera,https://www.opera.com,Trusted Vendor,Commercial Vendor,Norway,Pending,2026-05-01,,,,,,,,,,,,active,,
VND-315,"PQSecure Technologies, Inc.",PQSecure Technologies,https://pqsecurity.com,Trusted Vendor,Commercial Vendor,United States,Active,2026-05-01,,,,,,,,,,,,active,,
VND-316,Postfix Project,Postfix Project,https://www.postfix.org,Open Source Community,Open Source Community,International,Active,2026-05-01,,,,,,,,,,,,active,,
VND-317,Prestige Systems,Prestige Systems,https://prestigesystems.com,Trusted Vendor,Commercial Vendor,International,Pending,2026-05-01,,,,,,,,,,,,active,,
VND-318,QANplatform,QANplatform,https://qanplatform.com,Trusted Vendor,Commercial Vendor,Hungary,Active,2026-05-01,,,,,,,,,,,,active,,
VND-319,QNu Labs Pvt. Ltd.,QNu Labs,https://www.qnulabs.com,Trusted Vendor,Commercial Vendor,India,Active,2026-05-01,,,,,,,,,,,,active,,
VND-320,Quantropi Inc.,Quantropi,https://www.quantropi.com,Trusted Vendor,Commercial Vendor,Canada,Active,2026-05-01,,,,,,,,,,,,active,,
VND-321,Rambus Inc.,Rambus,https://www.rambus.com,Trusted Vendor,Commercial Vendor,United States,Active,2026-05-01,,,,,,,,,,,,active,,
VND-322,Society for Worldwide Interbank Financial Telecommunication SC,SWIFT,https://www.swift.com,Trusted Vendor,Industry Body,Belgium,Active,2026-05-01,,,,,,,,,,swift,,active,,
VND-323,Session Technology Foundation,Session Technology Foundation,https://session.foundation,Open Source Community,Foundation,International,Active,2026-05-01,,,,,,,,,,,,active,,
VND-324,SignQuantum,SignQuantum,https://signquantum.com,Trusted Vendor,Commercial Vendor,International,Pending,2026-05-01,,,,,,,,,,,,active,,
VND-325,SimpleX Chat Ltd,SimpleX,https://simplex.chat,Trusted Vendor,Commercial Vendor,United Kingdom,Active,2026-05-01,,,,,,,,,,,,active,,
VND-326,Spherity GmbH,Spherity,https://spherity.com,Trusted Vendor,Commercial Vendor,Germany,Active,2026-05-01,,,,,,,,,,,,active,,
VND-327,Tailscale Inc.,Tailscale,https://tailscale.com,Trusted Vendor,Commercial Vendor,Canada,Active,2026-05-01,,,,,,,,,,,,active,,
VND-328,"TrustCloud, Inc.",TrustCloud,https://www.trustcloud.ai,Trusted Vendor,Commercial Vendor,United States,Pending,2026-05-01,,,,,,,,,,,,active,,
VND-329,"Versa Networks, Inc.",Versa Networks,https://versa-networks.com,Trusted Vendor,Commercial Vendor,United States,Active,2026-05-01,,,,,,,,,,,,active,,
VND-330,WinSCP Project (Martin Prikryl),WinSCP,https://winscp.net,Open Source Community,Open Source Community,Czech Republic,Active,2026-05-01,,,,,,,,,,,,active,,
VND-331,"ZeroTier, Inc.",ZeroTier,https://www.zerotier.com,Trusted Vendor,Commercial Vendor,United States,Active,2026-05-01,,,,,,,,,,,,active,,
VND-332,Backbone HQ,backbone-hq,https://backbone.hq,Trusted Vendor,Commercial Vendor,International,Pending,2026-05-01,,,,,,,,,,,,active,,
VND-333,6WIND SA,6WIND,https://www.6wind.com,Trusted Vendor,Commercial Vendor,France,Active,2026-05-01,,,,,,,,,,,,active,,
VND-334,Advanced Technology Research Council,ATRC,https://www.atrc.ae,Research Institute,Research/Academic,United Arab Emirates,Active,2026-05-01,,,,,,,,,,,,active,,
VND-335,ByteDance Ltd.,ByteDance,https://www.bytedance.com,Trusted Vendor,Commercial Vendor,China,Pending,2026-05-01,,,,,,,,,,,,active,,
VND-336,Cybersecurity and Infrastructure Security Agency,CISA,https://www.cisa.gov,Government Agency,Government Agency,United States,Active,2026-05-01,,,,,,,,,,cisa,,active,,
VND-337,IBM Research,IBM Research,https://research.ibm.com,Research Institute,Research/Academic,United States,Active,2026-05-01,,,,,,,,,,ibm-research,,active,,
VND-338,Inturai,Inturai,https://inturai.com,Trusted Vendor,Commercial Vendor,International,Pending,2026-05-01,,,,,,,,,,,,active,,
VND-339,Landis+Gyr Group AG,Landis+Gyr,https://www.landisgyr.com,Trusted Vendor,Commercial Vendor,Switzerland,Active,2026-05-01,,,,,,,,,,,,active,,
VND-340,MTG AG,MTG AG,https://www.mtg.de,Trusted Vendor,Commercial Vendor,Germany,Active,2026-05-01,,,,,,,,,,,,active,,
VND-341,Mastercard Incorporated,Mastercard,https://www.mastercard.com,Trusted Vendor,Commercial Vendor,United States,Active,2026-05-01,,,,,,,,,,,,active,,
VND-342,Mozilla Corporation,Mozilla,https://www.mozilla.org,Open Source Community,Foundation,United States,Active,2026-05-01,,,,,,,,,,mozilla,,active,,
VND-343,National Institute of Information and Communications Technology,NICT,https://www.nict.go.jp,Government Agency,Government Agency,Japan,Active,2026-05-01,,,,,,,,,,,,active,,
VND-344,PQ Station,PQ Station,https://pqstation.com,Trusted Vendor,Commercial Vendor,International,Pending,2026-05-01,,,,,,,,,,pqstation,,active,,
VND-345,PacketLight Networks Ltd.,PacketLight Networks,https://www.packetlight.com,Trusted Vendor,Commercial Vendor,Israel,Active,2026-05-01,,,,,,,,,,,,active,,
VND-346,Post-Quantum Ltd,Post-Quantum,https://www.post-quantum.com,Trusted Vendor,Commercial Vendor,United Kingdom,Active,2026-05-01,,,,,,,,,,,,active,,
VND-347,Renesas Electronics Corporation,Renesas,https://www.renesas.com,Trusted Vendor,Commercial Vendor,Japan,Active,2026-05-01,,,,,,,,,,,,active,,
VND-348,"SK Telecom Co., Ltd.",SK Telecom,https://www.sktelecom.com,Trusted Vendor,Commercial Vendor,South Korea,Active,2026-05-01,,,,,,,,,,,,active,,
VND-349,SRD Wireless Pte Ltd,SRD Wireless,https://srdwireless.com,Trusted Vendor,Commercial Vendor,Singapore,Pending,2026-05-01,,,,,,,,,,,,active,,
VND-350,STV Group a.s.,STV Group,https://www.stvgroup.cz,Trusted Vendor,Commercial Vendor,Czech Republic,Pending,2026-05-01,,,,,,,,,,,,active,,
VND-351,SatoshiLabs s.r.o.,SatoshiLabs,https://satoshilabs.com,Trusted Vendor,Commercial Vendor,Czech Republic,Active,2026-05-01,,,,,,,,,,satoshilabs,,active,,
VND-352,TOPPAN Digital Inc.,TOPPAN Digital,https://www.toppan.com,Trusted Vendor,Commercial Vendor,Japan,Active,2026-05-01,,,,,,,,,,,,active,,
VND-353,Threema GmbH,Threema AG,https://threema.ch,Trusted Vendor,Commercial Vendor,Switzerland,Active,2026-05-01,,,,,,,,,,,,active,,
VND-354,TikTok Pte. Ltd.,TikTok,https://www.tiktok.com,Trusted Vendor,Commercial Vendor,Singapore,Pending,2026-05-01,,,,,,,,,,,,active,,
VND-355,Trezor Company s.r.o.,Trezor,https://trezor.io,Trusted Vendor,Commercial Vendor,Czech Republic,Active,2026-05-01,,,,,,,,,,,,active,,
VND-356,Veridify Security Inc.,Veridify Security,https://www.veridify.com,Trusted Vendor,Commercial Vendor,United States,Active,2026-05-01,,,,,,,,,,,,active,,
VND-163,Imperva Inc.,Imperva,https://imperva.com,Trusted Vendor,Commercial Vendor,US,None,2026-03-26,,,,,,,,,,,,active,,restored from archive 2026-03-26
